#
# There is insufficient memory for the Java Runtime Environment to continue.
# Native memory allocation (mmap) failed to map 65536 bytes. Error detail: Failed to commit metaspace.
# Possible reasons:
#   The system is out of physical RAM or swap space
#   This process is running with CompressedOops enabled, and the Java Heap may be blocking the growth of the native heap
# Possible solutions:
#   Reduce memory load on the system
#   Increase physical memory or swap space
#   Check if swap backing store is full
#   Decrease Java heap size (-Xmx/-Xms)
#
#  , pid=37272
#
# No core dump will be written. Minidumps are not enabled by default on client versions of Windows
#

---------------  S U M M A R Y ------------

Command Line: --add-opens=java.base/java.lang=ALL-UNNAMED --add-opens=java.base/java.lang.invoke=ALL-UNNAMED --add-opens=java.base/java.util=ALL-UNNAMED --add-opens=java.prefs/java.util.prefs=ALL-UNNAMED --add-exports=jdk.compiler/com.sun.tools.javac.api=ALL-UNNAMED --add-exports=jdk.compiler/com.sun.tools.javac.util=ALL-UNNAMED --add-opens=java.base/java.util=ALL-UNNAMED --add-opens=java.prefs/java.util.prefs=ALL-UNNAMED --add-opens=java.base/java.nio.charset=ALL-UNNAMED --add-opens=java.base/java.net=ALL-UNNAMED --add-opens=java.base/java.util.concurrent.atomic=ALL-UNNAMED --add-opens=java.xml/javax.xml.namespace=ALL-UNNAMED -XX:MaxMetaspaceSize=2G -XX:+HeapDumpOnOutOfMemoryError -Xmx4G -Dfile.encoding=UTF-8 -Duser.country=IN -Duser.language=en -Duser.variant -javaagent:C:\Users\avipa\.gradle\wrapper\dists\gradle-8.12-all\ejduaidbjup3bmmkhw3rie4zb\gradle-8.12\lib\agents\gradle-instrumentation-agent-8.12.jar org.gradle.launcher.daemon.bootstrap.GradleDaemon 8.12

Host: AMD Ryzen 7 7435HS                             , 16 cores, 15G,  Windows 11 , 64 bit Build 26100 (10.0.26100.8246)
Time: Wed May 27 16:01:51 2026 India Standard Time elapsed time: 455.723336 seconds (0d 0h 7m 35s)

---------------  T H R E A D  ---------------

Current thread (0x000001e3236ec770):  JavaThread "WorkerExecutor Queue Thread 8"        [_thread_in_vm, id=41884, stack(0x0000008b85f00000,0x0000008b86000000) (1024K)]

Stack: [0x0000008b85f00000,0x0000008b86000000]
Native frames: (J=compiled Java code, j=interpreted, Vv=VM code, C=native code)
V  [jvm.dll+0x6d68d9]
V  [jvm.dll+0x866693]
V  [jvm.dll+0x868c4e]
V  [jvm.dll+0x869333]
V  [jvm.dll+0x280566]
V  [jvm.dll+0x86155e]
V  [jvm.dll+0x679fd5]
V  [jvm.dll+0x1e45d1]
V  [jvm.dll+0x1e439e]
V  [jvm.dll+0x67c928]
V  [jvm.dll+0x67c762]
V  [jvm.dll+0x67a9ce]
V  [jvm.dll+0x26b0ff]
V  [jvm.dll+0x6849b5]
V  [jvm.dll+0x21633c]
V  [jvm.dll+0x216885]
V  [jvm.dll+0x217266]
V  [jvm.dll+0x20c21a]
V  [jvm.dll+0x5b72a5]
V  [jvm.dll+0x7de6a3]
V  [jvm.dll+0x7de7eb]
V  [jvm.dll+0x4725b7]
V  [jvm.dll+0x477f08]
C  [java.dll+0x17ec]

Java frames: (J=compiled Java code, j=interpreted, Vv=VM code)
J 911  java.lang.ClassLoader.defineClass1(Ljava/lang/ClassLoader;Ljava/lang/String;[BIILjava/security/ProtectionDomain;Ljava/lang/String;)Ljava/lang/Class; java.base@21.0.8 (0 bytes) @ 0x000001e378a38e91 [0x000001e378a38dc0+0x00000000000000d1]
J 84759 c1 java.lang.ClassLoader.defineClass(Ljava/lang/String;[BIILjava/security/ProtectionDomain;)Ljava/lang/Class; java.base@21.0.8 (43 bytes) @ 0x000001e3720c437c [0x000001e3720c4020+0x000000000000035c]
J 69310 c2 java.net.URLClassLoader.defineClass(Ljava/lang/String;Ljdk/internal/loader/Resource;)Ljava/lang/Class; java.base@21.0.8 (224 bytes) @ 0x000001e37980a0d4 [0x000001e379809500+0x0000000000000bd4]
J 31993 c2 java.net.URLClassLoader$1.run()Ljava/lang/Class; java.base@21.0.8 (81 bytes) @ 0x000001e3796ee670 [0x000001e3796edf80+0x00000000000006f0]
J 10869 c2 java.net.URLClassLoader.findClass(Ljava/lang/String;)Ljava/lang/Class; java.base@21.0.8 (47 bytes) @ 0x000001e378b0dba8 [0x000001e378b0dae0+0x00000000000000c8]
J 63265 c2 java.lang.ClassLoader.loadClass(Ljava/lang/String;Z)Ljava/lang/Class; java.base@21.0.8 (121 bytes) @ 0x000001e378fd2f70 [0x000001e378fd2a40+0x0000000000000530]
J 3695 c2 java.lang.ClassLoader.loadClass(Ljava/lang/String;)Ljava/lang/Class; java.base@21.0.8 (7 bytes) @ 0x000001e378a1aa6c [0x000001e378a1aa20+0x000000000000004c]
v  ~StubRoutines::call_stub 0x000001e37829100d
J 911  java.lang.ClassLoader.defineClass1(Ljava/lang/ClassLoader;Ljava/lang/String;[BIILjava/security/ProtectionDomain;Ljava/lang/String;)Ljava/lang/Class; java.base@21.0.8 (0 bytes) @ 0x000001e378a38e91 [0x000001e378a38dc0+0x00000000000000d1]
J 84759 c1 java.lang.ClassLoader.defineClass(Ljava/lang/String;[BIILjava/security/ProtectionDomain;)Ljava/lang/Class; java.base@21.0.8 (43 bytes) @ 0x000001e3720c437c [0x000001e3720c4020+0x000000000000035c]
J 69310 c2 java.net.URLClassLoader.defineClass(Ljava/lang/String;Ljdk/internal/loader/Resource;)Ljava/lang/Class; java.base@21.0.8 (224 bytes) @ 0x000001e37980a0d4 [0x000001e379809500+0x0000000000000bd4]
J 31993 c2 java.net.URLClassLoader$1.run()Ljava/lang/Class; java.base@21.0.8 (81 bytes) @ 0x000001e3796ee670 [0x000001e3796edf80+0x00000000000006f0]
J 10869 c2 java.net.URLClassLoader.findClass(Ljava/lang/String;)Ljava/lang/Class; java.base@21.0.8 (47 bytes) @ 0x000001e378b0dba8 [0x000001e378b0dae0+0x00000000000000c8]
J 63265 c2 java.lang.ClassLoader.loadClass(Ljava/lang/String;Z)Ljava/lang/Class; java.base@21.0.8 (121 bytes) @ 0x000001e378fd2f70 [0x000001e378fd2a40+0x0000000000000530]
J 3695 c2 java.lang.ClassLoader.loadClass(Ljava/lang/String;)Ljava/lang/Class; java.base@21.0.8 (7 bytes) @ 0x000001e378a1aa6c [0x000001e378a1aa20+0x000000000000004c]
v  ~StubRoutines::call_stub 0x000001e37829100d
J 911  java.lang.ClassLoader.defineClass1(Ljava/lang/ClassLoader;Ljava/lang/String;[BIILjava/security/ProtectionDomain;Ljava/lang/String;)Ljava/lang/Class; java.base@21.0.8 (0 bytes) @ 0x000001e378a38e91 [0x000001e378a38dc0+0x00000000000000d1]
J 84759 c1 java.lang.ClassLoader.defineClass(Ljava/lang/String;[BIILjava/security/ProtectionDomain;)Ljava/lang/Class; java.base@21.0.8 (43 bytes) @ 0x000001e3720c437c [0x000001e3720c4020+0x000000000000035c]
J 69310 c2 java.net.URLClassLoader.defineClass(Ljava/lang/String;Ljdk/internal/loader/Resource;)Ljava/lang/Class; java.base@21.0.8 (224 bytes) @ 0x000001e37980a0d4 [0x000001e379809500+0x0000000000000bd4]
J 31993 c2 java.net.URLClassLoader$1.run()Ljava/lang/Class; java.base@21.0.8 (81 bytes) @ 0x000001e3796ee670 [0x000001e3796edf80+0x00000000000006f0]
J 10869 c2 java.net.URLClassLoader.findClass(Ljava/lang/String;)Ljava/lang/Class; java.base@21.0.8 (47 bytes) @ 0x000001e378b0dba8 [0x000001e378b0dae0+0x00000000000000c8]
J 63265 c2 java.lang.ClassLoader.loadClass(Ljava/lang/String;Z)Ljava/lang/Class; java.base@21.0.8 (121 bytes) @ 0x000001e378fd2f70 [0x000001e378fd2a40+0x0000000000000530]
J 3695 c2 java.lang.ClassLoader.loadClass(Ljava/lang/String;)Ljava/lang/Class; java.base@21.0.8 (7 bytes) @ 0x000001e378a1aa6c [0x000001e378a1aa20+0x000000000000004c]
v  ~StubRoutines::call_stub 0x000001e37829100d
j  com.intellij.core.CoreApplicationEnvironment.<init>(Lcom/intellij/openapi/Disposable;Z)V+103
j  com.intellij.core.JavaCoreApplicationEnvironment.<init>(Lcom/intellij/openapi/Disposable;Z)V+11
j  org.jetbrains.kotlin.cli.jvm.compiler.KotlinCoreApplicationEnvironment.<init>(Lcom/intellij/openapi/Disposable;Lorg/jetbrains/kotlin/cli/jvm/compiler/KotlinCoreApplicationEnvironmentMode;)V+9
j  org.jetbrains.kotlin.cli.jvm.compiler.KotlinCoreApplicationEnvironment.<init>(Lcom/intellij/openapi/Disposable;Lorg/jetbrains/kotlin/cli/jvm/compiler/KotlinCoreApplicationEnvironmentMode;Lkotlin/jvm/internal/DefaultConstructorMarker;)V+3
j  org.jetbrains.kotlin.cli.jvm.compiler.KotlinCoreApplicationEnvironment$Companion.create(Lcom/intellij/openapi/Disposable;Lorg/jetbrains/kotlin/cli/jvm/compiler/KotlinCoreApplicationEnvironmentMode;)Lorg/jetbrains/kotlin/cli/jvm/compiler/KotlinCoreApplicationEnvironment;+19
j  org.jetbrains.kotlin.cli.jvm.compiler.KotlinCoreEnvironment$Companion.createApplicationEnvironment(Lcom/intellij/openapi/Disposable;Lorg/jetbrains/kotlin/config/CompilerConfiguration;Lorg/jetbrains/kotlin/cli/jvm/compiler/KotlinCoreApplicationEnvironmentMode;)Lorg/jetbrains/kotlin/cli/jvm/compiler/KotlinCoreApplicationEnvironment;+5
j  org.jetbrains.kotlin.cli.jvm.compiler.KotlinCoreEnvironment$Companion.getOrCreateApplicationEnvironment(Lcom/intellij/openapi/Disposable;Lorg/jetbrains/kotlin/config/CompilerConfiguration;Lorg/jetbrains/kotlin/cli/jvm/compiler/KotlinCoreApplicationEnvironmentMode;)Lorg/jetbrains/kotlin/cli/jvm/compiler/KotlinCoreApplicationEnvironment;+61
j  org.jetbrains.kotlin.cli.jvm.compiler.KotlinCoreEnvironment$Companion.getOrCreateApplicationEnvironmentForProduction(Lcom/intellij/openapi/Disposable;Lorg/jetbrains/kotlin/config/CompilerConfiguration;)Lorg/jetbrains/kotlin/cli/jvm/compiler/KotlinCoreApplicationEnvironment;+21
j  org.jetbrains.kotlin.cli.jvm.compiler.KotlinCoreEnvironment$Companion.createForProduction(Lcom/intellij/openapi/Disposable;Lorg/jetbrains/kotlin/config/CompilerConfiguration;Lorg/jetbrains/kotlin/cli/jvm/compiler/EnvironmentConfigFiles;)Lorg/jetbrains/kotlin/cli/jvm/compiler/KotlinCoreEnvironment;+24
j  com.android.tools.lint.Fe10UastEnvironmentKt.createKotlinCompilerEnv(Lcom/intellij/openapi/Disposable;Lcom/android/tools/lint/Fe10UastEnvironment$Configuration;)Lorg/jetbrains/kotlin/cli/jvm/compiler/KotlinCoreEnvironment;+11
j  com.android.tools.lint.Fe10UastEnvironmentKt.access$createKotlinCompilerEnv(Lcom/intellij/openapi/Disposable;Lcom/android/tools/lint/Fe10UastEnvironment$Configuration;)Lorg/jetbrains/kotlin/cli/jvm/compiler/KotlinCoreEnvironment;+2
j  com.android.tools.lint.Fe10UastEnvironment$Companion.create(Lcom/android/tools/lint/Fe10UastEnvironment$Configuration;)Lcom/android/tools/lint/Fe10UastEnvironment;+20
j  com.android.tools.lint.UastEnvironment$Companion.create(Lcom/android/tools/lint/UastEnvironment$Configuration;)Lcom/android/tools/lint/UastEnvironment;+45
j  com.android.tools.lint.UastEnvironment.create(Lcom/android/tools/lint/UastEnvironment$Configuration;)Lcom/android/tools/lint/UastEnvironment;+4
j  com.android.tools.lint.annotations.ExtractAnnotationsDriver.run([Ljava/lang/String;)I+1569
j  java.lang.invoke.DirectMethodHandle$Holder.invokeVirtual(Ljava/lang/Object;Ljava/lang/Object;Ljava/lang/Object;)I+11 java.base@21.0.8
j  java.lang.invoke.LambdaForm$MH+0x000000080231a800.invoke(Ljava/lang/Object;Ljava/lang/Object;Ljava/lang/Object;)Ljava/lang/Object;+52 java.base@21.0.8
J 49641 c2 java.lang.reflect.Method.invoke(Ljava/lang/Object;[Ljava/lang/Object;)Ljava/lang/Object; java.base@21.0.8 (108 bytes) @ 0x000001e379f41e4c [0x000001e379f408a0+0x00000000000015ac]
j  com.android.build.gradle.internal.lint.AndroidLintWorkAction.invokeLintMainRunMethod(Ljava/lang/ClassLoader;Ljava/util/List;)I+104
j  com.android.build.gradle.internal.lint.AndroidLintWorkAction.runLint(Ljava/util/List;Z)I+60
j  com.android.build.gradle.internal.lint.AndroidLintWorkAction.execute()V+148
j  org.gradle.workers.internal.DefaultWorkerServer.execute(Lorg/gradle/workers/internal/SimpleActionExecutionSpec;)Lorg/gradle/workers/internal/DefaultWorkResult;+128
J 83686 c1 org.gradle.workers.internal.NoIsolationWorkerFactory$1$1.create()Ljava/lang/Object; (5 bytes) @ 0x000001e372aa7d24 [0x000001e372aa7b60+0x00000000000001c4]
j  org.gradle.internal.classloader.ClassLoaderUtils.executeInClassloader(Ljava/lang/ClassLoader;Lorg/gradle/internal/Factory;)Ljava/lang/Object;+15
J 83668 c1 org.gradle.workers.internal.NoIsolationWorkerFactory$1.lambda$execute$0(Ljava/lang/ClassLoader;Lorg/gradle/workers/WorkerExecutor;Lorg/gradle/workers/internal/IsolatedParametersActionExecutionSpec;)Lorg/gradle/workers/internal/DefaultWorkResult; (41 bytes) @ 0x000001e371bc9fac [0x000001e371bc9e00+0x00000000000001ac]
J 83666 c1 org.gradle.workers.internal.AbstractWorker$1.call(Lorg/gradle/internal/operations/BuildOperationContext;)Lorg/gradle/workers/internal/DefaultWorkResult; (35 bytes) @ 0x000001e3749aa13c [0x000001e3749aa000+0x000000000000013c]
j  org.gradle.workers.internal.AbstractWorker$1.call(Lorg/gradle/internal/operations/BuildOperationContext;)Ljava/lang/Object;+2
J 38537 c2 org.gradle.internal.operations.DefaultBuildOperationRunner$CallableBuildOperationWorker.execute(Lorg/gradle/internal/operations/BuildOperation;Lorg/gradle/internal/operations/BuildOperationContext;)V (10 bytes) @ 0x000001e378a2a19c [0x000001e378a2a120+0x000000000000007c]
J 38512 c2 org.gradle.internal.operations.DefaultBuildOperationRunner.execute(Lorg/gradle/internal/operations/BuildOperation;Lorg/gradle/internal/operations/BuildOperationWorker;Lorg/gradle/internal/operations/BuildOperationState;)V (23 bytes) @ 0x000001e37991fdc8 [0x000001e37991ef00+0x0000000000000ec8]
J 38540 c2 org.gradle.internal.operations.DefaultBuildOperationRunner.call(Lorg/gradle/internal/operations/CallableBuildOperation;)Ljava/lang/Object; (24 bytes) @ 0x000001e378a941b4 [0x000001e378a94060+0x0000000000000154]
j  org.gradle.workers.internal.AbstractWorker.executeWrappedInBuildOperation(Lorg/gradle/workers/internal/IsolatedParametersActionExecutionSpec;Lorg/gradle/internal/operations/BuildOperationRef;Lorg/gradle/workers/internal/AbstractWorker$Work;)Lorg/gradle/workers/internal/DefaultWorkResult;+15
j  org.gradle.workers.internal.NoIsolationWorkerFactory$1.execute(Lorg/gradle/workers/internal/IsolatedParametersActionExecutionSpec;Lorg/gradle/internal/operations/BuildOperationRef;)Lorg/gradle/workers/internal/DefaultWorkResult;+17
J 83647 c1 org.gradle.workers.internal.DefaultWorkerExecutor.lambda$submitWork$0(Lorg/gradle/workers/internal/WorkerFactory;Lorg/gradle/workers/internal/WorkerRequirement;Lorg/gradle/workers/internal/IsolatedParametersActionExecutionSpec;Lorg/gradle/internal/operations/BuildOperationRef;)Lorg/gradle/workers/internal/DefaultWorkResult; (35 bytes) @ 0x000001e373c6aa6c [0x000001e373c6a900+0x000000000000016c]
J 83646 c1 org.gradle.workers.internal.DefaultWorkerExecutor$$Lambda+0x0000000801683a70.call()Ljava/lang/Object; (20 bytes) @ 0x000001e37492b6ec [0x000001e37492b640+0x00000000000000ac]
J 72062 c2 java.util.concurrent.FutureTask.run()V java.base@21.0.8 (123 bytes) @ 0x000001e378edad5c [0x000001e378edaaa0+0x00000000000002bc]
J 83929 c1 org.gradle.internal.work.DefaultConditionalExecutionQueue$ExecutionRunner$1.run()V (29 bytes) @ 0x000001e3730daa24 [0x000001e3730da780+0x00000000000002a4]
J 68821 c1 org.gradle.internal.Factories$1.create()Ljava/lang/Object; (11 bytes) @ 0x000001e372d33e54 [0x000001e372d33d40+0x0000000000000114]
J 37645 c1 org.gradle.internal.work.DefaultWorkerLeaseService.withLocks(Ljava/util/Collection;Lorg/gradle/internal/Factory;)Ljava/lang/Object; (53 bytes) @ 0x000001e373f71fdc [0x000001e373f71b60+0x000000000000047c]
J 54018 c1 org.gradle.internal.work.DefaultWorkerLeaseService.runAsWorkerThread(Lorg/gradle/internal/Factory;)Ljava/lang/Object; (37 bytes) @ 0x000001e3728c928c [0x000001e3728c8ce0+0x00000000000005ac]
J 83926 c1 org.gradle.internal.work.DefaultConditionalExecutionQueue$ExecutionRunner.runBatch(Lorg/gradle/internal/work/ConditionalExecution;)V (22 bytes) @ 0x000001e371b25314 [0x000001e371b24f80+0x0000000000000394]
j  org.gradle.internal.work.DefaultConditionalExecutionQueue$ExecutionRunner.run()V+11
J 21329 c1 java.util.concurrent.Executors$RunnableAdapter.call()Ljava/lang/Object; java.base@21.0.8 (14 bytes) @ 0x000001e3727e915c [0x000001e3727e9040+0x000000000000011c]
J 72062 c2 java.util.concurrent.FutureTask.run()V java.base@21.0.8 (123 bytes) @ 0x000001e378edad5c [0x000001e378edaaa0+0x00000000000002bc]
J 35650 c2 org.gradle.internal.concurrent.ExecutorPolicy$CatchAndRecordFailures.onExecute(Ljava/lang/Runnable;)V (29 bytes) @ 0x000001e379a4bd94 [0x000001e379a4bd40+0x0000000000000054]
J 21153 c1 org.gradle.internal.concurrent.AbstractManagedExecutor$1.run()V (57 bytes) @ 0x000001e3717579fc [0x000001e371757820+0x00000000000001dc]
J 60586 c1 java.util.concurrent.ThreadPoolExecutor.runWorker(Ljava/util/concurrent/ThreadPoolExecutor$Worker;)V java.base@21.0.8 (187 bytes) @ 0x000001e37118acd4 [0x000001e37118a340+0x0000000000000994]
j  java.util.concurrent.ThreadPoolExecutor$Worker.run()V+5 java.base@21.0.8
j  java.lang.Thread.runWith(Ljava/lang/Object;Ljava/lang/Runnable;)V+5 java.base@21.0.8
j  java.lang.Thread.run()V+19 java.base@21.0.8
v  ~StubRoutines::call_stub 0x000001e37829100d

Compiled method (n/a) 455777  911     n 0       java.lang.ClassLoader::defineClass1 (native)
 total in heap  [0x000001e378a38c10,0x000001e378a39270] = 1632
 relocation     [0x000001e378a38d70,0x000001e378a38da8] = 56
 main code      [0x000001e378a38dc0,0x000001e378a3926f] = 1199
 stub code      [0x000001e378a3926f,0x000001e378a39270] = 1

[Constant Pool (empty)]

[MachCode]
[Entry Point]
  # {method} {0x000001e309025088} 'defineClass1' '(Ljava/lang/ClassLoader;Ljava/lang/String;[BIILjava/security/ProtectionDomain;Ljava/lang/String;)Ljava/lang/Class;' in 'java/lang/ClassLoader'
  # parm0:    rdx:rdx   = 'java/lang/ClassLoader'
  # parm1:    r8:r8     = 'java/lang/String'
  # parm2:    r9:r9     = '[B'
  # parm3:    rdi       = int
  # parm4:    rsi       = int
  # parm5:    rcx:rcx   = 'java/security/ProtectionDomain'
  # parm6:    [sp+0xa0]   = 'java/lang/String'  (sp of caller)
  0x000001e378a38dc0: 448b 5208 | 49bb 0000 | 0000 0800 | 0000 4d03 | d349 3bc2 | 0f84 0600 

  0x000001e378a38dd8: ;   {runtime_call ic_miss_stub}
  0x000001e378a38dd8: 0000 e9a1 | 598a ff90 
[Verified Entry Point]
  0x000001e378a38de0: 8984 2400 | 80ff ff55 | 488b ec48 | 81ec 9000 | 0000 6690 | 4181 7f20 | 8800 0000 

  0x000001e378a38dfc: ;   {runtime_call StubRoutines (final stubs)}
  0x000001e378a38dfc: 7405 e85d | 0d89 ff48 | 837d 1000 | 488d 4510 | 480f 4445 | 1048 8944 | 2440 4889 | 4c24 7048 
  0x000001e378a38e1c: 83f9 0048 | 8d44 2470 | 480f 4444 | 2470 4889 | 4424 3848 | 8974 2430 | 4889 7c24 | 284c 894c 
  0x000001e378a38e3c: 2458 4983 | f900 488d | 4424 5848 | 0f44 4424 | 5848 8944 | 2420 4c89 | 4424 5049 | 83f8 004c 
  0x000001e378a38e5c: 8d4c 2450 | 4c0f 444c | 2450 4889 | 5424 4848 | 83fa 004c | 8d44 2448 | 4c0f 4444 

  0x000001e378a38e78: ;   {oop(a 'java/lang/Class'{0x00000007005d1040} = 'java/lang/ClassLoader')}
  0x000001e378a38e78: 2448 49be | 4010 5d00 | 0700 0000 | 4c89 7424 | 784c 8d74 | 2478 498b | d6c5 f877 

  0x000001e378a38e94: ;   {internal_word}
  0x000001e378a38e94: 49ba 918e | a378 e301 | 0000 4d89 | 97a0 0300 | 0049 89a7 | 9803 0000 

  0x000001e378a38eac: ;   {external_word}
  0x000001e378a38eac: 49ba 18fa | 3bec fb7f | 0000 4180 | 3a00 0f84 | 4e00 0000 | 5241 5041 

  0x000001e378a38ec4: ;   {metadata({method} {0x000001e309025088} 'defineClass1' '(Ljava/lang/ClassLoader;Ljava/lang/String;[BIILjava/security/ProtectionDomain;Ljava/lang/String;)Ljava/lang/Class;' in 'java/lang/ClassLoader')}
  0x000001e378a38ec4: 5148 ba80 | 5002 09e3 | 0100 0049 | 8bcf 4883 | ec20 40f6 | c40f 0f84 | 1900 0000 | 4883 ec08 
  0x000001e378a38ee4: ;   {runtime_call}
  0x000001e378a38ee4: 48b8 90d7 | f5eb fb7f | 0000 ffd0 | 4883 c408 | e90c 0000 

  0x000001e378a38ef8: ;   {runtime_call}
  0x000001e378a38ef8: 0048 b890 | d7f5 ebfb | 7f00 00ff | d048 83c4 | 2041 5941 | 585a 498d | 8fb8 0300 | 0041 c787 
  0x000001e378a38f18: 4404 0000 | 0400 0000 

  0x000001e378a38f20: ;   {runtime_call}
  0x000001e378a38f20: 48b8 ac16 | 4086 fc7f | 0000 ffd0 | c5f8 7741 | c787 4404 | 0000 0500 | 0000 f083 | 4424 c000 
  0x000001e378a38f40: 493b af48 | 0400 000f | 870e 0000 | 0041 83bf | 4004 0000 | 000f 842b | 0000 00c5 | f877 4889 
  0x000001e378a38f60: 45f8 498b | cf4c 8be4 | 4883 ec20 | 4883 e4f0 

  0x000001e378a38f70: ;   {runtime_call}
  0x000001e378a38f70: 48b8 2014 | c1eb fb7f | 0000 ffd0 | 498b e44d | 33e4 488b | 45f8 41c7 | 8744 0400 | 0008 0000 
  0x000001e378a38f90: 0041 83bf | c004 0000 | 020f 84a3 

  0x000001e378a38f9c: ;   {external_word}
  0x000001e378a38f9c: 0200 0049 | ba18 fa3b | ecfb 7f00 | 0041 803a | 000f 844c | 0000 0048 

  0x000001e378a38fb4: ;   {metadata({method} {0x000001e309025088} 'defineClass1' '(Ljava/lang/ClassLoader;Ljava/lang/String;[BIILjava/security/ProtectionDomain;Ljava/lang/String;)Ljava/lang/Class;' in 'java/lang/ClassLoader')}
  0x000001e378a38fb4: 8945 f848 | ba80 5002 | 09e3 0100 | 0049 8bcf | 4883 ec20 | 40f6 c40f | 0f84 1900 | 0000 4883 
  0x000001e378a38fd4: ;   {runtime_call}
  0x000001e378a38fd4: ec08 48b8 | 90d7 f5eb | fb7f 0000 | ffd0 4883 | c408 e90c 

  0x000001e378a38fe8: ;   {runtime_call}
  0x000001e378a38fe8: 0000 0048 | b890 d7f5 | ebfb 7f00 | 00ff d048 | 83c4 2048 | 8b45 f849 | c787 9803 | 0000 0000 
  0x000001e378a39008: 0000 49c7 | 87a0 0300 | 0000 0000 | 00c5 f877 | 4885 c00f | 84fe 0100 | 00a8 030f | 8508 0000 
  0x000001e378a39028: 0048 8b00 | e9ee 0100 | 00a8 010f | 8509 0000 | 0048 8b40 | fee9 dd01 | 0000 488b | 40ff 4180 
  0x000001e378a39048: 7f40 000f | 84ce 0100 | 0048 83f8 | 000f 84c4 | 0100 0049 | 8b4f 2848 | 83f9 000f | 8414 0000 
  0x000001e378a39068: 0048 83e9 | 0849 894f | 2849 034f | 3848 8901 | e9a2 0100 | 0048 81ec | d000 0000 | 4889 0424 
  0x000001e378a39088: 4889 4c24 | 0848 8954 | 2410 4889 | 7424 1848 | 897c 2420 | 4c89 4424 | 284c 894c | 2430 4c89 
  0x000001e378a390a8: 5424 384c | 895c 2440 | c5fb 1144 | 2450 c5fb | 114c 2458 | c5fb 1154 | 2460 c5fb | 115c 2468 
  0x000001e378a390c8: c5fb 1164 | 2470 c5fb | 116c 2478 | c5fb 11b4 | 2480 0000 | 00c5 fb11 | bc24 8800 | 0000 c57b 
  0x000001e378a390e8: ;   {no_reloc}
  0x000001e378a390e8: 1184 2490 | 0000 00c5 | 7b11 8c24 | 9800 0000 | c57b 1194 | 24a0 0000 | 00c5 7b11 | 9c24 a800 
  0x000001e378a39108: 0000 c57b | 11a4 24b0 | 0000 00c5 | 7b11 ac24 | b800 0000 | c57b 11b4 | 24c0 0000 | 00c5 7b11 
  0x000001e378a39128: bc24 c800 | 0000 498b | d748 8bc8 | 4883 ec20 | 40f6 c40f | 0f84 1900 | 0000 4883 

  0x000001e378a39144: ;   {runtime_call}
  0x000001e378a39144: ec08 48b8 | 1022 b4eb | fb7f 0000 | ffd0 4883 | c408 e90c 

  0x000001e378a39158: ;   {runtime_call}
  0x000001e378a39158: 0000 0048 | b810 22b4 | ebfb 7f00 | 00ff d048 | 83c4 20c5 | 7b10 bc24 | c800 0000 | c57b 10b4 
  0x000001e378a39178: 24c0 0000 | 00c5 7b10 | ac24 b800 | 0000 c57b | 10a4 24b0 | 0000 00c5 | 7b10 9c24 | a800 0000 
  0x000001e378a39198: c57b 1094 | 24a0 0000 | 00c5 7b10 | 8c24 9800 | 0000 c57b | 1084 2490 | 0000 00c5 | fb10 bc24 
  0x000001e378a391b8: 8800 0000 | c5fb 10b4 | 2480 0000 | 00c5 fb10 | 6c24 78c5 | fb10 6424 | 70c5 fb10 | 5c24 68c5 
  0x000001e378a391d8: fb10 5424 | 60c5 fb10 | 4c24 58c5 | fb10 4424 | 504c 8b5c | 2440 4c8b | 5424 384c | 8b4c 2430 
  0x000001e378a391f8: 4c8b 4424 | 2848 8b7c | 2420 488b | 7424 1848 | 8b54 2410 | 488b 4c24 | 0848 8b04 | 2448 81c4 
  0x000001e378a39218: d000 0000 | c5f8 7749 | 8b8f 2804 | 0000 c781 | 0001 0000 | 0000 0000 | c949 837f | 0800 0f85 
  0x000001e378a39238: 0100 0000 

  0x000001e378a3923c: ;   {runtime_call StubRoutines (initial stubs)}
  0x000001e378a3923c: c3e9 be7c | 85ff c5f8 | 7748 8945 | f84c 8be4 | 4883 ec20 | 4883 e4f0 

  0x000001e378a39254: ;   {runtime_call}
  0x000001e378a39254: 48b8 e00e | f6eb fb7f | 0000 ffd0 | 498b e44d | 33e4 488b | 45f8 e930 | fdff fff4 
[/MachCode]


Compiled method (c1) 455789 84759       3       java.lang.ClassLoader::defineClass (43 bytes)
 total in heap  [0x000001e3720c3e10,0x000001e3720c4788] = 2424
 relocation     [0x000001e3720c3f70,0x000001e3720c4010] = 160
 main code      [0x000001e3720c4020,0x000001e3720c44c0] = 1184
 stub code      [0x000001e3720c44c0,0x000001e3720c4538] = 120
 metadata       [0x000001e3720c4538,0x000001e3720c4578] = 64
 scopes data    [0x000001e3720c4578,0x000001e3720c4668] = 240
 scopes pcs     [0x000001e3720c4668,0x000001e3720c4748] = 224
 dependencies   [0x000001e3720c4748,0x000001e3720c4760] = 24
 nul chk table  [0x000001e3720c4760,0x000001e3720c4788] = 40

[Constant Pool (empty)]

[MachCode]
[Entry Point]
  # {method} {0x000001e309024ea8} 'defineClass' '(Ljava/lang/String;[BIILjava/security/ProtectionDomain;)Ljava/lang/Class;' in 'java/lang/ClassLoader'
  # this:     rdx:rdx   = 'java/lang/ClassLoader'
  # parm0:    r8:r8     = 'java/lang/String'
  # parm1:    r9:r9     = '[B'
  # parm2:    rdi       = int
  # parm3:    rsi       = int
  # parm4:    rcx:rcx   = 'java/security/ProtectionDomain'
  #           [sp+0xc0]  (sp of caller)
  0x000001e3720c4020: 448b 5208 | 49bb 0000 | 0000 0800 | 0000 4d03 | d34c 3bd0 

  0x000001e3720c4034: ;   {runtime_call ic_miss_stub}
  0x000001e3720c4034: 0f85 46a7 | 2106 660f | 1f44 0000 
[Verified Entry Point]
  0x000001e3720c4040: 8984 2400 | 80ff ff55 | 4881 ecb0 | 0000 0090 | 4181 7f20 | 8800 0000 

  0x000001e3720c4058: ;   {runtime_call StubRoutines (final stubs)}
  0x000001e3720c4058: 7405 e801 | 5b20 0648 | 8954 2478 

  0x000001e3720c4064: ;   {metadata(method data for {method} {0x000001e309024ea8} 'defineClass' '(Ljava/lang/String;[BIILjava/security/ProtectionDomain;)Ljava/lang/Class;' in 'java/lang/ClassLoader')}
  0x000001e3720c4064: 48bb 0079 | 9d09 e301 | 0000 8b83 | cc00 0000 | 83c0 0289 | 83cc 0000 | 0025 fe07 | 0000 85c0 
  0x000001e3720c4084: 0f84 5803 | 0000 89b4 | 2494 0000 | 0089 bc24 | 9000 0000 | 4c89 8c24 | 8800 0000 

  0x000001e3720c40a0: ;   {metadata(method data for {method} {0x000001e309024ea8} 'defineClass' '(Ljava/lang/String;[BIILjava/security/ProtectionDomain;)Ljava/lang/Class;' in 'java/lang/ClassLoader')}
  0x000001e3720c40a0: 488b da48 | b800 799d | 09e3 0100 | 0048 8380 | 1001 0000 | 0149 8bd8 | 4c8b c34c | 8bc9 488b 
  0x000001e3720c40c0: ca48 8bd1 | 4889 9c24 | 8000 0000 

  0x000001e3720c40cc: ;   {optimized virtual_call}
  0x000001e3720c40cc: 6666 90e8 

  0x000001e3720c40d0: ; ImmutableOopMap {[120]=Oop [128]=Oop [136]=Oop }
                      ;*invokevirtual preDefineClass {reexecute=0 rethrow=0 return_oop=0}
                      ; - java.lang.ClassLoader::defineClass@4
  0x000001e3720c40d0: ec94 c706 

  0x000001e3720c40d4: ;   {other}
  0x000001e3720c40d4: 0f1f 8400 | c402 0000 | 4889 8424 | 9800 0000 | 488b 5424 

  0x000001e3720c40e8: ;   {metadata(method data for {method} {0x000001e309024ea8} 'defineClass' '(Ljava/lang/String;[BIILjava/security/ProtectionDomain;)Ljava/lang/Class;' in 'java/lang/ClassLoader')}
  0x000001e3720c40e8: 7849 b800 | 799d 09e3 | 0100 0049 | 8380 4801 

  0x000001e3720c40f8: ;   {metadata(method data for {method} {0x000001e309024cc8} 'defineClassSourceLocation' '(Ljava/security/ProtectionDomain;)Ljava/lang/String;' in 'java/lang/ClassLoader')}
  0x000001e3720c40f8: 0000 0149 | b818 809d | 09e3 0100 | 0041 8b90 | cc00 0000 | 83c2 0241 | 8990 cc00 | 0000 81e2 
  0x000001e3720c4118: feff 1f00 | 85d2 0f84 | df02 0000 

  0x000001e3720c4124: ; implicit exception: dispatches to 0x000001e3720c4424
  0x000001e3720c4124: 483b 004c 

  0x000001e3720c4128: ;   {metadata(method data for {method} {0x000001e309024cc8} 'defineClassSourceLocation' '(Ljava/security/ProtectionDomain;)Ljava/lang/String;' in 'java/lang/ClassLoader')}
  0x000001e3720c4128: 8bc0 48ba | 1880 9d09 | e301 0000 | 4883 8210 | 0100 0001 | 448b 4010 | 49c1 e003 

  0x000001e3720c4144: ;   {metadata(method data for {method} {0x000001e309024cc8} 'defineClassSourceLocation' '(Ljava/security/ProtectionDomain;)Ljava/lang/String;' in 'java/lang/ClassLoader')}
  0x000001e3720c4144: 4d85 c048 | ba18 809d | 09e3 0100 | 0048 c7c6 | 5801 0000 | 7507 48c7 | c648 0100 | 0048 8b3c 
  0x000001e3720c4164: 3248 8d7f | 0148 893c | 320f 850f 

  0x000001e3720c4170: ;   {oop(nullptr)}
  0x000001e3720c4170: 0000 0048 | bb00 0000 | 0000 0000 | 00e9 a501 | 0000 493b | 0049 8bd0 

  0x000001e3720c4188: ;   {metadata(method data for {method} {0x000001e309024cc8} 'defineClassSourceLocation' '(Ljava/security/ProtectionDomain;)Ljava/lang/String;' in 'java/lang/ClassLoader')}
  0x000001e3720c4188: 48be 1880 | 9d09 e301 | 0000 4883 | 8668 0100 | 0001 418b | 500c 48c1 | e203 4885 

  0x000001e3720c41a4: ;   {metadata(method data for {method} {0x000001e309024cc8} 'defineClassSourceLocation' '(Ljava/security/ProtectionDomain;)Ljava/lang/String;' in 'java/lang/ClassLoader')}
  0x000001e3720c41a4: d248 be18 | 809d 09e3 | 0100 0048 | c7c7 b001 | 0000 7507 | 48c7 c7a0 | 0100 0048 | 8b1c 3e48 
  0x000001e3720c41c4: 8d5b 0148 | 891c 3e0f | 850f 0000 

  0x000001e3720c41d0: ;   {oop(nullptr)}
  0x000001e3720c41d0: 0048 bb00 | 0000 0000 | 0000 00e9 | 4701 0000 

  0x000001e3720c41e0: ;   {metadata(method data for {method} {0x000001e309024cc8} 'defineClassSourceLocation' '(Ljava/security/ProtectionDomain;)Ljava/lang/String;' in 'java/lang/ClassLoader')}
  0x000001e3720c41e0: 48be 1880 | 9d09 e301 | 0000 4883 | 86c0 0100 | 0001 483b | 024c 8bc2 

  0x000001e3720c41f8: ;   {metadata(method data for {method} {0x000001e309024cc8} 'defineClassSourceLocation' '(Ljava/security/ProtectionDomain;)Ljava/lang/String;' in 'java/lang/ClassLoader')}
  0x000001e3720c41f8: 48be 1880 | 9d09 e301 | 0000 4883 | 86f8 0100 

  0x000001e3720c4208: ;   {metadata(method data for {method} {0x000001e3090f64c0} 'toString' '()Ljava/lang/String;' in 'java/net/URL')}
  0x000001e3720c4208: 0001 49b8 | 20a1 6a09 | e301 0000 | 418b b0cc | 0000 0083 | c602 4189 | b0cc 0000 | 0081 e6fe 
  0x000001e3720c4228: ff1f 0085 | f60f 8400 | 0200 004c 

  0x000001e3720c4234: ;   {metadata(method data for {method} {0x000001e3090f64c0} 'toString' '()Ljava/lang/String;' in 'java/net/URL')}
  0x000001e3720c4234: 8bc2 48be | 20a1 6a09 | e301 0000 | 4883 8610 | 0100 0001 

  0x000001e3720c4248: ;   {metadata(method data for {method} {0x000001e3090f6578} 'toExternalForm' '()Ljava/lang/String;' in 'java/net/URL')}
  0x000001e3720c4248: 49b8 989f | 6a09 e301 | 0000 418b | b0cc 0000 | 0083 c602 | 4189 b0cc | 0000 0081 | e6fe ff1f 
  0x000001e3720c4268: 0085 f60f | 84e3 0100 | 008b 7238 | 48c1 e603 

  0x000001e3720c4278: ; implicit exception: dispatches to 0x000001e3720c4475
  0x000001e3720c4278: 483b 064c 

  0x000001e3720c427c: ;   {metadata(method data for {method} {0x000001e3090f6578} 'toExternalForm' '()Ljava/lang/String;' in 'java/net/URL')}
  0x000001e3720c427c: 8bc6 48bf | 989f 6a09 | e301 0000 | 458b 4008 | 49ba 0000 | 0000 0800 | 0000 4d03 | c24c 3b87 
  0x000001e3720c429c: 2001 0000 | 750d 4883 | 8728 0100 | 0001 e960 | 0000 004c | 3b87 3001 | 0000 750d | 4883 8738 
  0x000001e3720c42bc: 0100 0001 | e94a 0000 | 0048 83bf | 2001 0000 | 0075 174c | 8987 2001 | 0000 48c7 | 8728 0100 
  0x000001e3720c42dc: 0001 0000 | 00e9 2900 | 0000 4883 | bf30 0100 | 0000 7517 | 4c89 8730 | 0100 0048 | c787 3801 
  0x000001e3720c42fc: 0000 0100 | 0000 e908 | 0000 0048 | 8387 1001 | 0000 014c | 8bc2 488b 

  0x000001e3720c4314: ;   {optimized virtual_call}
  0x000001e3720c4314: d666 90e8 

  0x000001e3720c4318: ; ImmutableOopMap {[120]=Oop [128]=Oop [136]=Oop [152]=Oop }
                      ;*invokevirtual toExternalForm {reexecute=0 rethrow=0 return_oop=0}
                      ; - java.net.URL::toExternalForm@5
                      ; - java.net.URL::toString@1
                      ; - java.lang.ClassLoader::defineClassSourceLocation@22
                      ; - java.lang.ClassLoader::defineClass@12
  0x000001e3720c4318: c4f7 b006 

  0x000001e3720c431c: ;   {other}
  0x000001e3720c431c: 0f1f 8400 | 0c05 0001 | 488b d848 | 8b84 2498 | 0000 008b | b424 9400 | 0000 8bbc | 2490 0000 
  0x000001e3720c433c: 004c 8b8c | 2488 0000 | 004c 8b84 | 2480 0000 | 0048 8b54 

  0x000001e3720c4350: ;   {metadata(method data for {method} {0x000001e309024ea8} 'defineClass' '(Ljava/lang/String;[BIILjava/security/ProtectionDomain;)Ljava/lang/Class;' in 'java/lang/ClassLoader')}
  0x000001e3720c4350: 2478 48b9 | 0079 9d09 | e301 0000 | 4883 8180 | 0100 0001 | 4c8b da49 | 8bd3 488b | c848 891c 
  0x000001e3720c4370: 2466 0f1f 

  0x000001e3720c4374: ;   {static_call}
  0x000001e3720c4374: 4400 00e8 

  0x000001e3720c4378: ; ImmutableOopMap {[120]=Oop [152]=Oop }
                      ;*invokestatic defineClass1 {reexecute=0 rethrow=0 return_oop=0}
                      ; - java.lang.ClassLoader::defineClass@27
  0x000001e3720c4378: 644a 9706 

  0x000001e3720c437c: ;   {other}
  0x000001e3720c437c: 0f1f 8400 | 6c05 0002 | 488b 5424 

  0x000001e3720c4388: ;   {metadata(method data for {method} {0x000001e309024ea8} 'defineClass' '(Ljava/lang/String;[BIILjava/security/ProtectionDomain;)Ljava/lang/Class;' in 'java/lang/ClassLoader')}
  0x000001e3720c4388: 7849 b800 | 799d 09e3 | 0100 0049 | 8380 9001 | 0000 014c | 8bc0 4c8b | 8c24 9800 | 0000 488b 
  0x000001e3720c43a8: 5424 7848 | 8984 24a0 | 0000 000f 

  0x000001e3720c43b4: ;   {optimized virtual_call}
  0x000001e3720c43b4: 1f40 00e8 

  0x000001e3720c43b8: ; ImmutableOopMap {[160]=Oop }
                      ;*invokevirtual postDefineClass {reexecute=0 rethrow=0 return_oop=0}
                      ; - java.lang.ClassLoader::defineClass@37
  0x000001e3720c43b8: 04c0 3807 

  0x000001e3720c43bc: ;   {other}
  0x000001e3720c43bc: 0f1f 8400 | ac05 0003 | 488b 8424 | a000 0000 | 4881 c4b0 | 0000 005d 

  0x000001e3720c43d4: ;   {poll_return}
  0x000001e3720c43d4: 493b a748 | 0400 000f | 8799 0000 

  0x000001e3720c43e0: ;   {metadata({method} {0x000001e309024ea8} 'defineClass' '(Ljava/lang/String;[BIILjava/security/ProtectionDomain;)Ljava/lang/Class;' in 'java/lang/ClassLoader')}
  0x000001e3720c43e0: 00c3 49ba | a04e 0209 | e301 0000 | 4c89 5424 | 0848 c704 | 24ff ffff 

  0x000001e3720c43f8: ;   {runtime_call counter_overflow Runtime1 stub}
  0x000001e3720c43f8: ffe8 02d6 

  0x000001e3720c43fc: ; ImmutableOopMap {rdx=Oop r8=Oop r9=Oop rcx=Oop [120]=Oop }
                      ;*synchronization entry
                      ; - java.lang.ClassLoader::defineClass@-1
  0x000001e3720c43fc: 2d06 e987 

  0x000001e3720c4400: ;   {metadata({method} {0x000001e309024cc8} 'defineClassSourceLocation' '(Ljava/security/ProtectionDomain;)Ljava/lang/String;' in 'java/lang/ClassLoader')}
  0x000001e3720c4400: fcff ff49 | bac0 4c02 | 09e3 0100 | 004c 8954 | 2408 48c7 | 0424 ffff 

  0x000001e3720c4418: ;   {runtime_call counter_overflow Runtime1 stub}
  0x000001e3720c4418: ffff e8e1 

  0x000001e3720c441c: ; ImmutableOopMap {rax=Oop [120]=Oop [128]=Oop [136]=Oop [152]=Oop }
                      ;*synchronization entry
                      ; - java.lang.ClassLoader::defineClassSourceLocation@-1
                      ; - java.lang.ClassLoader::defineClass@12
  0x000001e3720c441c: d52d 06e9 | 00fd ffff 

  0x000001e3720c4424: ;   {runtime_call throw_null_pointer_exception Runtime1 stub}
  0x000001e3720c4424: e8d7 842d 

  0x000001e3720c4428: ; ImmutableOopMap {rax=Oop [120]=Oop [128]=Oop [136]=Oop [152]=Oop }
                      ;*invokevirtual getCodeSource {reexecute=0 rethrow=0 return_oop=0}
                      ; - java.lang.ClassLoader::defineClassSourceLocation@1
                      ; - java.lang.ClassLoader::defineClass@12
                      ;   {runtime_call throw_null_pointer_exception Runtime1 stub}
  0x000001e3720c4428: 06e8 d284 

  0x000001e3720c442c: ; ImmutableOopMap {rax=Oop r8=Oop [120]=Oop [128]=Oop [136]=Oop [152]=Oop }
                      ;*invokevirtual getLocation {reexecute=0 rethrow=0 return_oop=0}
                      ; - java.lang.ClassLoader::defineClassSourceLocation@12
                      ; - java.lang.ClassLoader::defineClass@12
                      ;   {runtime_call throw_null_pointer_exception Runtime1 stub}
  0x000001e3720c442c: 2d06 e8cd 

  0x000001e3720c4430: ; ImmutableOopMap {rdx=Oop [120]=Oop [128]=Oop [136]=Oop [152]=Oop }
                      ;*invokevirtual toString {reexecute=0 rethrow=0 return_oop=0}
                      ; - java.lang.ClassLoader::defineClassSourceLocation@22
                      ; - java.lang.ClassLoader::defineClass@12
                      ;   {metadata({method} {0x000001e3090f64c0} 'toString' '()Ljava/lang/String;' in 'java/net/URL')}
  0x000001e3720c4430: 842d 0649 | bab8 640f | 09e3 0100 | 004c 8954 | 2408 48c7 | 0424 ffff 

  0x000001e3720c4448: ;   {runtime_call counter_overflow Runtime1 stub}
  0x000001e3720c4448: ffff e8b1 

  0x000001e3720c444c: ; ImmutableOopMap {rdx=Oop [120]=Oop [128]=Oop [136]=Oop [152]=Oop }
                      ;*synchronization entry
                      ; - java.net.URL::toString@-1
                      ; - java.lang.ClassLoader::defineClassSourceLocation@22
                      ; - java.lang.ClassLoader::defineClass@12
  0x000001e3720c444c: d52d 06e9 | dffd ffff 

  0x000001e3720c4454: ;   {metadata({method} {0x000001e3090f6578} 'toExternalForm' '()Ljava/lang/String;' in 'java/net/URL')}
  0x000001e3720c4454: 49ba 7065 | 0f09 e301 | 0000 4c89 | 5424 0848 | c704 24ff 

  0x000001e3720c4468: ;   {runtime_call counter_overflow Runtime1 stub}
  0x000001e3720c4468: ffff ffe8 

  0x000001e3720c446c: ; ImmutableOopMap {rdx=Oop [120]=Oop [128]=Oop [136]=Oop [152]=Oop }
                      ;*synchronization entry
                      ; - java.net.URL::toExternalForm@-1
                      ; - java.net.URL::toString@1
                      ; - java.lang.ClassLoader::defineClassSourceLocation@22
                      ; - java.lang.ClassLoader::defineClass@12
  0x000001e3720c446c: 90d5 2d06 | e9fc fdff 

  0x000001e3720c4474: ;   {runtime_call throw_null_pointer_exception Runtime1 stub}
  0x000001e3720c4474: ffe8 8684 

  0x000001e3720c4478: ; ImmutableOopMap {rdx=Oop rsi=Oop [120]=Oop [128]=Oop [136]=Oop [152]=Oop }
                      ;*invokevirtual toExternalForm {reexecute=0 rethrow=0 return_oop=0}
                      ; - java.net.URL::toExternalForm@5
                      ; - java.net.URL::toString@1
                      ; - java.lang.ClassLoader::defineClassSourceLocation@22
                      ; - java.lang.ClassLoader::defineClass@12
                      ;   {internal_word}
  0x000001e3720c4478: 2d06 49ba | d443 0c72 | e301 0000 | 4d89 9760 

  0x000001e3720c4488: ;   {runtime_call SafepointBlob}
  0x000001e3720c4488: 0400 00e9 | 7012 2206 | 498b 87f8 | 0400 0049 | c787 f804 | 0000 0000 | 0000 49c7 | 8700 0500 
  0x000001e3720c44a8: 0000 0000 | 0048 81c4 | b000 0000 

  0x000001e3720c44b4: ;   {runtime_call unwind_exception Runtime1 stub}
  0x000001e3720c44b4: 5de9 4675 | 2d06 f4f4 | f4f4 f4f4 
[Stub Code]
  0x000001e3720c44c0: ;   {no_reloc}
  0x000001e3720c44c0: 0f1f 4400 

  0x000001e3720c44c4: ;   {static_stub}
  0x000001e3720c44c4: 0048 bb00 | 0000 0000 

  0x000001e3720c44cc: ;   {runtime_call nmethod}
  0x000001e3720c44cc: 0000 00e9 | fbff ffff 

  0x000001e3720c44d4: ;   {static_stub}
  0x000001e3720c44d4: 48bb e84b | 0209 e301 

  0x000001e3720c44dc: ;   {runtime_call I2C/C2I adapters}
  0x000001e3720c44dc: 0000 e988 

  0x000001e3720c44e0: ;   {static_stub}
  0x000001e3720c44e0: 6821 0648 | bb00 0000 | 0000 0000 

  0x000001e3720c44ec: ;   {runtime_call nmethod}
  0x000001e3720c44ec: 00e9 fbff 

  0x000001e3720c44f0: ;   {static_stub}
  0x000001e3720c44f0: ffff 48bb | 0000 0000 | 0000 0000 

  0x000001e3720c44fc: ;   {runtime_call nmethod}
  0x000001e3720c44fc: e9fb ffff 

  0x000001e3720c4500: ;   {runtime_call handle_exception_from_callee Runtime1 stub}
  0x000001e3720c4500: ffe8 faa1 

  0x000001e3720c4504: ;   {external_word}
  0x000001e3720c4504: 2d06 48b9 | 7061 16ec | fb7f 0000 | 4883 e4f0 

  0x000001e3720c4514: ;   {runtime_call}
  0x000001e3720c4514: 48b8 10cd | e4eb fb7f | 0000 ffd0 

  0x000001e3720c4520: ;   {section_word}
  0x000001e3720c4520: f449 ba21 | 450c 72e3 | 0100 0041 

  0x000001e3720c452c: ;   {runtime_call DeoptimizationBlob}
  0x000001e3720c452c: 52e9 6e04 | 2206 f4f4 | f4f4 f4f4 
[/MachCode]


Compiled method (c2) 455802 69310   !   4       java.net.URLClassLoader::defineClass (224 bytes)
 total in heap  [0x000001e379809090,0x000001e37980d5a8] = 17688
 relocation     [0x000001e3798091f0,0x000001e3798094e8] = 760
 main code      [0x000001e379809500,0x000001e37980ba08] = 9480
 stub code      [0x000001e37980ba08,0x000001e37980bb48] = 320
 oops           [0x000001e37980bb48,0x000001e37980bb68] = 32
 metadata       [0x000001e37980bb68,0x000001e37980be60] = 760
 scopes data    [0x000001e37980be60,0x000001e37980cba8] = 3400
 scopes pcs     [0x000001e37980cba8,0x000001e37980d128] = 1408
 dependencies   [0x000001e37980d128,0x000001e37980d200] = 216
 handler table  [0x000001e37980d200,0x000001e37980d500] = 768
 nul chk table  [0x000001e37980d500,0x000001e37980d5a8] = 168

[Constant Pool (empty)]

[MachCode]
[Entry Point]
  # {method} {0x000001e3090fa750} 'defineClass' '(Ljava/lang/String;Ljdk/internal/loader/Resource;)Ljava/lang/Class;' in 'java/net/URLClassLoader'
  # this:     rdx:rdx   = 'java/net/URLClassLoader'
  # parm0:    r8:r8     = 'java/lang/String'
  # parm1:    r9:r9     = 'jdk/internal/loader/Resource'
  #           [sp+0xb0]  (sp of caller)
  0x000001e379809500: 448b 5208 | 49bb 0000 | 0000 0800 | 0000 4d03 | d349 3bc2 

  0x000001e379809514: ;   {runtime_call ic_miss_stub}
  0x000001e379809514: 0f85 6652 | adfe 6690 | 0f1f 4000 
[Verified Entry Point]
  0x000001e379809520: 8984 2400 | 80ff ff55 | 4881 eca0 | 0000 0090 | 4181 7f20 | 8800 0000 | 0f85 bc24 | 0000 4c89 
  0x000001e379809540: 4c24 2848 | 8954 2438 | 4c89 4424 | 30c5 f877 | 49ba 5015 | efeb fb7f | 0000 41ff 

  0x000001e37980955c: ;   {other}
  0x000001e37980955c: d20f 1f84 | 0000 0000 | 0048 8944 | 2440 4c8b | 5424 3041 | 8b6a 1445 | 8b44 ec0c | 450f be5a 
  0x000001e37980957c: 10c4 4222 | f7c8 41ff | c945 85db | 0f85 4c14 | 0000 458d | 50ff 453b | d145 0f4f | d145 85d2 
  0x000001e37980959c: 7c35 4d8d | 1cec 0f1f | 8000 0000 | 000f 1f80 | 0000 0000 | 453b d00f | 834b 1400 | 0043 807c 
  0x000001e3798095bc: 1310 2e74 | 184d 8b8f | 5004 0000 

  0x000001e3798095c8: ; ImmutableOopMap {r11=Oop rbp=NarrowOop [40]=Oop [48]=Oop [56]=Oop }
                      ;*goto {reexecute=1 rethrow=0 return_oop=0}
                      ; - (reexecute) java.lang.StringLatin1::lastIndexOf@35
                      ; - java.lang.String::lastIndexOf@13
                      ; - java.lang.String::lastIndexOf@8
                      ; - java.net.URLClassLoader::defineClass@7
                      ;   {poll}
  0x000001e3798095c8: 41ff ca41 | 8501 4585 | d27d dd41 | baff ffff | ff4c 8b6c | 2428 458b 

  0x000001e3798095e0: ;   {metadata('jdk/internal/loader/URLClassPath$JarLoader$2')}
  0x000001e3798095e0: 5d08 4181 | fb50 7409 | 000f 85b3 | 0b00 004d | 8bc5 458b | 5820 478b | 4cdc 1c44 | 894c 2470 
  0x000001e379809600: 4183 faff | 0f84 a304 | 0000 4c8b | 5c24 3045 | 8b5b 1443 | 8b4c dc0c | 4c8b 4424 | 3045 0fbe 
  0x000001e379809620: 4810 c4e2 | 32f7 e945 | 85d2 0f8c | 9417 0000 | 443b d50f | 8f1b 1800 | 0044 3bd5 | 0f84 080b 
  0x000001e379809640: 0000 4585 | c90f 854e | 1000 0045 | 85d2 0f84 | 0a0c 0000 | 498b 9fb8 | 0100 004c | 8bc3 4983 
  0x000001e379809660: c018 4d3b | 87c8 0100 | 000f 832f | 1200 004d | 8987 b801 | 0000 410f | 1880 0001 | 0000 48c7 
  0x000001e379809680: 0301 0000 

  0x000001e379809684: ;   {metadata('java/lang/String')}
  0x000001e379809684: 00c7 4308 | 9020 0400 | 4489 630c | 4c89 6310 | 4f8d 04dc | 4c89 4424 | 784f 8d4c | dc10 443b 
  0x000001e3798096a4: d10f 84d4 | 0000 0041 | 81fa 0000 | 1000 0f87 | e017 0000 | 4963 d241 | 3bca 8be9 | 410f 4fea 
  0x000001e3798096c4: 3bcd 0f82 | 4018 0000 | 443b d50f | 8237 1800 | 0048 83c2 | 174c 8bc2 | 4983 e0f8 | 4181 fa00 
  0x000001e3798096e4: 0010 000f | 8760 1200 | 0049 8bb7 | b801 0000 | 4c8b de4d | 03d8 4d3b | 9fc8 0100 | 000f 8346 
  0x000001e379809704: 1200 004d | 899f b801 | 0000 410f | 1883 0001 | 0000 48c7 | 0601 0000 | 0041 0f18 | 8340 0100 
  0x000001e379809724: ;   {metadata({type array byte})}
  0x000001e379809724: 00c7 4608 | c80a 0400 | 4489 560c | 410f 1883 | 8001 0000 | 4c8b de49 | 83c3 1048 | c1ea 0385 
  0x000001e379809744: ed0f 8455 | 1700 0041 | 3bea 0f8c | 1d0d 0000 | 4983 c0f0 | 49c1 e803 | 498b c949 | 8bd3 c5f8 
  0x000001e379809764: 7749 ba60 | 812c 78e3 | 0100 0041 

  0x000001e379809770: ;   {other}
  0x000001e379809770: ffd2 0f1f | 8400 0000 | 0000 e988 | 0000 004c | 63c1 81f9 | 0000 1000 | 0f87 6211 | 0000 498b 
  0x000001e379809790: b7b8 0100 | 004d 8d50 | 1749 83e2 | f848 8bfe | 4903 fa49 | 3bbf c801 | 0000 0f83 | 4011 0000 
  0x000001e3798097b0: 4989 bfb8 | 0100 000f | 1887 0001 | 0000 48c7 | 0601 0000 | 000f 1887 | 4001 0000 

  0x000001e3798097cc: ;   {metadata({type array byte})}
  0x000001e3798097cc: c746 08c8 | 0a04 0089 | 4e0c 0f18 | 8780 0100 | 0048 8bd6 | 4883 c210 | 4983 c007 | 49c1 e803 
  0x000001e3798097ec: 498b c9c5 | f877 49ba | 6081 2c78 | e301 0000 

  0x000001e3798097fc: ;   {other}
  0x000001e3798097fc: 41ff d20f | 1f84 0000 | 0000 0041 | 807f 4000 | 0f85 e30a | 0000 4c8b | d34c 8bc6 | 49c1 e803 
  0x000001e37980981c: 4489 4314 | 4c8b de4d | 33da 49c1 | eb15 4d85 | db74 1a49 | c1ea 0948 | b900 0077 | fde2 0100 
  0x000001e37980983c: 0049 03ca | 8039 020f | 85e3 0a00 | 0044 8863 | 1048 895c | 2458 458b 

  0x000001e379809854: ;   {metadata('jdk/internal/loader/URLClassPath$JarLoader$2')}
  0x000001e379809854: 5508 4181 | fa50 7409 | 000f 85e3 | 0d00 004d 

  0x000001e379809864: ;   {oop(a 'java/lang/Class'{0x000000070057f2c0} = 'jdk/internal/access/SharedSecrets')}
  0x000001e379809864: 8bd5 49bb | c0f2 5700 | 0700 0000 | 418b 8bd4 | 0000 0045 | 8b5c cc08 | 458b 4a20 

  0x000001e379809880: ; implicit exception: dispatches to 0x000001e37980b3e8
  0x000001e379809880: 478b 4ccc 

  0x000001e379809884: ;   {metadata('java/util/jar/JavaUtilJarAccessImpl')}
  0x000001e379809884: 1841 81fb | 5042 0800 | 0f85 be13 | 0000 4585 | c90f 844d | 1300 004f | 8d04 cc48 | 8d9c 2480 
  0x000001e3798098a4: 0000 0049 | 8b00 a802 | 0f85 2300 | 0000 4883 | c801 4889 | 03f0 490f | b118 0f84 | 3700 0000 
  0x000001e3798098c4: 482b c448 | 2507 f0ff | ff48 8903 | e924 0000 | 004c 8bd8 | 4833 c0f0 | 4d0f b17b | 3e48 c703 
  0x000001e3798098e4: 0300 0000 | 7411 4c3b | f875 1549 | ff83 8600 | 0000 4833 | c075 0949 | ff87 4805 | 0000 33c0 
  0x000001e379809904: 0f85 8213 | 0000 4c89 | 6c24 2044 | 894c 242c | 4c89 4424 | 504c 8954 | 2448 498b | d049 8bea 
  0x000001e379809924: ;   {optimized virtual_call}
  0x000001e379809924: c5f8 77e8 

  0x000001e379809928: ; ImmutableOopMap {rbp=Oop [32]=Oop [44]=NarrowOop [48]=Oop [56]=Oop [72]=Oop [80]=Oop [88]=Oop [112]=NarrowOop }
                      ;*invokevirtual maybeInstantiateVerifier {reexecute=0 rethrow=0 return_oop=0}
                      ; - java.util.jar.JarFile::ensureInitialization@1
                      ; - java.util.jar.JavaUtilJarAccessImpl::ensureInitialization@1
                      ; - jdk.internal.loader.URLClassPath$JarLoader$2::getManifest@10
                      ; - java.net.URLClassLoader::defineClass@34
  0x000001e379809928: b4a0 7600 

  0x000001e37980992c: ;   {other}
  0x000001e37980992c: 0f1f 8400 | 9c08 0001 | 448b 4424 | 2c47 3b64 | c430 0f85 | c60a 0000 | 4c8b 5c24 | 5048 8d84 
  0x000001e37980994c: 2480 0000 | 0048 8338 | 000f 8479 | 0000 004d | 8b13 41f6 | c202 0f84 | 6200 0000 | 4983 ba86 
  0x000001e37980996c: 0000 0000 | 7409 49ff | 8a86 0000 | 00eb 4b49 | 8b82 9600 | 0000 490b | 828e 0000 | 0075 0a49 
  0x000001e37980998c: c742 3e00 | 0000 00eb | 3d49 83ba | 9e00 0000 | 0074 2248 | 33c0 49c7 | 423e 0000 | 0000 f083 
  0x000001e3798099ac: 0424 0049 | 83ba 9e00 | 0000 0075 | 0df0 4d0f | b17a 3e75 | 0583 c801 | eb0c a800 | eb08 4c8b 
  0x000001e3798099cc: 10f0 4d0f | b113 750a | 49ff 8f48 | 0500 0045 | 33d2 0f85 | f012 0000 | 4c8b 4424 | 4845 8b50 
  0x000001e3798099ec: 2043 8b6c | d418 458b 

  0x000001e3798099f4: ;   {metadata('java/util/jar/JarFile')}
  0x000001e3798099f4: 5cec 0841 | 81fb 303d | 0800 0f85 | fb12 0000 | 498d 14ec | 498b e890 

  0x000001e379809a0c: ;   {optimized virtual_call}
  0x000001e379809a0c: c5f8 77e8 

  0x000001e379809a10: ; ImmutableOopMap {rbp=Oop [32]=Oop [48]=Oop [56]=Oop [88]=Oop [112]=NarrowOop }
                      ;*invokevirtual getManifest {reexecute=0 rethrow=0 return_oop=1}
                      ; - jdk.internal.loader.URLClassPath$JarLoader$2::getManifest@22
                      ; - java.net.URLClassLoader::defineClass@34
  0x000001e379809a10: 8c9e 6c00 

  0x000001e379809a14: ;   {other}
  0x000001e379809a14: 0f1f 8400 | 8409 0002 | 4c8b 6c24 | 2048 8944 | 2428 4c89 | 6c24 2048 | 8b54 2438 | 4c8b 4424 
  0x000001e379809a34: 5866 6690 

  0x000001e379809a38: ;   {optimized virtual_call}
  0x000001e379809a38: c5f8 77e8 

  0x000001e379809a3c: ; ImmutableOopMap {[32]=Oop [40]=Oop [48]=Oop [56]=Oop [88]=Oop [112]=NarrowOop }
                      ;*invokevirtual getDefinedPackage {reexecute=0 rethrow=0 return_oop=1}
                      ; - java.net.URLClassLoader::getAndVerifyPackage@2
                      ; - java.net.URLClassLoader::defineClass@46
  0x000001e379809a3c: 40e1 2aff 

  0x000001e379809a40: ;   {other}
  0x000001e379809a40: 0f1f 8400 | b009 0003 | 4885 c00f | 84a4 0600 | 0044 8b50 | 1047 8b5c | d41c 4585 | db0f 85dd 
  0x000001e379809a60: 1400 0044 | 8b58 1443 | 8b6c dc24 | 85ed 0f85 | fc14 0000 | 4c8b 5424 | 284d 85d2 | 742a 488b 
  0x000001e379809a80: 5424 384c | 8b44 2458 | 4d8b ca48 | 8944 2448 

  0x000001e379809a90: ;   {optimized virtual_call}
  0x000001e379809a90: c5f8 77e8 

  0x000001e379809a94: ; ImmutableOopMap {[32]=Oop [40]=Oop [48]=Oop [56]=Oop [72]=Oop [88]=Oop [112]=NarrowOop }
                      ;*invokevirtual isSealed {reexecute=0 rethrow=0 return_oop=0}
                      ; - java.net.URLClassLoader::getAndVerifyPackage@68
                      ; - java.net.URLClassLoader::defineClass@46
  0x000001e379809a94: 88cb 96ff 

  0x000001e379809a98: ;   {other}
  0x000001e379809a98: 0f1f 8400 | 080a 0004 | 85c0 0f85 | ec14 0000 | 4c8b 6c24 | 2048 8d9c | 2480 0000 | 0049 8b45 
  0x000001e379809ab8: 00a8 020f | 8524 0000 | 0048 83c8 | 0148 8903 | f049 0fb1 | 5d00 0f84 | 3700 0000 | 482b c448 
  0x000001e379809ad8: 2507 f0ff | ff48 8903 | e924 0000 | 004c 8bd0 | 4833 c0f0 | 4d0f b17a | 3e48 c703 | 0300 0000 
  0x000001e379809af8: 7411 4c3b | f875 1549 | ff82 8600 | 0000 4833 | c075 0949 | ff87 4805 | 0000 33c0 | 0f85 9e0f 
  0x000001e379809b18: 0000 458b | 7508 453b | 650c 0f85 | ac00 0000 

  0x000001e379809b28: ;   {metadata('jdk/internal/loader/URLClassPath$JarLoader$2')}
  0x000001e379809b28: 4181 fe50 | 7409 000f | 8590 0600 | 004d 8bcd | 458b 5920 

  0x000001e379809b3c: ; implicit exception: dispatches to 0x000001e37980b51c
  0x000001e379809b3c: 478b 54dc | 1841 8b69 | 1c45 85d2 | 0f84 1612 | 0000 4489 | 7424 284c | 896c 2420 | 4b8d 14d4 
  0x000001e379809b5c: 4c8b c549 | c1e0 034c | 894c 2448 | 4c89 4c24 | 5066 6690 

  0x000001e379809b70: ;   {optimized virtual_call}
  0x000001e379809b70: c5f8 77e8 

  0x000001e379809b74: ; ImmutableOopMap {[32]=Oop [48]=Oop [56]=Oop [72]=Oop [80]=Oop [112]=NarrowOop }
                      ;*invokevirtual getInputStream {reexecute=0 rethrow=0 return_oop=1}
                      ; - jdk.internal.loader.URLClassPath$JarLoader$2::getInputStream@11
                      ; - jdk.internal.loader.Resource::cachedInputStream@9
                      ; - jdk.internal.loader.Resource::getByteBuffer@1
                      ; - java.net.URLClassLoader::defineClass@132
  0x000001e379809b74: 48c2 9200 

  0x000001e379809b78: ;   {other}
  0x000001e379809b78: 0f1f 8400 | e80a 0005 | 488b d841 | 807f 4000 | 0f85 ef07 | 0000 4c8b | 6c24 204c | 8bdb 49c1 
  0x000001e379809b98: eb03 4589 | 5d0c 4d8b | d54c 8bdb | 4d33 da49 | c1eb 154d | 85db 741f | 4885 db74 | 1a49 c1ea 
  0x000001e379809bb8: 0948 b900 | 0077 fde2 | 0100 0049 | 03ca 8039 | 020f 85ea | 0700 0044 | 8b74 2428 | 418b 6d0c 
  0x000001e379809bd8: 488d 8424 | 8000 0000 | 4883 3800 | 0f84 7b00 | 0000 4d8b | 5500 41f6 | c202 0f84 | 6200 0000 
  0x000001e379809bf8: 4983 ba86 | 0000 0000 | 7409 49ff | 8a86 0000 | 00eb 4b49 | 8b82 9600 | 0000 490b | 828e 0000 
  0x000001e379809c18: 0075 0a49 | c742 3e00 | 0000 00eb | 3e49 83ba | 9e00 0000 | 0074 2248 | 33c0 49c7 | 423e 0000 
  0x000001e379809c38: 0000 f083 | 0424 0049 | 83ba 9e00 | 0000 0075 | 0df0 4d0f | b17a 3e75 | 0583 c801 | eb0d a800 
  0x000001e379809c58: eb09 4c8b | 10f0 4d0f | b155 0075 | 0a49 ff8f | 4805 0000 | 4533 d20f | 857a 0e00 

  0x000001e379809c74: ;   {no_reloc}
  0x000001e379809c74: 0045 8b54 

  0x000001e379809c78: ;   {metadata('sun/nio/ByteBuffered')}
  0x000001e379809c78: ec08 48b8 | a87e 0900 | 0800 0000 | 48be 0000 | 0000 0800 | 0000 4903 | f24c 8b56 | 204c 3bd0 
  0x000001e379809c98: 0f84 ab0d | 0000 4833 | ff4c 8b9e | a000 0000 | 498b d348 | c1e2 300f | 8921 0000 | 00f3 480f 
  0x000001e379809cb8: b8d2 488b | 5e28 483b | 04d3 7415 | 490f bae3 | 1073 0b49 

  0x000001e379809ccc: ;   {runtime_call StubRoutines (compiler stubs)}
  0x000001e379809ccc: c1cb 0fe8 | c3e7 affe | eb03 48ff | c748 85ff | 0f84 670d 

  0x000001e379809ce0: ;   {metadata('jdk/internal/loader/URLClassPath$JarLoader$2')}
  0x000001e379809ce0: 0000 4181 | fe50 7409 | 000f 857f | 0400 0049 | 8bd5 4c89 | 6c24 2048 | 8bea 6690 

  0x000001e379809cfc: ;   {optimized virtual_call}
  0x000001e379809cfc: c5f8 77e8 

  0x000001e379809d00: ; ImmutableOopMap {rbp=Oop [32]=Oop [48]=Oop [56]=Oop [112]=NarrowOop }
                      ;*invokevirtual getBytes {reexecute=0 rethrow=0 return_oop=1}
                      ; - java.net.URLClassLoader::defineClass@179
  0x000001e379809d00: 9cbb 7100 

  0x000001e379809d04: ;   {other}
  0x000001e379809d04: 0f1f 8400 | 740c 0006 | 4889 4424 | 284c 8b5c | 2420 458b 

  0x000001e379809d18: ;   {metadata('jdk/internal/loader/URLClassPath$JarLoader$2')}
  0x000001e379809d18: 5308 4181 | fa50 7409 | 000f 8532 | 0400 0041 | 8b6b 1c45 | 8b5c ec08 

  0x000001e379809d30: ;   {metadata('java/util/jar/JarFile$JarFileEntry')}
  0x000001e379809d30: 4181 fb38 | 4309 000f | 85fb 0f00 | 004d 8d1c | ec45 8b53 | 6445 85d2 | 0f84 ce0e | 0000 498b 
  0x000001e379809d50: eb4b 8d14 | d466 6690 

  0x000001e379809d58: ;   {optimized virtual_call}
  0x000001e379809d58: c5f8 77e8 

  0x000001e379809d5c: ; ImmutableOopMap {rbp=Oop [40]=Oop [48]=Oop [56]=Oop [112]=NarrowOop }
                      ;*invokevirtual maybeInstantiateVerifier {reexecute=0 rethrow=0 return_oop=0}
                      ; - java.util.jar.JarFile$JarFileEntry::getCodeSigners@4
                      ; - jdk.internal.loader.URLClassPath$JarLoader$2::getCodeSigners@4
                      ; - java.net.URLClassLoader::defineClass@185
  0x000001e379809d5c: 809c 7600 

  0x000001e379809d60: ;   {other}
  0x000001e379809d60: 0f1f 8400 | d00c 0007 | 4c8b dd45 | 8b43 5c45 | 85c0 0f85 | ea09 0000 | 458b 5364 

  0x000001e379809d7c: ; implicit exception: dispatches to 0x000001e37980b4a0
  0x000001e379809d7c: 438b 6cd4 | 3085 ed0f | 8549 0900 | 0045 33c0 | 4d8b 8fb8 | 0100 004d | 8bd1 4983 | c228 4d3b 
  0x000001e379809d9c: 97c8 0100 | 000f 8362 | 0a00 004d | 8997 b801 | 0000 410f | 1882 0001 | 0000 49c7 | 0101 0000 
  0x000001e379809dbc: ;   {metadata('java/security/CodeSource')}
  0x000001e379809dbc: 0041 c741 | 08f0 6005 | 0045 8961 | 0c4d 8961 | 104d 8961 | 184d 8961 | 2044 8b5c | 2470 4589 
  0x000001e379809ddc: 590c 4585 | db0f 8401 | 1000 004c | 894c 2448 | 4c89 4424 | 204b 8d14 | dc49 8be9 

  0x000001e379809df8: ;   {static_call}
  0x000001e379809df8: c5f8 77e8 

  0x000001e379809dfc: ; ImmutableOopMap {rbp=Oop [32]=Oop [40]=Oop [48]=Oop [56]=Oop [72]=Oop }
                      ;*invokestatic urlNoFragString {reexecute=0 rethrow=0 return_oop=1}
                      ; - java.security.CodeSource::<init>@30
                      ; - java.net.URLClassLoader::defineClass@198
  0x000001e379809dfc: 800a 38ff 

  0x000001e379809e00: ;   {other}
  0x000001e379809e00: 0f1f 8400 | 700d 0008 | 488b d841 | 807f 4000 | 0f85 5704 | 0000 4c8b | d349 c1ea | 0344 8955 
  0x000001e379809e20: 204c 8bd3 | 4c8b dd4d | 33d3 49c1 | ea15 4d85 | d274 1f48 | 85db 741a | 49c1 eb09 | 48b9 0000 
  0x000001e379809e40: 77fd e201 | 0000 4903 | cb80 3902 | 0f85 5204 | 0000 488b | 4c24 2048 | 85c9 0f85 | af06 0000 
  0x000001e379809e60: c5f8 7749 | ba50 15ef | ebfb 7f00 | 0041 ffd2 

  0x000001e379809e70: ;   {other}
  0x000001e379809e70: 0f1f 8400 | 0000 0000 | 4c8b c04c | 2b44 2440 

  0x000001e379809e80: ;   {oop(a 'jdk/internal/perf/PerfCounter'{0x000000070057f488})}
  0x000001e379809e80: 49bb 88f4 | 5700 0700 | 0000 488d | 9c24 8000 | 0000 498b | 03a8 020f | 8523 0000 | 0048 83c8 
  0x000001e379809ea0: 0148 8903 | f049 0fb1 | 1b0f 8437 | 0000 0048 | 2bc4 4825 | 07f0 ffff | 4889 03e9 | 2400 0000 
  0x000001e379809ec0: 4c8b d048 | 33c0 f04d | 0fb1 7a3e | 48c7 0303 | 0000 0074 | 114c 3bf8 | 7515 49ff | 8286 0000 
  0x000001e379809ee0: 0048 33c0 | 7509 49ff | 8748 0500 | 0033 c00f | 8525 0c00 

  0x000001e379809ef4: ;   {oop(a 'jdk/internal/perf/PerfCounter'{0x000000070057f488})}
  0x000001e379809ef4: 0049 ba88 | f457 0007 | 0000 0045 | 8b5a 1043 | 8b6c dc24 | 85ed 0f85 | 100f 0000 | 438b 6cdc 
  0x000001e379809f14: 1c85 ed0f | 8c35 0c00 | 0085 ed0f | 845f 0b00 | 004f 8b54 | dc10 4d01 

  0x000001e379809f2c: ;   {oop(a 'jdk/internal/perf/PerfCounter'{0x000000070057f488})}
  0x000001e379809f2c: 0249 bb88 | f457 0007 | 0000 0048 | 8d84 2480 | 0000 0048 | 8338 000f | 8479 0000 | 004d 8b13 
  0x000001e379809f4c: 41f6 c202 | 0f84 6200 | 0000 4983 | ba86 0000 | 0000 7409 | 49ff 8a86 | 0000 00eb | 4b49 8b82 
  0x000001e379809f6c: 9600 0000 | 490b 828e | 0000 0075 | 0a49 c742 | 3e00 0000 | 00eb 3d49 | 83ba 9e00 | 0000 0074 
  0x000001e379809f8c: 2248 33c0 | 49c7 423e | 0000 0000 | f083 0424 | 0049 83ba | 9e00 0000 | 0075 0df0 | 4d0f b17a 
  0x000001e379809fac: 3e75 0583 | c801 eb0c | a800 eb08 | 4c8b 10f0 | 4d0f b113 | 750a 49ff | 8f48 0500 | 0045 33d2 
  0x000001e379809fcc: 0f85 b60b | 0000 4c8b | 5424 2845 | 8b5a 0c4d | 8b87 b801 | 0000 4d8b | d049 83c2 | 104d 3b97 
  0x000001e379809fec: c801 0000 | 0f83 3d08 | 0000 4d89 | 97b8 0100 | 0041 0f18 | 8200 0100 | 0049 c700 | 0100 0000 
  0x000001e37980a00c: ;   {metadata('java/security/SecureClassLoader$CodeSourceKey')}
  0x000001e37980a00c: 41c7 4008 | e887 0900 | 4589 600c | 4c8b 5424 | 4849 c1ea | 0345 8950 | 0c4d 8b8f | b801 0000 
  0x000001e37980a02c: 4c8b 5424 | 3841 8b6a | 504d 8bd1 | 4983 c210 | 4d3b 97c8 | 0100 000f | 831c 0800 | 004d 8997 
  0x000001e37980a04c: b801 0000 | 410f 1882 | 0001 0000 | 49c7 0101 

  0x000001e37980a05c: ;   {metadata('java/security/SecureClassLoader$1')}
  0x000001e37980a05c: 0000 0041 | c741 0828 | 8a09 004c | 8b54 2438 | 49c1 ea03 | 4589 510c 

  0x000001e37980a074: ; implicit exception: dispatches to 0x000001e37980b34c
  0x000001e37980a074: 458b 54ec 

  0x000001e37980a078: ;   {metadata('java/util/concurrent/ConcurrentHashMap')}
  0x000001e37980a078: 0841 81fa | 4869 0500 | 0f85 340b | 0000 498d | 14ec 418b | eb44 895c | 2440 6690 

  0x000001e37980a094: ;   {optimized virtual_call}
  0x000001e37980a094: c5f8 77e8 

  0x000001e37980a098: ; ImmutableOopMap {[40]=Oop [48]=Oop [56]=Oop }
                      ;*invokeinterface computeIfAbsent {reexecute=0 rethrow=0 return_oop=1}
                      ; - java.security.SecureClassLoader::getProtectionDomain@28
                      ; - java.security.SecureClassLoader::defineClass@9
                      ; - java.net.URLClassLoader::defineClass@220
  0x000001e37980a098: 840b fbff 

  0x000001e37980a09c: ;   {other}
  0x000001e37980a09c: 0f1f 8400 | 0c10 0009 

  0x000001e37980a0a4: ; implicit exception: dispatches to 0x000001e37980b36c
  0x000001e37980a0a4: 448b 5808 

  0x000001e37980a0a8: ;   {metadata('java/security/ProtectionDomain')}
  0x000001e37980a0a8: 4181 fb78 | 4604 000f | 8597 1100 | 0048 8bc8 | 488b 5424 | 384c 8b44 | 2430 4c8b | 4c24 2833 
  0x000001e37980a0c8: ff8b f590 

  0x000001e37980a0cc: ;   {optimized virtual_call}
  0x000001e37980a0cc: c5f8 77e8 

  0x000001e37980a0d0: ; ImmutableOopMap {}
                      ;*invokevirtual defineClass {reexecute=0 rethrow=0 return_oop=1}
                      ; - java.security.SecureClassLoader::defineClass@12
                      ; - java.net.URLClassLoader::defineClass@220
  0x000001e37980a0d0: 6c9f 8bf8 

  0x000001e37980a0d4: ;   {other}
  0x000001e37980a0d4: 0f1f 8400 | 4410 000a | c5f8 7748 | 81c4 a000 

  0x000001e37980a0e4: ;   {poll_return}
  0x000001e37980a0e4: 0000 5d49 | 3ba7 4804 | 0000 0f87 | f018 0000 | c344 8b5c | 2470 4d8b | c349 c1e0 

  0x000001e37980a100: ;   {metadata('java/lang/IllegalArgumentException')}
  0x000001e37980a100: 0348 bd00 | 0002 0008 | 0000 004c | 8b54 2428 | 4d85 d20f | 8441 0500 | 004c 8944 | 2448 488b 
  0x000001e37980a120: 5424 384c | 8b44 2458 | 4d8b ca48 | 8b7c 2448 

  0x000001e37980a130: ;   {optimized virtual_call}
  0x000001e37980a130: c5f8 77e8 

  0x000001e37980a134: ; ImmutableOopMap {[32]=Oop [40]=Oop [48]=Oop [56]=Oop [72]=Oop [88]=Oop [112]=NarrowOop }
                      ;*invokevirtual definePackage {reexecute=0 rethrow=0 return_oop=1}
                      ; - java.net.URLClassLoader::defineClass@64
  0x000001e37980a134: 48f4 acf7 

  0x000001e37980a138: ;   {other}
  0x000001e37980a138: 0f1f 8400 | a810 000b | 4c8b 6c24 | 20e9 63f9 | ffff 4c8b | 5424 304c | 8954 2458 | e9f9 f6ff 
  0x000001e37980a158: ;   {metadata('jdk/internal/loader/URLClassPath$FileLoader$1')}
  0x000001e37980a158: ff41 81fa | f84c bc00 | 0f85 c80f | 0000 4533 | c0e9 1efc | ffff 4c89 | 6c24 2049 | 8bd5 488b 
  0x000001e37980a178: 6c24 4066 | 6690 c5f8 | 7748 b8ff | ffff ffff 

  0x000001e37980a188: ;   {virtual_call}
  0x000001e37980a188: ffff ffe8 

  0x000001e37980a18c: ; ImmutableOopMap {[32]=Oop [48]=Oop [56]=Oop [112]=NarrowOop }
                      ;*invokevirtual getBytes {reexecute=0 rethrow=0 return_oop=1}
                      ; - java.net.URLClassLoader::defineClass@179
  0x000001e37980a18c: f04b adfe 

  0x000001e37980a190: ;   {other}
  0x000001e37980a190: 0f1f 8400 | 0011 000c | 4889 4424 | 28e9 6ffb 

  0x000001e37980a1a0: ;   {metadata('jdk/internal/loader/URLClassPath$FileLoader$1')}
  0x000001e37980a1a0: ffff 4181 | fbf8 4cbc | 000f 85b5 | 0f00 004d | 8bc5 458b | 581c 478b | 5cdc 0c44 | 895c 2470 
  0x000001e37980a1c0: e93b f4ff 

  0x000001e37980a1c4: ;   {metadata('jdk/internal/loader/URLClassPath$FileLoader$1')}
  0x000001e37980a1c4: ff41 81fe | f84c bc00 | 0f85 ce0f | 0000 498b | ed49 8b87 | b801 0000 | 4c8b d049 | 83c2 304d 
  0x000001e37980a1e4: 3b97 c801 | 0000 0f83 | 3008 0000 | 4d89 97b8 | 0100 0041 | 0f18 8200 | 0100 0048 | c700 0100 
  0x000001e37980a204: ;   {metadata('java/io/FileInputStream')}
  0x000001e37980a204: 0000 c740 | 08a8 1307 | 0044 8960 | 0c4c 8960 | 104c 8960 | 184c 8960 | 204c 8960 | 284c 896c 
  0x000001e37980a224: 2420 4489 | 7424 284c | 8bd0 4c89 | 5424 4844 | 8b5d 184d | 8bc3 49c1 | e003 498b | d266 6690 
  0x000001e37980a244: ;   {optimized virtual_call}
  0x000001e37980a244: c5f8 77e8 

  0x000001e37980a248: ; ImmutableOopMap {rbp=Oop [32]=Oop [48]=Oop [56]=Oop [72]=Oop [112]=NarrowOop }
                      ;*invokespecial <init> {reexecute=0 rethrow=0 return_oop=0}
                      ; - jdk.internal.loader.URLClassPath$FileLoader$1::getInputStream@8
                      ; - jdk.internal.loader.Resource::cachedInputStream@9
                      ; - jdk.internal.loader.Resource::getByteBuffer@1
                      ; - java.net.URLClassLoader::defineClass@132
  0x000001e37980a248: 3448 adfe 

  0x000001e37980a24c: ;   {other}
  0x000001e37980a24c: 0f1f 8400 | bc11 000d | 488b 5c24 | 48e9 25f9 

  0x000001e37980a25c: ;   {oop(""{0x000000070057f108})}
  0x000001e37980a25c: ffff 48bb | 08f1 5700 | 0700 0000 | e9e0 f5ff | ff44 8b5d | 2045 85db | 0f84 9cfb | ffff 4d8b 
  0x000001e37980a27c: 5728 498b | cb48 c1e1 | 034d 85d2 | 0f84 160b | 0000 4d8b | 5f38 4b89 | 4c13 f849 | 83c2 f84d 
  0x000001e37980a29c: 8957 28e9 | 72fb ffff | 4d8b 5758 | 4d8b 5f48 | f083 4424 | c000 8039 | 000f 8497 | fbff ff44 
  0x000001e37980a2bc: 8821 4d85 | db75 2049 | 8bd7 c5f8 | 7749 baf0 | 21b4 ebfb | 7f00 0041 

  0x000001e37980a2d4: ;   {other}
  0x000001e37980a2d4: ffd2 0f1f | 8400 0000 | 0000 e96f | fbff ff4b | 894c 1af8 | 4983 c3f8 | 4d89 5f48 | e95d fbff 
  0x000001e37980a2f4: ff44 8b53 | 1445 85d2 | 0f84 10f5 | ffff 4d8b | 5f28 498b | ca48 c1e1 | 034d 85db | 0f84 620b 
  0x000001e37980a314: 0000 4d8b | 5738 4b89 | 4c1a f849 | 83c3 f84d | 895f 28e9 | e6f4 ffff | 4d8b 5748 | 4d8b 5f58 
  0x000001e37980a334: f083 4424 | c000 8039 | 000f 8406 | f5ff ff44 | 8821 4d85 | d275 2049 | 8bd7 c5f8 | 7749 baf0 
  0x000001e37980a354: 21b4 ebfb | 7f00 0041 

  0x000001e37980a35c: ;   {other}
  0x000001e37980a35c: ffd2 0f1f | 8400 0000 | 0000 e9de | f4ff ff4b | 894c 13f8 | 4983 c2f8 | 4d89 5748 | e9cc f4ff 
  0x000001e37980a37c: ff4c 8b6c | 2420 458b | 550c 4585 | d20f 8404 | f8ff ff4d | 8b5f 2849 | 8bca 48c1 | e103 4d85 
  0x000001e37980a39c: db0f 8455 | 0c00 004d | 8b57 384b | 894c 1af8 | 4983 c3f8 | 4d89 5f28 | e9da f7ff | ff4d 8b57 
  0x000001e37980a3bc: 584d 8b5f | 48f0 8344 | 24c0 0080 | 3900 0f84 | fff7 ffff | 4488 214d | 85db 7520 | 498b d7c5 
  0x000001e37980a3dc: f877 49ba | f021 b4eb | fb7f 0000 

  0x000001e37980a3e8: ;   {other}
  0x000001e37980a3e8: 41ff d20f | 1f84 0000 | 0000 00e9 | d7f7 ffff | 4b89 4c1a | f849 83c3 | f84d 895f | 48e9 c5f7 
  0x000001e37980a408: ffff 470f | b65c c411 | 4585 db0f | 852b f5ff | ff8b 6c24 | 2c66 6690 

  0x000001e37980a420: ;   {static_call}
  0x000001e37980a420: c5f8 77e8 

  0x000001e37980a424: ; ImmutableOopMap {rbp=NarrowOop [32]=Oop [48]=Oop [56]=Oop [72]=Oop [80]=Oop [88]=Oop [112]=NarrowOop }
                      ;*invokestatic beginInit {reexecute=0 rethrow=0 return_oop=1}
                      ; - java.util.jar.JarFile::ensureInitialization@31
                      ; - java.util.jar.JavaUtilJarAccessImpl::ensureInitialization@1
                      ; - jdk.internal.loader.URLClassPath$JarLoader$2::getManifest@10
                      ; - java.net.URLClassLoader::defineClass@34
  0x000001e37980a424: 584c adfe 

  0x000001e37980a428: ;   {other}
  0x000001e37980a428: 0f1f 8400 | 9813 000e | 4889 4424 | 2848 8b54 | 2450 6690 

  0x000001e37980a43c: ;   {optimized virtual_call}
  0x000001e37980a43c: c5f8 77e8 

  0x000001e37980a440: ; ImmutableOopMap {rbp=NarrowOop [32]=Oop [40]=Oop [48]=Oop [56]=Oop [72]=Oop [80]=Oop [88]=Oop [112]=NarrowOop }
                      ;*invokevirtual initializeVerifier {reexecute=0 rethrow=0 return_oop=0}
                      ; - java.util.jar.JarFile::ensureInitialization@36
                      ; - java.util.jar.JavaUtilJarAccessImpl::ensureInitialization@1
                      ; - jdk.internal.loader.URLClassPath$JarLoader$2::getManifest@10
                      ; - java.net.URLClassLoader::defineClass@34
  0x000001e37980a440: 3c46 adfe 

  0x000001e37980a444: ;   {other}
  0x000001e37980a444: 0f1f 8400 | b413 000f | 41c6 44ec | 1101 488b | 5424 2848 | 8b6c 2438 

  0x000001e37980a45c: ;   {static_call}
  0x000001e37980a45c: c5f8 77e8 

  0x000001e37980a460: ; ImmutableOopMap {rbp=Oop [32]=Oop [48]=Oop [56]=Oop [72]=Oop [80]=Oop [88]=Oop [112]=NarrowOop }
                      ;*invokestatic endInit {reexecute=0 rethrow=0 return_oop=0}
                      ; - java.util.jar.JarFile::ensureInitialization@45
                      ; - java.util.jar.JavaUtilJarAccessImpl::ensureInitialization@1
                      ; - jdk.internal.loader.URLClassPath$JarLoader$2::getManifest@10
                      ; - java.net.URLClassLoader::defineClass@34
  0x000001e37980a460: 1c4c adfe 

  0x000001e37980a464: ;   {other}
  0x000001e37980a464: 0f1f 8400 | d413 0010 | e9d3 f4ff | ff4c 63c5 | 4d8d 5010 | 498b ca48 | 83e1 f848 | 8bfe 4803 
  0x000001e37980a484: f949 c1ea | 0349 2bd2 | 488b ca48 | 33c0 4883 | f908 7f10 | 48ff c978 | 4f48 8904 | cf48 ffc9 
  0x000001e37980a4a4: 7df7 eb44 | c5fd efc0 | e90d 0000 | 00c5 fe7f | 07c5 fe7f | 4720 4883 | c740 4883 | e908 7ded 
  0x000001e37980a4c4: 4883 c104 | 7c0c c5fe | 7f07 4883 | c720 4883 | e904 4883 | c104 7e10 | 48ff c9c5 | f9d6 0748 
  0x000001e37980a4e4: 83c7 0848 | ffc9 7df3 | 498b c949 | 8bd3 c5f8 | 7749 bac0 | 7a2c 78e3 | 0100 0041 

  0x000001e37980a500: ;   {other}
  0x000001e37980a500: ffd2 0f1f | 8400 0000 | 0000 e96b | f2ff ff44 | 8b49 0c4d | 63c1 49c1 | e002 4181 | f900 0004 
  0x000001e37980a520: 000f 8792 | 0b00 0049 | 8b9f b801 | 0000 4d8d | 5017 4983 | e2f8 4c8b | db4d 03da | 4d3b 9fc8 
  0x000001e37980a540: 0100 000f | 8370 0b00 | 004d 899f | b801 0000 | 410f 1883 | 0001 0000 | 48c7 0301 | 0000 0041 
  0x000001e37980a560: 0f18 8340 

  0x000001e37980a564: ;   {metadata('java/security/CodeSigner'[])}
  0x000001e37980a564: 0100 00c7 | 4308 103d | 5f00 4489 | 4b0c 410f | 1883 8001 | 0000 4883 | c110 488b | d348 83c2 
  0x000001e37980a584: 1049 83c0 | 0749 c1e8 | 03c5 f877 | 49ba 6081 | 2c78 e301 | 0000 41ff 

  0x000001e37980a59c: ;   {other}
  0x000001e37980a59c: d20f 1f84 | 0000 0000 | 0041 807f | 4000 0f85 | 0c0a 0000 | 4c8b d349 | c1ea 034c | 8b5c 2448 
  0x000001e37980a5bc: 4589 5310 | 4d8b d34c | 8bdb 4d33 | da49 c1eb | 154d 85db | 0f84 8af8 | ffff 49c1 | ea09 49b8 
  0x000001e37980a5dc: 0000 77fd | e201 0000 | 4d03 c241 | 8038 020f | 846f f8ff | ff4d 8b57 | 584d 8b5f | 48f0 8344 
  0x000001e37980a5fc: 24c0 0041 | 8038 000f | 8457 f8ff | ff45 8820 | 4d85 db75 | 2349 8bc8 | 498b d7c5 | f877 49ba 
  0x000001e37980a61c: f021 b4eb | fb7f 0000 

  0x000001e37980a624: ;   {other}
  0x000001e37980a624: 41ff d20f | 1f84 0000 | 0000 00e9 | 2cf8 ffff | 4f89 441a | f849 83c3 | f84d 895f | 48e9 1af8 
  0x000001e37980a644: ;   {metadata('jdk/internal/loader/URLClassPath$FileLoader$1')}
  0x000001e37980a644: ffff 4181 | faf8 4cbc | 000f 8585 | 0b00 0033 | c0e9 c7f3 | ffff 4c89 | 4424 4848 | 8b54 2438 
  0x000001e37980a664: 4c8b 4424 | 5845 33c9 | 33ff 33f6 | 33c9 4533 | d24c 8914 | 244c 8954 | 2408 4c89 | 5424 1090 
  0x000001e37980a684: ;   {optimized virtual_call}
  0x000001e37980a684: c5f8 77e8 

  0x000001e37980a688: ; ImmutableOopMap {[32]=Oop [48]=Oop [56]=Oop [72]=Oop [88]=Oop [112]=NarrowOop }
                      ;*invokevirtual definePackage {reexecute=0 rethrow=0 return_oop=1}
                      ; - java.net.URLClassLoader::defineClass@81
  0x000001e37980a688: b4bd 67f9 

  0x000001e37980a68c: ;   {other}
  0x000001e37980a68c: 0f1f 8400 | fc15 0011 | e9a7 faff | ff4c 896c | 2420 488b | 6c24 3049 | 8bd3 48c1 | e203 4533 
  0x000001e37980a6ac: c045 8bca 

  0x000001e37980a6b0: ;   {static_call}
  0x000001e37980a6b0: c5f8 77e8 

  0x000001e37980a6b4: ; ImmutableOopMap {rbp=Oop [32]=Oop [56]=Oop [112]=NarrowOop }
                      ;*invokestatic newString {reexecute=0 rethrow=0 return_oop=1}
                      ; - java.lang.String::substring@54
                      ; - java.net.URLClassLoader::defineClass@28
  0x000001e37980a6b4: c849 adfe 

  0x000001e37980a6b8: ;   {other}
  0x000001e37980a6b8: 0f1f 8400 | 2816 0012 | 4889 6c24 | 304c 8b6c | 2420 488b | d8e9 7bf1 | ffff 4c89 | 5c24 2049 
  0x000001e37980a6d8: 8bd3 6690 

  0x000001e37980a6dc: ;   {optimized virtual_call}
  0x000001e37980a6dc: c5f8 77e8 

  0x000001e37980a6e0: ; ImmutableOopMap {rbp=NarrowOop [32]=Oop [40]=Oop [48]=Oop [56]=Oop [112]=NarrowOop }
                      ;*invokevirtual realEntry {reexecute=0 rethrow=0 return_oop=1}
                      ; - java.util.jar.JarFile$JarFileEntry::getCodeSigners@46
                      ; - jdk.internal.loader.URLClassPath$JarLoader$2::getCodeSigners@4
                      ; - java.net.URLClassLoader::defineClass@185
  0x000001e37980a6e0: 9c43 adfe 

  0x000001e37980a6e4: ;   {other}
  0x000001e37980a6e4: 0f1f 8400 | 5416 0013 | 498d 14ec | 4c8b c048 | 8b6c 2438 

  0x000001e37980a6f8: ;   {optimized virtual_call}
  0x000001e37980a6f8: c5f8 77e8 

  0x000001e37980a6fc: ; ImmutableOopMap {rbp=Oop [32]=Oop [40]=Oop [48]=Oop [56]=Oop [112]=NarrowOop }
                      ;*invokevirtual getCodeSigners {reexecute=0 rethrow=0 return_oop=1}
                      ; - java.util.jar.JarFile$JarFileEntry::getCodeSigners@49
                      ; - jdk.internal.loader.URLClassPath$JarLoader$2::getCodeSigners@4
                      ; - java.net.URLClassLoader::defineClass@185
  0x000001e37980a6fc: 8043 adfe 

  0x000001e37980a700: ;   {other}
  0x000001e37980a700: 0f1f 8400 | 7016 0014 | 488b d841 | 807f 4000 | 0f85 1009 | 0000 488b | 7c24 204c | 8bcb 4d8b 
  0x000001e37980a720: c149 c1e8 | 0344 8947 | 5c4c 8bd7 | 4d8b d94d | 33da 49c1 | eb15 4d85 | db0f 84d9 | 0800 004d 
  0x000001e37980a740: 85c9 0f84 | 41f6 ffff | 49c1 ea09 | 48b9 0000 | 77fd e201 | 0000 4903 | ca80 3902 | 0f85 0009 
  0x000001e37980a760: 0000 478b | 4cc4 0c4b | 8d2c c449 | 63f9 48c1 | e702 4181 | f900 0004 | 000f 8775 | 0900 0049 
  0x000001e37980a780: 8b9f b801 | 0000 4c8d | 5717 4983 | e2f8 4c8b | db4d 03da | 4d3b 9fc8 | 0100 000f | 8353 0900 
  0x000001e37980a7a0: 004d 899f | b801 0000 | 410f 1883 | 0001 0000 | 48c7 0301 | 0000 0041 | 0f18 8340 

  0x000001e37980a7bc: ;   {metadata('java/security/CodeSigner'[])}
  0x000001e37980a7bc: 0100 00c7 | 4308 103d | 5f00 4489 | 4b0c 410f | 1883 8001 | 0000 4b8d | 4cc4 1048 | 8bd3 4883 
  0x000001e37980a7dc: c210 4883 | c707 48c1 | ef03 4c8b | c7c5 f877 | 49ba 6081 | 2c78 e301 | 0000 41ff 

  0x000001e37980a7f8: ;   {other}
  0x000001e37980a7f8: d20f 1f84 | 0000 0000 | 004c 8bc3 | e983 f5ff | ff49 8be8 

  0x000001e37980a80c: ;   {metadata('java/security/CodeSource')}
  0x000001e37980a80c: 48ba f060 | 0500 0800 | 0000 6690 

  0x000001e37980a818: ;   {runtime_call _new_instance_Java}
  0x000001e37980a818: c5f8 77e8 

  0x000001e37980a81c: ; ImmutableOopMap {rbp=Oop [40]=Oop [48]=Oop [56]=Oop [112]=NarrowOop }
                      ;*new {reexecute=0 rethrow=0 return_oop=1}
                      ; - java.net.URLClassLoader::defineClass@190
  0x000001e37980a81c: 6084 b9fe 

  0x000001e37980a820: ;   {other}
  0x000001e37980a820: 0f1f 8400 | 9017 0015 | 4c8b c54c | 8bc8 e9a2 

  0x000001e37980a830: ;   {metadata('java/security/SecureClassLoader$CodeSourceKey')}
  0x000001e37980a830: f5ff ff48 | bae8 8709 | 0008 0000 | 0048 8b6c | 2438 4489 | 5c24 4490 

  0x000001e37980a848: ;   {runtime_call _new_instance_Java}
  0x000001e37980a848: c5f8 77e8 

  0x000001e37980a84c: ; ImmutableOopMap {rbp=Oop [40]=Oop [48]=Oop [56]=Oop [72]=Oop }
                      ;*new {reexecute=0 rethrow=0 return_oop=1}
                      ; - java.security.SecureClassLoader::getProtectionDomain@6
                      ; - java.security.SecureClassLoader::defineClass@9
                      ; - java.net.URLClassLoader::defineClass@220
  0x000001e37980a84c: 3084 b9fe 

  0x000001e37980a850: ;   {other}
  0x000001e37980a850: 0f1f 8400 | c017 0016 | 448b 5c24 | 444c 8bc0 | e9b3 f7ff 

  0x000001e37980a864: ;   {metadata('java/security/SecureClassLoader$1')}
  0x000001e37980a864: ff48 ba28 | 8a09 0008 | 0000 0044 | 895c 2444 | 4c89 4424 | 5066 6690 

  0x000001e37980a87c: ;   {runtime_call _new_instance_Java}
  0x000001e37980a87c: c5f8 77e8 

  0x000001e37980a880: ; ImmutableOopMap {rbp=NarrowOop [40]=Oop [48]=Oop [56]=Oop [80]=Oop }
                      ;*new {reexecute=0 rethrow=0 return_oop=1}
                      ; - java.security.SecureClassLoader::getProtectionDomain@20
                      ; - java.security.SecureClassLoader::defineClass@9
                      ; - java.net.URLClassLoader::defineClass@220
  0x000001e37980a880: fc83 b9fe 

  0x000001e37980a884: ;   {other}
  0x000001e37980a884: 0f1f 8400 | f417 0017 | 4c8b c844 | 8b5c 2444 | 4c8b 4424 | 50e9 c9f7 | ffff 894c | 244c 4489 
  0x000001e37980a8a4: 5c24 4844 | 8954 2428 | 4c89 6c24 | 2048 8b6c 

  0x000001e37980a8b4: ;   {metadata('java/lang/String')}
  0x000001e37980a8b4: 2430 48ba | 9020 0400 | 0800 0000 

  0x000001e37980a8c0: ;   {runtime_call _new_instance_Java}
  0x000001e37980a8c0: c5f8 77e8 

  0x000001e37980a8c4: ; ImmutableOopMap {rbp=Oop [32]=Oop [56]=Oop [72]=NarrowOop [112]=NarrowOop }
                      ;*new {reexecute=0 rethrow=0 return_oop=1}
                      ; - java.lang.StringLatin1::newString@7
                      ; - java.lang.String::substring@41
                      ; - java.net.URLClassLoader::defineClass@28
  0x000001e37980a8c4: b883 b9fe 

  0x000001e37980a8c8: ;   {other}
  0x000001e37980a8c8: 0f1f 8400 | 3818 0018 | 4889 6c24 | 304c 8b6c | 2420 448b | 5424 2844 | 8b5c 2448 | 8b4c 244c 
  0x000001e37980a8e8: 488b d8e9 | a4ed ffff | 4c89 4424 | 584c 894c | 2450 4889 | 5c24 4844 | 895c 242c | 4c89 6c24 
  0x000001e37980a908: 2048 8b6c 

  0x000001e37980a90c: ;   {metadata({type array byte})}
  0x000001e37980a90c: 2430 48ba | c80a 0400 | 0800 0000 | 448b c190 

  0x000001e37980a91c: ;   {runtime_call _new_array_nozero_Java}
  0x000001e37980a91c: c5f8 77e8 

  0x000001e37980a920: ; ImmutableOopMap {rbp=Oop [32]=Oop [44]=NarrowOop [56]=Oop [72]=Oop [112]=NarrowOop [120]=Oop [80]=Derived_oop_[120] }
                      ;*invokevirtual clone {reexecute=1 rethrow=0 return_oop=1}
                      ; - (reexecute) java.util.Arrays::copyOfRange@18
                      ; - java.lang.StringLatin1::newString@16
                      ; - java.lang.String::substring@41
                      ; - java.net.URLClassLoader::defineClass@28
  0x000001e37980a920: 5c9a b9fe 

  0x000001e37980a924: ;   {other}
  0x000001e37980a924: 0f1f 8400 | 9418 0019 | 4889 6c24 | 304c 8b6c | 2420 488b | 5c24 484c | 8b4c 2450 | 4c8b 4424 
  0x000001e37980a944: 5848 8bf0 | e990 eeff | ff4c 8944 | 2468 4889 | 5424 604c | 894c 2458 | 4889 5c24 | 5044 8b5c 
  0x000001e37980a964: 2470 4489 | 5c24 4c44 | 8954 2448 | 4c89 6c24 | 284c 8b54 | 2430 4c89 

  0x000001e37980a97c: ;   {metadata({type array byte})}
  0x000001e37980a97c: 5424 2048 | bac8 0a04 | 0008 0000 | 0044 8b44 | 2448 6690 

  0x000001e37980a990: ;   {runtime_call _new_array_nozero_Java}
  0x000001e37980a990: c5f8 77e8 

  0x000001e37980a994: ; ImmutableOopMap {[32]=Oop [40]=Oop [56]=Oop [76]=NarrowOop [80]=Oop [120]=Oop [88]=Derived_oop_[120] }
                      ;*newarray {reexecute=0 rethrow=0 return_oop=1}
                      ; - java.util.Arrays::copyOfRangeByte@10
                      ; - java.util.Arrays::copyOfRange@13
                      ; - java.lang.StringLatin1::newString@16
                      ; - java.lang.String::substring@41
                      ; - java.net.URLClassLoader::defineClass@28
  0x000001e37980a994: e899 b9fe 

  0x000001e37980a998: ;   {other}
  0x000001e37980a998: 0f1f 8400 | 0819 001a | 4c8b 5424 | 204c 8954 | 2430 4c8b | 6c24 2844 | 8b54 2448 | 448b 4424 
  0x000001e37980a9b8: 4c44 8944 | 2470 488b | 5c24 504c | 8b4c 2458 | 488b f048 | 8b54 2460 | 4c8b 4424 | 68e9 5eed 
  0x000001e37980a9d8: ffff 488b | d548 c1e2 | 0341 b82e | 0000 0048 | 8b6c 2438 

  0x000001e37980a9ec: ;   {static_call}
  0x000001e37980a9ec: c5f8 77e8 

  0x000001e37980a9f0: ; ImmutableOopMap {rbp=Oop [40]=Oop [48]=Oop [56]=Oop }
                      ;*invokestatic lastIndexOf {reexecute=0 rethrow=0 return_oop=0}
                      ; - java.lang.String::lastIndexOf@25
                      ; - java.lang.String::lastIndexOf@8
                      ; - java.net.URLClassLoader::defineClass@7
  0x000001e37980a9f0: 8c46 adfe 

  0x000001e37980a9f4: ;   {other}
  0x000001e37980a9f4: 0f1f 8400 | 6419 001b | 448b d0e9 | d5eb ffff | bae4 ffff | ff44 8954 | 2424 6690 

  0x000001e37980aa10: ;   {runtime_call UncommonTrapBlob}
  0x000001e37980aa10: c5f8 77e8 

  0x000001e37980aa14: ; ImmutableOopMap {rbp=NarrowOop [40]=Oop [48]=Oop [56]=Oop }
                      ;*baload {reexecute=0 rethrow=0 return_oop=0}
                      ; - java.lang.StringLatin1::lastIndexOf@24
                      ; - java.lang.String::lastIndexOf@13
                      ; - java.lang.String::lastIndexOf@8
                      ; - java.net.URLClassLoader::defineClass@7
  0x000001e37980aa14: e89b adfe 

  0x000001e37980aa18: ;   {other}
  0x000001e37980aa18: 0f1f 8400 | 8819 001c | 4489 7424 | 284c 896c 

  0x000001e37980aa28: ;   {metadata('java/io/FileInputStream')}
  0x000001e37980aa28: 2420 48ba | a813 0700 | 0800 0000 

  0x000001e37980aa34: ;   {runtime_call _new_instance_Java}
  0x000001e37980aa34: c5f8 77e8 

  0x000001e37980aa38: ; ImmutableOopMap {rbp=Oop [32]=Oop [48]=Oop [56]=Oop [112]=NarrowOop }
                      ;*new {reexecute=0 rethrow=0 return_oop=1}
                      ; - jdk.internal.loader.URLClassPath$FileLoader$1::getInputStream@0
                      ; - jdk.internal.loader.Resource::cachedInputStream@9
                      ; - jdk.internal.loader.Resource::getByteBuffer@1
                      ; - java.net.URLClassLoader::defineClass@132
  0x000001e37980aa38: 4482 b9fe 

  0x000001e37980aa3c: ;   {other}
  0x000001e37980aa3c: 0f1f 8400 | ac19 001d | e9e2 f7ff | ffba 45ff | ffff 4c8b | 5424 384c | 8954 2420 | 4c8b 5424 
  0x000001e37980aa5c: 304c 8954 | 2428 4c89 | 6c24 304c | 8b54 2440 | 4c89 5424 | 3866 6690 

  0x000001e37980aa74: ;   {runtime_call UncommonTrapBlob}
  0x000001e37980aa74: c5f8 77e8 

  0x000001e37980aa78: ; ImmutableOopMap {rbp=NarrowOop [32]=Oop [40]=Oop [48]=Oop [112]=NarrowOop }
                      ;*ifeq {reexecute=1 rethrow=0 return_oop=0}
                      ; - (reexecute) jdk.internal.loader.Resource::getByteBuffer@9
                      ; - java.net.URLClassLoader::defineClass@132
  0x000001e37980aa78: 849b adfe 

  0x000001e37980aa7c: ;   {other}
  0x000001e37980aa7c: 0f1f 8400 | ec19 001e | bae4 ffff | ff4c 8b54 | 2438 4c89 | 5424 204c | 8b54 2448 | 4c89 5424 
  0x000001e37980aa9c: 384c 8944 | 2440 4489 | 5c24 4c90 

  0x000001e37980aaa8: ;   {runtime_call UncommonTrapBlob}
  0x000001e37980aaa8: c5f8 77e8 

  0x000001e37980aaac: ; ImmutableOopMap {[32]=Oop [40]=Oop [48]=Oop [56]=Oop [76]=NarrowOop }
                      ;*invokestatic checkIndex {reexecute=0 rethrow=0 return_oop=0}
                      ; - java.nio.Buffer::checkIndex@8
                      ; - java.nio.DirectLongBufferU::get@11
                      ; - jdk.internal.perf.PerfCounter::get@5
                      ; - jdk.internal.perf.PerfCounter::add@1
                      ; - jdk.internal.perf.PerfCounter::addElapsedTimeFrom@6
                      ; - java.net.URLClassLoader::defineClass@207
  0x000001e37980aaac: 509b adfe 

  0x000001e37980aab0: ;   {other}
  0x000001e37980aab0: 0f1f 8400 | 201a 001f | 4c89 6c24 | 2048 8b6c | 2430 498b | d54c 8d84 | 2480 0000 | 0066 6690 
  0x000001e37980aad0: ;   {runtime_call _complete_monitor_locking_Java}
  0x000001e37980aad0: c5f8 77e8 

  0x000001e37980aad4: ; ImmutableOopMap {rbp=Oop [32]=Oop [56]=Oop [112]=NarrowOop }
                      ;*synchronization entry
                      ; - jdk.internal.loader.Resource::cachedInputStream@-1
                      ; - jdk.internal.loader.Resource::getByteBuffer@1
                      ; - java.net.URLClassLoader::defineClass@132
  0x000001e37980aad4: a8c7 b9fe 

  0x000001e37980aad8: ;   {other}
  0x000001e37980aad8: 0f1f 8400 | 481a 0020 | 4889 6c24 | 304c 8b6c | 2420 e92b | f0ff ff49 | 8bcd 488d | 9424 8000 
  0x000001e37980aaf8: 0000 4d8b | c7c5 f877 | 49ba 10c6 | f5eb fb7f | 0000 41ff 

  0x000001e37980ab0c: ;   {other}
  0x000001e37980ab0c: d20f 1f84 | 0000 0000 | 00e9 5bf1 | ffff 4c89 | 4424 2048 | 8b6c 2448 

  0x000001e37980ab24: ;   {oop(a 'jdk/internal/perf/PerfCounter'{0x000000070057f488})}
  0x000001e37980ab24: 48ba 88f4 | 5700 0700 | 0000 4c8d | 8424 8000 | 0000 6690 

  0x000001e37980ab38: ;   {runtime_call _complete_monitor_locking_Java}
  0x000001e37980ab38: c5f8 77e8 

  0x000001e37980ab3c: ; ImmutableOopMap {rbp=Oop [40]=Oop [48]=Oop [56]=Oop [72]=Oop }
                      ;*synchronization entry
                      ; - jdk.internal.perf.PerfCounter::add@-1
                      ; - jdk.internal.perf.PerfCounter::addElapsedTimeFrom@6
                      ; - java.net.URLClassLoader::defineClass@207
  0x000001e37980ab3c: 40c7 b9fe 

  0x000001e37980ab40: ;   {other}
  0x000001e37980ab40: 0f1f 8400 | b01a 0021 | 4c8b 4424 | 20e9 a3f3 | ffff bacc | ffff ff4c | 8b54 2438 | 4c89 5424 
  0x000001e37980ab60: 204c 8b54 | 2448 4c89 | 5424 384c | 8944 2440 | 4489 5c24 | 4c66 6690 

  0x000001e37980ab78: ;   {runtime_call UncommonTrapBlob}
  0x000001e37980ab78: c5f8 77e8 

  0x000001e37980ab7c: ; ImmutableOopMap {[32]=Oop [40]=Oop [48]=Oop [56]=Oop [76]=NarrowOop }
                      ;*invokestatic checkIndex {reexecute=0 rethrow=0 return_oop=0}
                      ; - java.nio.Buffer::checkIndex@8
                      ; - java.nio.DirectLongBufferU::get@11
                      ; - jdk.internal.perf.PerfCounter::get@5
                      ; - jdk.internal.perf.PerfCounter::add@1
                      ; - jdk.internal.perf.PerfCounter::addElapsedTimeFrom@6
                      ; - java.net.URLClassLoader::defineClass@207
  0x000001e37980ab7c: 809a adfe 

  0x000001e37980ab80: ;   {other}
  0x000001e37980ab80: 0f1f 8400 | f01a 0022 

  0x000001e37980ab88: ;   {oop(a 'jdk/internal/perf/PerfCounter'{0x000000070057f488})}
  0x000001e37980ab88: 48b9 88f4 | 5700 0700 | 0000 488d | 9424 8000 | 0000 4d8b | c7c5 f877 | 49ba 10c6 | f5eb fb7f 
  0x000001e37980aba8: 0000 41ff 

  0x000001e37980abac: ;   {other}
  0x000001e37980abac: d20f 1f84 | 0000 0000 | 00e9 18f4 | ffff bade | ffff ff4c | 8b54 2438 | 4c89 5424 | 2044 895c 
  0x000001e37980abcc: 2438 4c89 | 4424 404c | 894c 2448 

  0x000001e37980abd8: ;   {runtime_call UncommonTrapBlob}
  0x000001e37980abd8: c5f8 77e8 

  0x000001e37980abdc: ; ImmutableOopMap {rbp=NarrowOop [32]=Oop [40]=Oop [48]=Oop [64]=Oop [72]=Oop }
                      ;*invokeinterface computeIfAbsent {reexecute=0 rethrow=0 return_oop=0}
                      ; - java.security.SecureClassLoader::getProtectionDomain@28
                      ; - java.security.SecureClassLoader::defineClass@9
                      ; - java.net.URLClassLoader::defineClass@220
  0x000001e37980abdc: 209a adfe 

  0x000001e37980abe0: ;   {other}
  0x000001e37980abe0: 0f1f 8400 | 501b 0023 | baf6 ffff | ff48 8b6c | 2438 4c8b | 5c24 304c | 895c 2420 | 4c89 5424 
  0x000001e37980ac00: 284c 8b54 | 2440 4c89 | 5424 3090 

  0x000001e37980ac0c: ;   {runtime_call UncommonTrapBlob}
  0x000001e37980ac0c: c5f8 77e8 

  0x000001e37980ac10: ; ImmutableOopMap {rbp=Oop [32]=Oop [40]=Oop [88]=Oop [112]=NarrowOop }
                      ;*invokevirtual ensureInitialization {reexecute=0 rethrow=0 return_oop=0}
                      ; - java.util.jar.JavaUtilJarAccessImpl::ensureInitialization@1
                      ; - jdk.internal.loader.URLClassPath$JarLoader$2::getManifest@10
                      ; - java.net.URLClassLoader::defineClass@34
  0x000001e37980ac10: ec99 adfe 

  0x000001e37980ac14: ;   {other}
  0x000001e37980ac14: 0f1f 8400 | 841b 0024 | baf6 ffff | ff48 8b6c | 2438 4c8b | 5424 304c | 8954 2420 | 4c8b 5424 
  0x000001e37980ac34: 404c 8954 | 2430 4c89 | 5c24 4090 

  0x000001e37980ac40: ;   {runtime_call UncommonTrapBlob}
  0x000001e37980ac40: c5f8 77e8 

  0x000001e37980ac44: ; ImmutableOopMap {rbp=Oop [32]=Oop [40]=Oop [64]=Oop [112]=NarrowOop }
                      ;*invokevirtual maybeInstantiateVerifier {reexecute=0 rethrow=0 return_oop=0}
                      ; - java.util.jar.JarFile$JarFileEntry::getCodeSigners@4
                      ; - jdk.internal.loader.URLClassPath$JarLoader$2::getCodeSigners@4
                      ; - java.net.URLClassLoader::defineClass@185
  0x000001e37980ac44: b899 adfe 

  0x000001e37980ac48: ;   {other}
  0x000001e37980ac48: 0f1f 8400 | b81b 0025 | bade ffff | ff48 8b6c | 2438 4c8b | 5c24 304c | 895c 2420 | 4c8b 5c24 
  0x000001e37980ac68: 404c 895c | 2430 4c89 | 5424 4889 | 4c24 3c44 | 894c 2450 

  0x000001e37980ac7c: ;   {runtime_call UncommonTrapBlob}
  0x000001e37980ac7c: c5f8 77e8 

  0x000001e37980ac80: ; ImmutableOopMap {rbp=Oop [32]=Oop [60]=NarrowOop [72]=Oop [80]=NarrowOop [88]=Oop [112]=NarrowOop }
                      ;*invokeinterface ensureInitialization {reexecute=0 rethrow=0 return_oop=0}
                      ; - jdk.internal.loader.URLClassPath$JarLoader$2::getManifest@10
                      ; - java.net.URLClassLoader::defineClass@34
  0x000001e37980ac80: 7c99 adfe 

  0x000001e37980ac84: ;   {other}
  0x000001e37980ac84: 0f1f 8400 | f41b 0026 | 4c89 4424 | 5044 894c | 242c 4c89 | 5424 484c | 896c 2420 | 488b 6c24 
  0x000001e37980aca4: 3049 8bd0 | 4c8d 8424 | 8000 0000 

  0x000001e37980acb0: ;   {runtime_call _complete_monitor_locking_Java}
  0x000001e37980acb0: c5f8 77e8 

  0x000001e37980acb4: ; ImmutableOopMap {rbp=Oop [32]=Oop [44]=NarrowOop [56]=Oop [72]=Oop [80]=Oop [88]=Oop [112]=NarrowOop }
                      ;*synchronization entry
                      ; - java.util.jar.JarFile::ensureInitialization@-1
                      ; - java.util.jar.JavaUtilJarAccessImpl::ensureInitialization@1
                      ; - jdk.internal.loader.URLClassPath$JarLoader$2::getManifest@10
                      ; - java.net.URLClassLoader::defineClass@34
  0x000001e37980acb4: c8c5 b9fe 

  0x000001e37980acb8: ;   {other}
  0x000001e37980acb8: 0f1f 8400 | 281c 0027 | 4889 6c24 | 304c 8b54 | 2448 4c8b | 4424 50e9 | 40ec ffff | 498b cb48 
  0x000001e37980acd8: 8d94 2480 | 0000 004d | 8bc7 c5f8 | 7749 ba10 | c6f5 ebfb | 7f00 0041 

  0x000001e37980acf0: ;   {other}
  0x000001e37980acf0: ffd2 0f1f | 8400 0000 | 0000 e9e5 | ecff ffba | deff ffff | 4c8b 5424 | 384c 8954 | 2420 4c8b 
  0x000001e37980ad10: 5424 304c | 8954 2428 | 4c89 4424 | 304c 8b54 | 2440 4c89 | 5424 3890 

  0x000001e37980ad28: ;   {runtime_call UncommonTrapBlob}
  0x000001e37980ad28: c5f8 77e8 

  0x000001e37980ad2c: ; ImmutableOopMap {rbp=NarrowOop [32]=Oop [40]=Oop [48]=Oop [88]=Oop [112]=NarrowOop }
                      ;*invokevirtual getManifest {reexecute=0 rethrow=0 return_oop=0}
                      ; - jdk.internal.loader.URLClassPath$JarLoader$2::getManifest@22
                      ; - java.net.URLClassLoader::defineClass@34
  0x000001e37980ad2c: d098 adfe 

  0x000001e37980ad30: ;   {other}
  0x000001e37980ad30: 0f1f 8400 | a01c 0028 | bade ffff | ff4c 8b54 | 2438 4c89 | 5424 204c | 8b54 2440 | 4c89 5424 
  0x000001e37980ad50: 3866 6690 

  0x000001e37980ad54: ;   {runtime_call UncommonTrapBlob}
  0x000001e37980ad54: c5f8 77e8 

  0x000001e37980ad58: ; ImmutableOopMap {rbp=NarrowOop [32]=Oop [40]=Oop [48]=Oop [112]=NarrowOop }
                      ;*invokevirtual getCodeSigners {reexecute=0 rethrow=0 return_oop=0}
                      ; - jdk.internal.loader.URLClassPath$JarLoader$2::getCodeSigners@4
                      ; - java.net.URLClassLoader::defineClass@185
  0x000001e37980ad58: a498 adfe 

  0x000001e37980ad5c: ;   {other}
  0x000001e37980ad5c: 0f1f 8400 | cc1c 0029 | baf6 ffff | ff4c 8b54 | 2438 4c89 | 5424 204c | 8b54 2430 | 4c89 5424 
  0x000001e37980ad7c: 284c 896c | 2430 4c8b | 5424 404c | 8954 2438 | 4c89 4c24 | 4866 6690 

  0x000001e37980ad94: ;   {runtime_call UncommonTrapBlob}
  0x000001e37980ad94: c5f8 77e8 

  0x000001e37980ad98: ; ImmutableOopMap {rbp=NarrowOop [32]=Oop [40]=Oop [48]=Oop [72]=Oop [112]=NarrowOop }
                      ;*invokevirtual getInputStream {reexecute=0 rethrow=0 return_oop=0}
                      ; - jdk.internal.loader.URLClassPath$JarLoader$2::getInputStream@11
                      ; - jdk.internal.loader.Resource::cachedInputStream@9
                      ; - jdk.internal.loader.Resource::getByteBuffer@1
                      ; - java.net.URLClassLoader::defineClass@132
  0x000001e37980ad98: 6498 adfe 

  0x000001e37980ad9c: ;   {other}
  0x000001e37980ad9c: 0f1f 8400 | 0c1d 002a | 498b d7c5 | f877 49ba | 1022 b4eb | fb7f 0000 

  0x000001e37980adb4: ;   {other}
  0x000001e37980adb4: 41ff d20f | 1f84 0000 | 0000 00e9 | 52f0 ffff | ba45 ffff | ff44 8954 | 2424 4489 | 5424 284c 
  0x000001e37980add4: 896c 2448 

  0x000001e37980add8: ;   {runtime_call UncommonTrapBlob}
  0x000001e37980add8: c5f8 77e8 

  0x000001e37980addc: ; ImmutableOopMap {[48]=Oop [56]=Oop [72]=Oop [112]=NarrowOop }
                      ;*if_icmpgt {reexecute=1 rethrow=0 return_oop=0}
                      ; - (reexecute) jdk.internal.util.Preconditions::checkFromToIndex@6
                      ; - java.lang.String::checkBoundsBeginEnd@6
                      ; - java.lang.String::substring@8
                      ; - java.net.URLClassLoader::defineClass@28
  0x000001e37980addc: 2098 adfe 

  0x000001e37980ade0: ;   {other}
  0x000001e37980ade0: 0f1f 8400 | 501d 002b | ba45 ffff | ff48 8b6c | 2438 4c8b | 5424 304c | 8954 2420 | 4c8b 5424 
  0x000001e37980ae00: 404c 8954 | 2430 4c89 | 4c24 404c | 8944 2450 

  0x000001e37980ae10: ;   {runtime_call UncommonTrapBlob}
  0x000001e37980ae10: c5f8 77e8 

  0x000001e37980ae14: ; ImmutableOopMap {rbp=Oop [32]=Oop [40]=Oop [64]=Oop [80]=Oop [112]=NarrowOop }
                      ;*ifnull {reexecute=1 rethrow=0 return_oop=0}
                      ; - (reexecute) java.security.CodeSource::<init>@25
                      ; - java.net.URLClassLoader::defineClass@198
  0x000001e37980ae14: e897 adfe 

  0x000001e37980ae18: ;   {other}
  0x000001e37980ae18: 0f1f 8400 | 881d 002c | ba45 ffff | ff4c 8b54 | 2438 4c89 | 5424 204c | 8b54 2448 | 4c89 5424 
  0x000001e37980ae38: 384c 8944 | 2440 4489 | 5c24 4c90 

  0x000001e37980ae44: ;   {runtime_call UncommonTrapBlob}
  0x000001e37980ae44: c5f8 77e8 

  0x000001e37980ae48: ; ImmutableOopMap {rbp=NarrowOop [32]=Oop [40]=Oop [48]=Oop [56]=Oop [76]=NarrowOop }
                      ;*ifnull {reexecute=1 rethrow=0 return_oop=0}
                      ; - (reexecute) java.nio.Buffer::session@4
                      ; - java.nio.DirectLongBufferU::get@4
                      ; - jdk.internal.perf.PerfCounter::get@5
                      ; - jdk.internal.perf.PerfCounter::add@1
                      ; - jdk.internal.perf.PerfCounter::addElapsedTimeFrom@6
                      ; - java.net.URLClassLoader::defineClass@207
  0x000001e37980ae48: b497 adfe 

  0x000001e37980ae4c: ;   {other}
  0x000001e37980ae4c: 0f1f 8400 | bc1d 002d | ba45 ffff | ff44 8954 | 2424 4489 | 5424 284c | 896c 2448 

  0x000001e37980ae68: ;   {runtime_call UncommonTrapBlob}
  0x000001e37980ae68: c5f8 77e8 

  0x000001e37980ae6c: ; ImmutableOopMap {[48]=Oop [56]=Oop [72]=Oop [112]=NarrowOop }
                      ;*if_icmple {reexecute=1 rethrow=0 return_oop=0}
                      ; - (reexecute) jdk.internal.util.Preconditions::checkFromToIndex@11
                      ; - java.lang.String::checkBoundsBeginEnd@6
                      ; - java.lang.String::substring@8
                      ; - java.net.URLClassLoader::defineClass@28
  0x000001e37980ae6c: 9097 adfe 

  0x000001e37980ae70: ;   {other}
  0x000001e37980ae70: 0f1f 8400 | e01d 002e | 498b d7c5 | f877 49ba | 1022 b4eb | fb7f 0000 

  0x000001e37980ae88: ;   {other}
  0x000001e37980ae88: 41ff d20f | 1f84 0000 | 0000 00e9 | 7ae9 ffff | 4963 d2e9 | 1be8 ffff | 4883 c2fe | 488b ca49 
  0x000001e37980aea8: 8bfb 4833 | c048 83f9 | 087f 1048 | ffc9 784f | 4889 04cf | 48ff c97d | f7eb 44c5 | fdef c0e9 
  0x000001e37980aec8: 0d00 0000 | c5fe 7f07 | c5fe 7f47 | 2048 83c7 | 4048 83e9 | 087d ed48 | 83c1 047c | 0cc5 fe7f 
  0x000001e37980aee8: 0748 83c7 | 2048 83e9 | 0448 83c1 | 047e 1048 | ffc9 c5f9 | d607 4883 | c708 48ff | c97d f3e9 
  0x000001e37980af08: 6ee8 ffff | bacc ffff | ff44 8954 | 2420 4c8b | 5424 384c | 8954 2428 | 4c89 6c24 | 3848 895c 
  0x000001e37980af28: 2450 4489 | 5c24 5890 

  0x000001e37980af30: ;   {runtime_call UncommonTrapBlob}
  0x000001e37980af30: c5f8 77e8 

  0x000001e37980af34: ; ImmutableOopMap {[40]=Oop [48]=Oop [56]=Oop [80]=Oop [88]=NarrowOop [112]=NarrowOop }
                      ;*newarray {reexecute=1 rethrow=0 return_oop=0}
                      ; - (reexecute) java.util.Arrays::copyOfRangeByte@10
                      ; - java.util.Arrays::copyOfRange@13
                      ; - java.lang.StringLatin1::newString@16
                      ; - java.lang.String::substring@41
                      ; - java.net.URLClassLoader::defineClass@28
  0x000001e37980af34: c896 adfe 

  0x000001e37980af38: ;   {other}
  0x000001e37980af38: 0f1f 8400 | a81e 002f | 33ed 4585 | db40 0f95 | c5ba 45ff | ffff 448b | 5c24 7044 | 895c 244c 
  0x000001e37980af58: 4889 4424 | 7066 6690 

  0x000001e37980af60: ;   {runtime_call UncommonTrapBlob}
  0x000001e37980af60: c5f8 77e8 

  0x000001e37980af64: ; ImmutableOopMap {[32]=Oop [40]=Oop [48]=Oop [56]=Oop [76]=NarrowOop [88]=Oop [112]=Oop }
                      ;*ifne {reexecute=1 rethrow=0 return_oop=0}
                      ; - (reexecute) java.lang.Package::isSealed@7
                      ; - java.net.URLClassLoader::getAndVerifyPackage@14
                      ; - java.net.URLClassLoader::defineClass@46
  0x000001e37980af64: 9896 adfe 

  0x000001e37980af68: ;   {other}
  0x000001e37980af68: 0f1f 8400 | d81e 0030 | ba45 ffff | ff44 8b5c | 2470 4489 | 5c24 4c48 | 8944 2470 

  0x000001e37980af84: ;   {runtime_call UncommonTrapBlob}
  0x000001e37980af84: c5f8 77e8 

  0x000001e37980af88: ; ImmutableOopMap {rbp=NarrowOop [32]=Oop [40]=Oop [48]=Oop [56]=Oop [76]=NarrowOop [88]=Oop [112]=Oop }
                      ;*ifnull {reexecute=1 rethrow=0 return_oop=0}
                      ; - (reexecute) java.lang.Package::isSealed@17
                      ; - java.net.URLClassLoader::getAndVerifyPackage@14
                      ; - java.net.URLClassLoader::defineClass@46
  0x000001e37980af88: 7496 adfe 

  0x000001e37980af8c: ;   {other}
  0x000001e37980af8c: 0f1f 8400 | fc1e 0031 | ba45 ffff | ff48 8b6c | 2438 4c8b | 5424 404c | 8954 2438 | 8944 2444 
  0x000001e37980afac: ;   {runtime_call UncommonTrapBlob}
  0x000001e37980afac: c5f8 77e8 

  0x000001e37980afb0: ; ImmutableOopMap {rbp=Oop [32]=Oop [40]=Oop [48]=Oop [88]=Oop [112]=NarrowOop }
                      ;*ifeq {reexecute=1 rethrow=0 return_oop=0}
                      ; - (reexecute) java.net.URLClassLoader::getAndVerifyPackage@71
                      ; - java.net.URLClassLoader::defineClass@46
  0x000001e37980afb0: 4c96 adfe 

  0x000001e37980afb4: ;   {other}
  0x000001e37980afb4: 0f1f 8400 | 241f 0032 | 4c8b 5424 | 4845 8b5a | 1045 85db | 0f84 e2f5 | ffff 4d8b | 5728 498b 
  0x000001e37980afd4: cb48 c1e1 | 034d 85d2 | 0f84 2a02 | 0000 4d8b | 5f38 4b89 | 4c13 f849 | 83c2 f84d | 8957 28e9 
  0x000001e37980aff4: b8f5 ffff | 498b d7c5 | f877 49ba | 1022 b4eb | fb7f 0000 

  0x000001e37980b008: ;   {other}
  0x000001e37980b008: 41ff d20f | 1f84 0000 | 0000 00e9 | 7beb ffff | 4d85 c90f | 8541 f7ff | ffe9 63ed | ffff 488b 
  0x000001e37980b028: 7c24 2044 | 8b57 5c45 | 85d2 0f84 | e3f6 ffff | 4d8b 5f28 | 498b ca48 | c1e1 034d | 85db 0f84 
  0x000001e37980b048: e001 0000 | 4d8b 5738 | 4b89 4c1a | f849 83c3 | f84d 895f | 28e9 b9f6 | ffff 4d8b | 5758 4d8b 
  0x000001e37980b068: 5f48 f083 | 4424 c000 | 8039 0074 | 3244 8821 | 4d85 db74 | 0f4b 894c | 1af8 4983 | c3f8 4d89 
  0x000001e37980b088: 5f48 eb1b | 498b d7c5 | f877 49ba | f021 b4eb | fb7f 0000 

  0x000001e37980b09c: ;   {other}
  0x000001e37980b09c: 41ff d20f | 1f84 0000 | 0000 0044 | 8b47 5c45 | 85c0 0f85 | aef6 ffff | e9d0 ecff | ff4c 8944 
  0x000001e37980b0bc: 2450 4889 | 6c24 2048 

  0x000001e37980b0c4: ;   {metadata('java/security/CodeSigner'[])}
  0x000001e37980b0c4: 8be9 48ba | 103d 5f00 | 0800 0000 | 458b c190 

  0x000001e37980b0d4: ;   {runtime_call _new_array_Java}
  0x000001e37980b0d4: c5f8 77e8 

  0x000001e37980b0d8: ; ImmutableOopMap {rbp=Oop [32]=Oop [40]=Oop [48]=Oop [56]=Oop [72]=Oop }
                      ;*invokevirtual clone {reexecute=1 rethrow=0 return_oop=1}
                      ; - (reexecute) java.security.CodeSource::<init>@42
                      ; - java.net.URLClassLoader::defineClass@198
  0x000001e37980b0d8: a495 b9fe 

  0x000001e37980b0dc: ;   {other}
  0x000001e37980b0dc: 0f1f 8400 | 4c20 0033 | 488b cd4c | 8b44 2450 | 488b d8e9 | 86f4 ffff | 4889 7c24 | 4844 8944 
  0x000001e37980b0fc: ;   {metadata('java/security/CodeSigner'[])}
  0x000001e37980b0fc: 2420 48ba | 103d 5f00 | 0800 0000 | 458b c190 

  0x000001e37980b10c: ;   {runtime_call _new_array_Java}
  0x000001e37980b10c: c5f8 77e8 

  0x000001e37980b110: ; ImmutableOopMap {rbp=Oop [32]=NarrowOop [40]=Oop [48]=Oop [56]=Oop [112]=NarrowOop }
                      ;*invokevirtual clone {reexecute=1 rethrow=0 return_oop=1}
                      ; - (reexecute) java.util.jar.JarFile$JarFileEntry::getCodeSigners@70
                      ; - jdk.internal.loader.URLClassPath$JarLoader$2::getCodeSigners@4
                      ; - java.net.URLClassLoader::defineClass@185
  0x000001e37980b110: 6c95 b9fe 

  0x000001e37980b114: ;   {other}
  0x000001e37980b114: 0f1f 8400 | 8420 0034 | 448b 4424 | 2048 8b7c | 2448 488b | d8e9 a4f6 | ffff bac6 | ffff ff48 
  0x000001e37980b134: 8b6c 2438 | 4c8b 5424 | 304c 8954 | 2420 4c8b | 5424 404c | 8954 2430 | 4c89 5c24 | 4066 6690 
  0x000001e37980b154: ;   {runtime_call UncommonTrapBlob}
  0x000001e37980b154: c5f8 77e8 

  0x000001e37980b158: ; ImmutableOopMap {rbp=Oop [32]=Oop [40]=Oop [64]=Oop [112]=NarrowOop }
                      ;*invokevirtual getCodeSigners {reexecute=0 rethrow=0 return_oop=0}
                      ; - java.net.URLClassLoader::defineClass@185
  0x000001e37980b158: a494 adfe 

  0x000001e37980b15c: ;   {other}
  0x000001e37980b15c: 0f1f 8400 | cc20 0035 | bac6 ffff | ff41 8bea | 4c8b 5424 | 384c 8954 | 2420 4c8b | 5424 304c 
  0x000001e37980b17c: 8954 2428 | 4c8b 5424 | 404c 8954 | 2438 4c89 | 6c24 4090 

  0x000001e37980b190: ;   {runtime_call UncommonTrapBlob}
  0x000001e37980b190: c5f8 77e8 

  0x000001e37980b194: ; ImmutableOopMap {[32]=Oop [40]=Oop [64]=Oop }
                      ;*invokevirtual getCodeSourceURL {reexecute=0 rethrow=0 return_oop=0}
                      ; - java.net.URLClassLoader::defineClass@13
  0x000001e37980b194: 6894 adfe 

  0x000001e37980b198: ;   {other}
  0x000001e37980b198: 0f1f 8400 | 0821 0036 | bac6 ffff | ff48 8b6c | 2438 4c8b | 5424 304c | 8954 2420 | 4c8b 5424 
  0x000001e37980b1b8: 404c 8954 | 2430 4c89 | 6c24 404c | 896c 2448 

  0x000001e37980b1c8: ;   {runtime_call UncommonTrapBlob}
  0x000001e37980b1c8: c5f8 77e8 

  0x000001e37980b1cc: ; ImmutableOopMap {rbp=Oop [32]=Oop [64]=Oop [72]=Oop [112]=NarrowOop }
                      ;*invokevirtual getInputStream {reexecute=0 rethrow=0 return_oop=0}
                      ; - jdk.internal.loader.Resource::cachedInputStream@9
                      ; - jdk.internal.loader.Resource::getByteBuffer@1
                      ; - java.net.URLClassLoader::defineClass@132
  0x000001e37980b1cc: 3094 adfe 

  0x000001e37980b1d0: ;   {other}
  0x000001e37980b1d0: 0f1f 8400 | 4021 0037 | bac6 ffff | ff48 8b6c | 2438 4c8b | 5424 304c | 8954 2420 | 4c8b 5424 
  0x000001e37980b1f0: 404c 8954 | 2430 4c89 | 6c24 4890 

  0x000001e37980b1fc: ;   {runtime_call UncommonTrapBlob}
  0x000001e37980b1fc: c5f8 77e8 

  0x000001e37980b200: ; ImmutableOopMap {rbp=Oop [32]=Oop [72]=Oop [88]=Oop [112]=NarrowOop }
                      ;*invokevirtual getManifest {reexecute=0 rethrow=0 return_oop=0}
                      ; - java.net.URLClassLoader::defineClass@34
  0x000001e37980b200: fc93 adfe 

  0x000001e37980b204: ;   {other}
  0x000001e37980b204: 0f1f 8400 | 7421 0038 | 498b d7c5 | f877 49ba | 1022 b4eb | fb7f 0000 

  0x000001e37980b21c: ;   {other}
  0x000001e37980b21c: 41ff d20f | 1f84 0000 | 0000 00e9 | 84f3 ffff | 498b d7c5 | f877 49ba | 1022 b4eb | fb7f 0000 
  0x000001e37980b23c: ;   {other}
  0x000001e37980b23c: 41ff d20f | 1f84 0000 | 0000 00e9 | cff4 ffff | bade ffff | ff48 8b6c | 2438 4c8b | 5424 304c 
  0x000001e37980b25c: 8954 2420 | 4889 4424 | 3866 6690 

  0x000001e37980b268: ;   {runtime_call UncommonTrapBlob}
  0x000001e37980b268: c5f8 77e8 

  0x000001e37980b26c: ; ImmutableOopMap {rbp=Oop [32]=Oop [40]=Oop [56]=Oop }
                      ;*checkcast {reexecute=0 rethrow=0 return_oop=0}
                      ; - java.security.SecureClassLoader::getProtectionDomain@33
                      ; - java.security.SecureClassLoader::defineClass@9
                      ; - java.net.URLClassLoader::defineClass@220
  0x000001e37980b26c: 9093 adfe 

  0x000001e37980b270: ;   {other}
  0x000001e37980b270: 0f1f 8400 | e021 0039 | baf6 ffff | ff48 8b6c | 2438 4c8b | 5424 284c | 8954 2420 

  0x000001e37980b28c: ;   {runtime_call UncommonTrapBlob}
  0x000001e37980b28c: c5f8 77e8 

  0x000001e37980b290: ; ImmutableOopMap {rbp=Oop [32]=Oop }
                      ;*invokevirtual lastIndexOf {reexecute=0 rethrow=0 return_oop=0}
                      ; - java.net.URLClassLoader::defineClass@7
  0x000001e37980b290: 6c93 adfe 

  0x000001e37980b294: ;   {other}
  0x000001e37980b294: 0f1f 8400 | 0422 003a | baf6 ffff | ff48 8b6c | 2438 4c89 | 5424 2090 

  0x000001e37980b2ac: ;   {runtime_call UncommonTrapBlob}
  0x000001e37980b2ac: c5f8 77e8 

  0x000001e37980b2b0: ; ImmutableOopMap {rbp=Oop [32]=Oop [40]=Oop }
                      ;*arraylength {reexecute=0 rethrow=0 return_oop=0}
                      ; - java.lang.String::length@4
                      ; - java.lang.String::lastIndexOf@3
                      ; - java.net.URLClassLoader::defineClass@7
  0x000001e37980b2b0: 4c93 adfe 

  0x000001e37980b2b4: ;   {other}
  0x000001e37980b2b4: 0f1f 8400 | 2422 003b | baf6 ffff | ff41 8bea | 4c8b 5424 | 304c 8954 | 2428 6690 

  0x000001e37980b2d0: ;   {runtime_call UncommonTrapBlob}
  0x000001e37980b2d0: c5f8 77e8 

  0x000001e37980b2d4: ; ImmutableOopMap {[40]=Oop [56]=Oop }
                      ;*invokevirtual getCodeSourceURL {reexecute=0 rethrow=0 return_oop=0}
                      ; - java.net.URLClassLoader::defineClass@13
  0x000001e37980b2d4: 2893 adfe 

  0x000001e37980b2d8: ;   {other}
  0x000001e37980b2d8: 0f1f 8400 | 4822 003c | baf4 ffff | ff48 8b6c | 2438 4c8b | 5424 304c | 8954 2420 | 4c89 6c24 
  0x000001e37980b2f8: 2866 6690 

  0x000001e37980b2fc: ;   {runtime_call UncommonTrapBlob}
  0x000001e37980b2fc: c5f8 77e8 

  0x000001e37980b300: ; ImmutableOopMap {rbp=Oop [32]=Oop [40]=Oop [112]=NarrowOop }
                      ;*instanceof {reexecute=0 rethrow=0 return_oop=0}
                      ; - jdk.internal.loader.Resource::getByteBuffer@6
                      ; - java.net.URLClassLoader::defineClass@132
  0x000001e37980b300: fc92 adfe 

  0x000001e37980b304: ;   {other}
  0x000001e37980b304: 0f1f 8400 | 7422 003d | baf6 ffff | ff48 8b6c | 2438 4c8b | 5424 304c | 8954 2420 

  0x000001e37980b320: ;   {runtime_call UncommonTrapBlob}
  0x000001e37980b320: c5f8 77e8 

  0x000001e37980b324: ; ImmutableOopMap {rbp=Oop [32]=Oop [40]=Oop [72]=Oop }
                      ;*invokevirtual get {reexecute=0 rethrow=0 return_oop=0}
                      ; - jdk.internal.perf.PerfCounter::get@5
                      ; - jdk.internal.perf.PerfCounter::add@1
                      ; - jdk.internal.perf.PerfCounter::addElapsedTimeFrom@6
                      ; - java.net.URLClassLoader::defineClass@207
  0x000001e37980b324: d892 adfe 

  0x000001e37980b328: ;   {other}
  0x000001e37980b328: 0f1f 8400 | 9822 003e | baf6 ffff | ff48 8b6c | 2448 6690 

  0x000001e37980b33c: ;   {runtime_call UncommonTrapBlob}
  0x000001e37980b33c: c5f8 77e8 

  0x000001e37980b340: ; ImmutableOopMap {rbp=Oop [48]=Oop [56]=Oop }
                      ;*arraylength {reexecute=0 rethrow=0 return_oop=0}
                      ; - java.net.URLClassLoader::defineClass@217
  0x000001e37980b340: bc92 adfe 

  0x000001e37980b344: ;   {other}
  0x000001e37980b344: 0f1f 8400 | b422 003f | baf6 ffff | ff49 8be8 | 4c89 4c24 | 2066 6690 

  0x000001e37980b35c: ;   {runtime_call UncommonTrapBlob}
  0x000001e37980b35c: c5f8 77e8 

  0x000001e37980b360: ; ImmutableOopMap {rbp=Oop [32]=Oop }
                      ;*invokeinterface computeIfAbsent {reexecute=0 rethrow=0 return_oop=0}
                      ; - java.security.SecureClassLoader::getProtectionDomain@28
                      ; - java.security.SecureClassLoader::defineClass@9
                      ; - java.net.URLClassLoader::defineClass@220
  0x000001e37980b360: 9c92 adfe 

  0x000001e37980b364: ;   {other}
  0x000001e37980b364: 0f1f 8400 | d422 0040 | baf4 ffff | ff48 8b6c | 2438 4c8b | 5424 304c | 8954 2420 

  0x000001e37980b380: ;   {runtime_call UncommonTrapBlob}
  0x000001e37980b380: c5f8 77e8 

  0x000001e37980b384: ; ImmutableOopMap {rbp=Oop [32]=Oop [40]=Oop }
                      ;*checkcast {reexecute=0 rethrow=0 return_oop=0}
                      ; - java.security.SecureClassLoader::getProtectionDomain@33
                      ; - java.security.SecureClassLoader::defineClass@9
                      ; - java.net.URLClassLoader::defineClass@220
  0x000001e37980b384: 7892 adfe 

  0x000001e37980b388: ;   {other}
  0x000001e37980b388: 0f1f 8400 | f822 0041 | baf6 ffff | ff41 8bea | 4c8b 5424 | 384c 8954 | 2420 4c8b | 5424 304c 
  0x000001e37980b3a8: 8954 2428 | 4c89 4424 | 3066 6690 

  0x000001e37980b3b4: ;   {runtime_call UncommonTrapBlob}
  0x000001e37980b3b4: c5f8 77e8 

  0x000001e37980b3b8: ; ImmutableOopMap {[32]=Oop [40]=Oop [48]=Oop }
                      ;*getfield csu {reexecute=1 rethrow=0 return_oop=0}
                      ; - (reexecute) jdk.internal.loader.URLClassPath$JarLoader$2::getCodeSourceURL@4
                      ; - java.net.URLClassLoader::defineClass@13
  0x000001e37980b3b8: 4492 adfe 

  0x000001e37980b3bc: ;   {other}
  0x000001e37980b3bc: 0f1f 8400 | 2c23 0042 | baf6 ffff | ff48 8b6c | 2438 4c8b | 5424 304c | 8954 2420 

  0x000001e37980b3d8: ;   {runtime_call UncommonTrapBlob}
  0x000001e37980b3d8: c5f8 77e8 

  0x000001e37980b3dc: ; ImmutableOopMap {rbp=Oop [32]=Oop [40]=Oop [112]=NarrowOop }
                      ;*arraylength {reexecute=0 rethrow=0 return_oop=0}
                      ; - java.lang.String::length@4
                      ; - java.lang.String::substring@1
                      ; - java.net.URLClassLoader::defineClass@28
  0x000001e37980b3dc: 2092 adfe 

  0x000001e37980b3e0: ;   {other}
  0x000001e37980b3e0: 0f1f 8400 | 5023 0043 | baf6 ffff | ff48 8b6c | 2438 4c8b | 5c24 304c | 895c 2420 | 4c89 5424 
  0x000001e37980b400: 284c 8b54 | 2440 4c89 | 5424 3090 

  0x000001e37980b40c: ;   {runtime_call UncommonTrapBlob}
  0x000001e37980b40c: c5f8 77e8 

  0x000001e37980b410: ; ImmutableOopMap {rbp=Oop [32]=Oop [40]=Oop [88]=Oop [112]=NarrowOop }
                      ;*getfield jar {reexecute=1 rethrow=0 return_oop=0}
                      ; - (reexecute) jdk.internal.loader.URLClassPath$JarLoader$2::getManifest@7
                      ; - java.net.URLClassLoader::defineClass@34
  0x000001e37980b410: ec91 adfe 

  0x000001e37980b414: ;   {other}
  0x000001e37980b414: 0f1f 8400 | 8423 0044 | baf6 ffff | ff48 8b6c | 2438 4c8b | 5424 304c | 8954 2420 | 4c8b 5424 
  0x000001e37980b434: 404c 8954 | 2430 6690 

  0x000001e37980b43c: ;   {runtime_call UncommonTrapBlob}
  0x000001e37980b43c: c5f8 77e8 

  0x000001e37980b440: ; ImmutableOopMap {rbp=Oop [32]=Oop [72]=Oop [88]=Oop [112]=NarrowOop }
                      ;*getfield jar {reexecute=1 rethrow=0 return_oop=0}
                      ; - (reexecute) jdk.internal.loader.URLClassPath$JarLoader$2::getManifest@19
                      ; - java.net.URLClassLoader::defineClass@34
  0x000001e37980b440: bc91 adfe 

  0x000001e37980b444: ;   {other}
  0x000001e37980b444: 0f1f 8400 | b423 0045 | baf6 ffff | ff48 8b6c | 2438 4c8b | 5424 304c | 8954 2420 | 4c8b 5424 
  0x000001e37980b464: 404c 8954 | 2430 6690 

  0x000001e37980b46c: ;   {runtime_call UncommonTrapBlob}
  0x000001e37980b46c: c5f8 77e8 

  0x000001e37980b470: ; ImmutableOopMap {rbp=Oop [32]=Oop [72]=Oop [88]=Oop [112]=NarrowOop }
                      ;*invokevirtual getManifest {reexecute=0 rethrow=0 return_oop=0}
                      ; - jdk.internal.loader.URLClassPath$JarLoader$2::getManifest@22
                      ; - java.net.URLClassLoader::defineClass@34
  0x000001e37980b470: 8c91 adfe 

  0x000001e37980b474: ;   {other}
  0x000001e37980b474: 0f1f 8400 | e423 0046 | baf6 ffff | ff48 8b6c | 2438 4c8b | 5424 304c | 8954 2420 

  0x000001e37980b490: ;   {runtime_call UncommonTrapBlob}
  0x000001e37980b490: c5f8 77e8 

  0x000001e37980b494: ; ImmutableOopMap {rbp=Oop [32]=Oop [40]=Oop [112]=NarrowOop }
                      ;*invokevirtual getCodeSigners {reexecute=0 rethrow=0 return_oop=0}
                      ; - jdk.internal.loader.URLClassPath$JarLoader$2::getCodeSigners@4
                      ; - java.net.URLClassLoader::defineClass@185
  0x000001e37980b494: 6891 adfe 

  0x000001e37980b498: ;   {other}
  0x000001e37980b498: 0f1f 8400 | 0824 0047 | baf6 ffff | ff48 8b6c | 2438 4c8b | 5424 304c | 8954 2420 | 4c8b 5424 
  0x000001e37980b4b8: 404c 8954 | 2430 4c89 | 5c24 4090 

  0x000001e37980b4c4: ;   {runtime_call UncommonTrapBlob}
  0x000001e37980b4c4: c5f8 77e8 

  0x000001e37980b4c8: ; ImmutableOopMap {rbp=Oop [32]=Oop [40]=Oop [64]=Oop [112]=NarrowOop }
                      ;*getfield jv {reexecute=1 rethrow=0 return_oop=0}
                      ; - (reexecute) java.util.jar.JarFile$JarFileEntry::getCodeSigners@31
                      ; - jdk.internal.loader.URLClassPath$JarLoader$2::getCodeSigners@4
                      ; - java.net.URLClassLoader::defineClass@185
  0x000001e37980b4c8: 3491 adfe 

  0x000001e37980b4cc: ;   {other}
  0x000001e37980b4cc: 0f1f 8400 | 3c24 0048 | baf6 ffff | ff48 8b6c | 2438 4c8b | 5424 404c | 8954 2438 

  0x000001e37980b4e8: ;   {runtime_call UncommonTrapBlob}
  0x000001e37980b4e8: c5f8 77e8 

  0x000001e37980b4ec: ; ImmutableOopMap {rbp=Oop [32]=Oop [40]=Oop [48]=Oop [88]=Oop [112]=NarrowOop }
                      ;*invokevirtual isNamed {reexecute=0 rethrow=0 return_oop=0}
                      ; - java.lang.Package::isSealed@4
                      ; - java.net.URLClassLoader::getAndVerifyPackage@14
                      ; - java.net.URLClassLoader::defineClass@46
  0x000001e37980b4ec: 1091 adfe 

  0x000001e37980b4f0: ;   {other}
  0x000001e37980b4f0: 0f1f 8400 | 6024 0049 | baf6 ffff | ff48 8b6c | 2438 4c8b | 5424 404c | 8954 2438 

  0x000001e37980b50c: ;   {runtime_call UncommonTrapBlob}
  0x000001e37980b50c: c5f8 77e8 

  0x000001e37980b510: ; ImmutableOopMap {rbp=Oop [32]=Oop [40]=Oop [48]=Oop [88]=Oop [112]=NarrowOop }
                      ;*getfield sealBase {reexecute=1 rethrow=0 return_oop=0}
                      ; - (reexecute) java.lang.Package::isSealed@14
                      ; - java.net.URLClassLoader::getAndVerifyPackage@14
                      ; - java.net.URLClassLoader::defineClass@46
  0x000001e37980b510: ec90 adfe 

  0x000001e37980b514: ;   {other}
  0x000001e37980b514: 0f1f 8400 | 8424 004a | baf6 ffff | ff48 8b6c | 2438 4c8b | 5424 304c | 8954 2420 | 4c89 6c24 
  0x000001e37980b534: 284c 8b54 | 2440 4c89 | 5424 304c | 894c 2440 

  0x000001e37980b544: ;   {runtime_call UncommonTrapBlob}
  0x000001e37980b544: c5f8 77e8 

  0x000001e37980b548: ; ImmutableOopMap {rbp=Oop [32]=Oop [40]=Oop [64]=Oop [112]=NarrowOop }
                      ;*getfield jar {reexecute=1 rethrow=0 return_oop=0}
                      ; - (reexecute) jdk.internal.loader.URLClassPath$JarLoader$2::getInputStream@4
                      ; - jdk.internal.loader.Resource::cachedInputStream@9
                      ; - jdk.internal.loader.Resource::getByteBuffer@1
                      ; - java.net.URLClassLoader::defineClass@132
  0x000001e37980b548: b490 adfe 

  0x000001e37980b54c: ;   {other}
  0x000001e37980b54c: 0f1f 8400 | bc24 004b | ba45 ffff | ff48 8b6c | 2438 4c8b | 5c24 304c | 895c 2420 | 4c8b 5c24 
  0x000001e37980b56c: 404c 895c | 2430 4c89 | 5424 4889 | 4c24 5090 

  0x000001e37980b57c: ;   {runtime_call UncommonTrapBlob}
  0x000001e37980b57c: c5f8 77e8 

  0x000001e37980b580: ; ImmutableOopMap {rbp=Oop [32]=Oop [72]=Oop [80]=NarrowOop [88]=Oop [112]=NarrowOop }
                      ;*ifnonnull {reexecute=1 rethrow=0 return_oop=0}
                      ; - (reexecute) jdk.internal.access.SharedSecrets::javaUtilJarAccess@5
                      ; - jdk.internal.loader.URLClassPath$JarLoader$2::getManifest@0
                      ; - java.net.URLClassLoader::defineClass@34
  0x000001e37980b580: 7c90 adfe 

  0x000001e37980b584: ;   {other}
  0x000001e37980b584: 0f1f 8400 | f424 004c | baf6 ffff | ff41 8bea | 4c8b 5424 | 384c 8954 | 2420 4c8b | 5424 304c 
  0x000001e37980b5a4: 8954 2428 | 4c89 4424 | 3066 6690 

  0x000001e37980b5b0: ;   {runtime_call UncommonTrapBlob}
  0x000001e37980b5b0: c5f8 77e8 

  0x000001e37980b5b4: ; ImmutableOopMap {[32]=Oop [40]=Oop [48]=Oop }
                      ;*invokevirtual getBaseURL {reexecute=0 rethrow=0 return_oop=0}
                      ; - jdk.internal.loader.URLClassPath$FileLoader$1::getCodeSourceURL@4
                      ; - java.net.URLClassLoader::defineClass@13
  0x000001e37980b5b4: 4890 adfe 

  0x000001e37980b5b8: ;   {other}
  0x000001e37980b5b8: 0f1f 8400 | 2825 004d | ba97 ffff | ff4c 8b54 | 2438 4c89 | 5424 304c | 8b54 2440 | 4c89 5424 
  0x000001e37980b5d8: 3866 6690 

  0x000001e37980b5dc: ;   {runtime_call UncommonTrapBlob}
  0x000001e37980b5dc: c5f8 77e8 

  0x000001e37980b5e0: ; ImmutableOopMap {rbp=Oop [32]=Oop [44]=NarrowOop [48]=Oop [72]=Oop [112]=NarrowOop }
                      ;*invokevirtual clone {reexecute=1 rethrow=0 return_oop=0}
                      ; - (reexecute) java.util.Arrays::copyOfRange@18
                      ; - java.lang.StringLatin1::newString@16
                      ; - java.lang.String::substring@41
                      ; - java.net.URLClassLoader::defineClass@28
  0x000001e37980b5e0: 1c90 adfe 

  0x000001e37980b5e4: ;   {other}
  0x000001e37980b5e4: 0f1f 8400 | 5425 004e | ba97 ffff | ff66 6690 

  0x000001e37980b5f4: ;   {runtime_call UncommonTrapBlob}
  0x000001e37980b5f4: c5f8 77e8 

  0x000001e37980b5f8: ; ImmutableOopMap {rbp=Oop [32]=Oop [40]=Oop [48]=Oop [56]=Oop }
                      ;*invokevirtual clone {reexecute=1 rethrow=0 return_oop=0}
                      ; - (reexecute) java.security.CodeSource::<init>@42
                      ; - java.net.URLClassLoader::defineClass@198
  0x000001e37980b5f8: 0490 adfe 

  0x000001e37980b5fc: ;   {other}
  0x000001e37980b5fc: 0f1f 8400 | 6c25 004f | ba97 ffff | ff48 8b6c | 2438 6690 

  0x000001e37980b610: ;   {runtime_call UncommonTrapBlob}
  0x000001e37980b610: c5f8 77e8 

  0x000001e37980b614: ; ImmutableOopMap {rbp=Oop [32]=NarrowOop [40]=Oop [48]=Oop [112]=NarrowOop }
                      ;*invokevirtual clone {reexecute=1 rethrow=0 return_oop=0}
                      ; - (reexecute) java.util.jar.JarFile$JarFileEntry::getCodeSigners@70
                      ; - jdk.internal.loader.URLClassPath$JarLoader$2::getCodeSigners@4
                      ; - java.net.URLClassLoader::defineClass@185
  0x000001e37980b614: e88f adfe 

  0x000001e37980b618: ;   {other}
  0x000001e37980b618: 0f1f 8400 | 8825 0050 | 488b d8e9 | 4a02 0000 | 488b d0e9 | e602 0000 | 488b d8e9 | 1301 0000 
  0x000001e37980b638: 488b d0e9 | d602 0000 | e994 0000 | 0048 8be8 | 488b 5424 | 284c 8b54 | 2438 4c89 | 5424 204c 
  0x000001e37980b658: 8b54 2430 | 4c89 5424 | 284c 8b54 | 2440 4c89 | 5424 3890 

  0x000001e37980b66c: ;   {static_call}
  0x000001e37980b66c: c5f8 77e8 

  0x000001e37980b670: ; ImmutableOopMap {rbp=Oop [32]=Oop [40]=Oop [72]=Oop [80]=Oop [88]=Oop [112]=NarrowOop }
                      ;*invokestatic endInit {reexecute=0 rethrow=0 return_oop=0}
                      ; - java.util.jar.JarFile::ensureInitialization@53
                      ; - java.util.jar.JavaUtilJarAccessImpl::ensureInitialization@1
                      ; - jdk.internal.loader.URLClassPath$JarLoader$2::getManifest@10
                      ; - java.net.URLClassLoader::defineClass@34
  0x000001e37980b670: 0c3a adfe 

  0x000001e37980b674: ;   {other}
  0x000001e37980b674: 0f1f 8400 | e425 0051 | 488b dde9 | ee01 0000 | 488b d8e9 | e601 0000 | 488b d8e9 | de01 0000 
  0x000001e37980b694: 488b d0e9 | 7a02 0000 | e99e 0100 | 00e9 9901 | 0000 488b | d0e9 6802 | 0000 e968 | 0100 00e9 
  0x000001e37980b6b4: 6301 0000 | 448b 5008 | 49bb 0000 | 0000 0800 | 0000 4d03 | da4d 8b53 | 504c 3bd5 | 75c2 4533 
  0x000001e37980b6d4: c9eb 2eeb | 0048 8bd0 | e935 0200 | 0048 8bd8 | eb65 448b | 5808 49ba | 0000 0000 | 0800 0000 
  0x000001e37980b6f4: 4d03 d34d | 8b52 504c | 3bd5 753b | 4c8b 4c24 | 2848 8b54 | 2438 4c8b | 4424 5848 | 8b7c 2448 
  0x000001e37980b714: 488b ea90 

  0x000001e37980b718: ;   {optimized virtual_call}
  0x000001e37980b718: c5f8 77e8 

  0x000001e37980b71c: ; ImmutableOopMap {rbp=Oop [32]=Oop [48]=Oop [56]=Oop [88]=Oop [112]=NarrowOop }
                      ;*invokevirtual getAndVerifyPackage {reexecute=0 rethrow=0 return_oop=1}
                      ; - java.net.URLClassLoader::defineClass@97
  0x000001e37980b71c: 6033 adfe 

  0x000001e37980b720: ;   {other}
  0x000001e37980b720: 0f1f 8400 | 9026 0052 | 4885 c00f | 849b 0200 | 004c 8b6c | 2420 e972 | e3ff ff48 | 8bd0 e9d3 
  0x000001e37980b740: 0100 00e9 | e300 0000 | 488b d84c | 8b5c 2420 | 488d 8424 | 8000 0000 | 4883 3800 | 0f84 7900 
  0x000001e37980b760: 0000 4d8b | 1341 f6c2 | 020f 8462 | 0000 0049 | 83ba 8600 | 0000 0074 | 0949 ff8a | 8600 0000 
  0x000001e37980b780: eb4b 498b | 8296 0000 | 0049 0b82 | 8e00 0000 | 750a 49c7 | 423e 0000 | 0000 eb3d | 4983 ba9e 
  0x000001e37980b7a0: 0000 0000 | 7422 4833 | c049 c742 | 3e00 0000 | 00f0 8304 | 2400 4983 | ba9e 0000 | 0000 750d 
  0x000001e37980b7c0: f04d 0fb1 | 7a3e 7505 | 83c8 01eb | 0ca8 00eb | 084c 8b10 | f04d 0fb1 | 1375 0a49 | ff8f 4805 
  0x000001e37980b7e0: 0000 4533 | d20f 85b4 | 0100 0048 | 8bd3 e923 | 0100 0044 | 8b50 0849 | bb00 0000 | 0008 0000 
  0x000001e37980b800: 004d 03da | 4d8b 5348 

  0x000001e37980b808: ;   {metadata('java/io/IOException')}
  0x000001e37980b808: 49bb a8d0 | 0900 0800 | 0000 4d3b | d30f 842d | 0100 0048 | 8bd0 e9f3 | 0000 0048 | 8bd0 e9eb 
  0x000001e37980b828: 0000 0048 | 8bd0 e9e3 | 0000 00eb | 0048 8bd0 | e9d9 0000 | 00eb 0048 | 8bd0 e9cf | 0000 0048 
  0x000001e37980b848: 8bd8 448b | 5008 49bb | 0000 0000 | 0800 0000 | 4d03 da4d 

  0x000001e37980b85c: ;   {metadata('java/io/IOException')}
  0x000001e37980b85c: 8b53 4849 | bba8 d009 | 0008 0000 | 004d 3bd3 | 0f84 b400 | 0000 4c8b | 5c24 5048 | 8d84 2480 
  0x000001e37980b87c: 0000 0048 | 8338 000f | 8479 0000 | 004d 8b13 | 41f6 c202 | 0f84 6200 | 0000 4983 | ba86 0000 
  0x000001e37980b89c: 0000 7409 | 49ff 8a86 | 0000 00eb | 4b49 8b82 | 9600 0000 | 490b 828e | 0000 0075 | 0a49 c742 
  0x000001e37980b8bc: 3e00 0000 | 00eb 3d49 | 83ba 9e00 | 0000 0074 | 2248 33c0 | 49c7 423e | 0000 0000 | f083 0424 
  0x000001e37980b8dc: 0049 83ba | 9e00 0000 | 0075 0df0 | 4d0f b17a | 3e75 0583 | c801 eb0c | a800 eb08 | 4c8b 10f0 
  0x000001e37980b8fc: 4d0f b113 | 750a 49ff | 8f48 0500 | 0045 33d2 | 7566 eb03 | 488b d848 | 8bd3 c5f8 | 7748 81c4 
  0x000001e37980b91c: a000 0000 

  0x000001e37980b920: ;   {runtime_call _rethrow_Java}
  0x000001e37980b920: 5de9 5a0c | bafe 488b | e8ba f201 | 0000 4c8b | 5424 384c | 8954 2420 

  0x000001e37980b938: ;   {runtime_call UncommonTrapBlob}
  0x000001e37980b938: c5f8 77e8 

  0x000001e37980b93c: ; ImmutableOopMap {rbp=Oop [32]=Oop [44]=NarrowOop [48]=Oop [72]=Oop [88]=Oop [112]=NarrowOop }
                      ;*new {reexecute=0 rethrow=0 return_oop=0}
                      ; - java.util.jar.JarFile::ensureInitialization@8
                      ; - java.util.jar.JavaUtilJarAccessImpl::ensureInitialization@1
                      ; - jdk.internal.loader.URLClassPath$JarLoader$2::getManifest@10
                      ; - java.net.URLClassLoader::defineClass@34
  0x000001e37980b93c: c08c adfe 

  0x000001e37980b940: ;   {other}
  0x000001e37980b940: 0f1f 8400 | b028 0053 | 488b e8ba | 2a00 0000 | 4c8b 5424 | 384c 8954 | 2420 4c8b | 5424 404c 
  0x000001e37980b960: 8954 2438 

  0x000001e37980b964: ;   {runtime_call UncommonTrapBlob}
  0x000001e37980b964: c5f8 77e8 

  0x000001e37980b968: ; ImmutableOopMap {rbp=Oop [32]=Oop [40]=Oop [48]=Oop [112]=NarrowOop }
                      ;*new {reexecute=0 rethrow=0 return_oop=0}
                      ; - java.util.jar.JarFile$JarFileEntry::getCodeSigners@11
                      ; - jdk.internal.loader.URLClassPath$JarLoader$2::getCodeSigners@4
                      ; - java.net.URLClassLoader::defineClass@185
  0x000001e37980b968: 948c adfe 

  0x000001e37980b96c: ;   {other}
  0x000001e37980b96c: 0f1f 8400 | dc28 0054 | 498b cb48 | 8d94 2480 | 0000 004d | 8bc7 c5f8 | 7749 ba10 | c6f5 ebfb 
  0x000001e37980b98c: 7f00 0041 

  0x000001e37980b990: ;   {other}
  0x000001e37980b990: ffd2 0f1f | 8400 0000 | 0000 e974 | ffff ff48 | 8b4c 2420 | 488d 9424 | 8000 0000 | 4d8b c7c5 
  0x000001e37980b9b0: f877 49ba | 10c6 f5eb | fb7f 0000 

  0x000001e37980b9bc: ;   {other}
  0x000001e37980b9bc: 41ff d20f | 1f84 0000 | 0000 00e9 | 1ffe ffff | bafd 0000 | 0066 6690 

  0x000001e37980b9d4: ;   {runtime_call UncommonTrapBlob}
  0x000001e37980b9d4: c5f8 77e8 

  0x000001e37980b9d8: ; ImmutableOopMap {[88]=Oop }
                      ;*new {reexecute=0 rethrow=0 return_oop=0}
                      ; - java.net.URLClassLoader::defineClass@103
  0x000001e37980b9d8: 248c adfe 

  0x000001e37980b9dc: ;   {other}
  0x000001e37980b9dc: 0f1f 8400 | 4c29 0055 

  0x000001e37980b9e4: ;   {internal_word}
  0x000001e37980b9e4: 49ba e7a0 | 8079 e301 | 0000 4d89 | 9760 0400 

  0x000001e37980b9f4: ;   {runtime_call SafepointBlob}
  0x000001e37980b9f4: 00e9 069d 

  0x000001e37980b9f8: ;   {runtime_call StubRoutines (final stubs)}
  0x000001e37980b9f8: adfe e861 | e1ab fee9 | 3adb ffff | f4f4 f4f4 
[Stub Code]
  0x000001e37980ba08: ;   {no_reloc}
  0x000001e37980ba08: 48bb 0000 | 0000 0000 

  0x000001e37980ba10: ;   {runtime_call nmethod}
  0x000001e37980ba10: 0000 e9fb 

  0x000001e37980ba14: ;   {static_stub}
  0x000001e37980ba14: ffff ff48 | bb00 0000 | 0000 0000 

  0x000001e37980ba20: ;   {runtime_call nmethod}
  0x000001e37980ba20: 00e9 fbff 

  0x000001e37980ba24: ;   {static_stub}
  0x000001e37980ba24: ffff 48bb | 0000 0000 | 0000 0000 

  0x000001e37980ba30: ;   {runtime_call nmethod}
  0x000001e37980ba30: e9fb ffff 

  0x000001e37980ba34: ;   {static_stub}
  0x000001e37980ba34: ff48 bb00 | 0000 0000 

  0x000001e37980ba3c: ;   {runtime_call nmethod}
  0x000001e37980ba3c: 0000 00e9 | fbff ffff 

  0x000001e37980ba44: ;   {static_stub}
  0x000001e37980ba44: 48bb 0000 | 0000 0000 

  0x000001e37980ba4c: ;   {runtime_call nmethod}
  0x000001e37980ba4c: 0000 e9fb 

  0x000001e37980ba50: ;   {static_stub}
  0x000001e37980ba50: ffff ff48 | bb00 0000 | 0000 0000 

  0x000001e37980ba5c: ;   {runtime_call nmethod}
  0x000001e37980ba5c: 00e9 fbff 

  0x000001e37980ba60: ;   {static_stub}
  0x000001e37980ba60: ffff 48bb | 0000 0000 | 0000 0000 

  0x000001e37980ba6c: ;   {runtime_call nmethod}
  0x000001e37980ba6c: e9fb ffff 

  0x000001e37980ba70: ;   {static_stub}
  0x000001e37980ba70: ff48 bb00 | 0000 0000 

  0x000001e37980ba78: ;   {runtime_call nmethod}
  0x000001e37980ba78: 0000 00e9 | fbff ffff 

  0x000001e37980ba80: ;   {static_stub}
  0x000001e37980ba80: 48bb 0000 | 0000 0000 

  0x000001e37980ba88: ;   {runtime_call nmethod}
  0x000001e37980ba88: 0000 e9fb 

  0x000001e37980ba8c: ;   {static_stub}
  0x000001e37980ba8c: ffff ff48 | bb00 0000 | 0000 0000 

  0x000001e37980ba98: ;   {runtime_call nmethod}
  0x000001e37980ba98: 00e9 fbff 

  0x000001e37980ba9c: ;   {static_stub}
  0x000001e37980ba9c: ffff 48bb | 0000 0000 | 0000 0000 

  0x000001e37980baa8: ;   {runtime_call nmethod}
  0x000001e37980baa8: e9fb ffff 

  0x000001e37980baac: ;   {static_stub}
  0x000001e37980baac: ff48 bb00 | 0000 0000 

  0x000001e37980bab4: ;   {runtime_call nmethod}
  0x000001e37980bab4: 0000 00e9 | fbff ffff 

  0x000001e37980babc: ;   {static_stub}
  0x000001e37980babc: 48bb 0000 | 0000 0000 

  0x000001e37980bac4: ;   {runtime_call nmethod}
  0x000001e37980bac4: 0000 e9fb 

  0x000001e37980bac8: ;   {static_stub}
  0x000001e37980bac8: ffff ff48 | bba0 4e02 | 09e3 0100 

  0x000001e37980bad4: ;   {runtime_call I2C/C2I adapters}
  0x000001e37980bad4: 00e9 1b5b 

  0x000001e37980bad8: ;   {static_stub}
  0x000001e37980bad8: acfe 48bb | 0000 0000 | 0000 0000 

  0x000001e37980bae4: ;   {runtime_call nmethod}
  0x000001e37980bae4: e9fb ffff 

  0x000001e37980bae8: ;   {static_stub}
  0x000001e37980bae8: ff48 bb00 | 0000 0000 

  0x000001e37980baf0: ;   {runtime_call nmethod}
  0x000001e37980baf0: 0000 00e9 | fbff ffff 

  0x000001e37980baf8: ;   {static_stub}
  0x000001e37980baf8: 48bb 0000 | 0000 0000 

  0x000001e37980bb00: ;   {runtime_call nmethod}
  0x000001e37980bb00: 0000 e9fb 

  0x000001e37980bb04: ;   {static_stub}
  0x000001e37980bb04: ffff ff48 | bb00 0000 | 0000 0000 

  0x000001e37980bb10: ;   {runtime_call nmethod}
  0x000001e37980bb10: 00e9 fbff 

  0x000001e37980bb14: ;   {static_stub}
  0x000001e37980bb14: ffff 48bb | 0000 0000 | 0000 0000 

  0x000001e37980bb20: ;   {runtime_call nmethod}
  0x000001e37980bb20: e9fb ffff 

  0x000001e37980bb24: ;   {static_stub}
  0x000001e37980bb24: ff48 bb00 | 0000 0000 

  0x000001e37980bb2c: ;   {runtime_call nmethod}
  0x000001e37980bb2c: 0000 00e9 | fbff ffff 
[Exception Handler]
  0x000001e37980bb34: ;   {runtime_call ExceptionBlob}
  0x000001e37980bb34: e947 74b9 | fee8 0000 | 0000 4883 

  0x000001e37980bb40: ;   {runtime_call DeoptimizationBlob}
  0x000001e37980bb40: 2c24 05e9 | 588e adfe 
[/MachCode]


---------------  P R O C E S S  ---------------

Threads class SMR info:
_java_thread_list=0x000001e3186f7ea0, length=294, elements={
0x000001e36dcf14b0, 0x000001e308926210, 0x000001e308931d30, 0x000001e308934a60,
0x000001e308927db0, 0x000001e30894dea0, 0x000001e30894e900, 0x000001e308967780,
0x000001e30896dc80, 0x000001e30896e850, 0x000001e30d09a450, 0x000001e30d09aae0,
0x000001e30d09b170, 0x000001e30d09c520, 0x000001e30d09cbb0, 0x000001e30d09be90,
0x000001e30d09d240, 0x000001e30edadd80, 0x000001e30edaf7c0, 0x000001e30edafe50,
0x000001e30edaeaa0, 0x000001e30edad6f0, 0x000001e30edaf130, 0x000001e30edb04e0,
0x000001e30edb0b70, 0x000001e30edb1200, 0x000001e30edb1890, 0x000001e30edae410,
0x000001e311836050, 0x000001e3118366e0, 0x000001e316601c90, 0x000001e3165feea0,
0x000001e316600f70, 0x000001e30f6bb210, 0x000001e30f6b9e60, 0x000001e30f6bd970,
0x000001e30f6ba4f0, 0x000001e30f6bfa40, 0x000001e30f6c0760, 0x000001e30f6be690,
0x000001e315756010, 0x000001e30edb25b0, 0x000001e311839b60, 0x000001e318bd35e0,
0x000001e318bd2f50, 0x000001e318bd5020, 0x000001e318bd4300, 0x000001e318bd3c70,
0x000001e318bd63d0, 0x000001e318bd5d40, 0x000001e318bd6a60, 0x000001e318bd7780,
0x000001e318bd7e10, 0x000001e318bd9ee0, 0x000001e318bd84a0, 0x000001e318bd91c0,
0x000001e318bd8b30, 0x000001e318bda570, 0x000001e318bd9850, 0x000001e3144e2200,
0x000001e3144e2890, 0x000001e3144e14e0, 0x000001e3144e0e50, 0x000001e3144e2f20,
0x000001e3144e0130, 0x000001e3144e35b0, 0x000001e3144e1b70, 0x000001e3144e3c40,
0x000001e3144e42d0, 0x000001e3144e5d10, 0x000001e3144e5680, 0x000001e3144e6a30,
0x000001e3144e63a0, 0x000001e3144e4ff0, 0x000001e3144e7750, 0x000001e3144e70c0,
0x000001e3144e4960, 0x000001e30f6bab80, 0x000001e30d640970, 0x000001e30d641000,
0x000001e30d63f5c0, 0x000001e30d6402e0, 0x000001e30d63fc50, 0x000001e30d641690,
0x000001e30d641d20, 0x000001e30d63e8a0, 0x000001e30d6423b0, 0x000001e30d63ef30,
0x000001e30d6430d0, 0x000001e30d6451a0, 0x000001e30d643df0, 0x000001e30d644480,
0x000001e30d643760, 0x000001e30d645830, 0x000001e30d645ec0, 0x000001e30d644b10,
0x000001e30d642a40, 0x000001e30f6bb8a0, 0x000001e30fb1f260, 0x000001e30fb20610,
0x000001e30f54d970, 0x000001e318682890, 0x000001e318682f20, 0x000001e3159e76e0,
0x000001e3159e7d70, 0x000001e3159e8400, 0x000001e3159e7050, 0x000001e312a7f5f0,
0x000001e312a7ef60, 0x000001e312a7e240, 0x000001e30f54bf30, 0x000001e30f54b210,
0x000001e30f54cc50, 0x000001e30f54d2e0, 0x000001e30f54e000, 0x000001e30f54b8a0,
0x000001e322eda0b0, 0x000001e322ed9a20, 0x000001e322eda740, 0x000001e3210de510,
0x000001e3210dd160, 0x000001e3210db720, 0x000001e3212d5330, 0x000001e3212d6050,
0x000001e3212d3f80, 0x000001e316e6b5b0, 0x000001e316e6bc40, 0x000001e316e6af20,
0x000001e316e6c2d0, 0x000001e3111205f0, 0x000001e31111f240, 0x000001e3131734d0,
0x000001e313170050, 0x000001e313171400, 0x000001e3131706e0, 0x000001e313171a90,
0x000001e313170d70, 0x000001e313172120, 0x000001e3131727b0, 0x000001e313172e40,
0x000001e310425d20, 0x000001e3104263b0, 0x000001e310428b10, 0x000001e310427df0,
0x000001e310427760, 0x000001e310426a40, 0x000001e3104270d0, 0x000001e310428480,
0x000001e310425690, 0x000001e31167cdd0, 0x000001e31167f530, 0x000001e31167e180,
0x000001e31167d460, 0x000001e317aa3b00, 0x000001e317aa20c0, 0x000001e318376770,
0x000001e318376e00, 0x000001e318373980, 0x000001e318374d30, 0x000001e3183753c0,
0x000001e318375a50, 0x000001e31235ae40, 0x000001e312358050, 0x000001e3123586e0,
0x000001e312359a90, 0x000001e30fb1ff80, 0x000001e30fb1f8f0, 0x000001e317f84d60,
0x000001e317f853f0, 0x000001e3132f23a0, 0x000001e3132f4b00, 0x000001e3132f4470,
0x000001e3132f3750, 0x000001e3132f5190, 0x000001e3132f3de0, 0x000001e3132f1d10,
0x000001e3132f2a30, 0x000001e3132f30c0, 0x000001e312288790, 0x000001e312a7e8d0,
0x000001e312a7c170, 0x000001e312a7d520, 0x000001e3212d4610, 0x000001e312d0a0a0,
0x000001e312d09380, 0x000001e312d09a10, 0x000001e312d0a730, 0x000001e3133717f0,
0x000001e317aa2750, 0x000001e317aa4820, 0x000001e317aa4eb0, 0x000001e317aa4190,
0x000001e317aa3470, 0x000001e317aa2de0, 0x000001e317aa9050, 0x000001e31235a7b0,
0x000001e31235b4d0, 0x000001e313370440, 0x000001e312358d70, 0x000001e31235a120,
0x000001e31920ee00, 0x000001e31862dd60, 0x000001e31862e3f0, 0x000001e3226a2070,
0x000001e3226a2700, 0x000001e312a7ce90, 0x000001e312a7dbb0, 0x000001e3186835b0,
0x000001e311c2c8a0, 0x000001e311c2a7d0, 0x000001e311c2bb80, 0x000001e311c2cf30,
0x000001e311c29ab0, 0x000001e311c2a140, 0x000001e311c2c210, 0x000001e311c2ae60,
0x000001e318374010, 0x000001e311219470, 0x000001e311218de0, 0x000001e31121a190,
0x000001e3194d06f0, 0x000001e314dfb820, 0x000001e315edf890, 0x000001e3230b20e0,
0x000001e3192d13d0, 0x000001e3192d0020, 0x000001e3192d06b0, 0x000001e3192d0d40,
0x000001e3192ce5e0, 0x000001e3192cec70, 0x000001e3192cf300, 0x000001e31862d6d0,
0x000001e31862c320, 0x000001e31862c9b0, 0x000001e3138fecc0, 0x000001e31612e7b0,
0x000001e31612ee40, 0x000001e3159274b0, 0x000001e3236ec0e0, 0x000001e3236ec770,
0x000001e312288e20, 0x000001e3143776b0, 0x000001e3161301f0, 0x000001e3157688a0,
0x000001e3220200d0, 0x000001e322022830, 0x000001e3232f8910, 0x000001e314375c70,
0x000001e321eb19a0, 0x000001e322022ec0, 0x000001e330671ce0, 0x000001e318f3f140,
0x000001e318f3c350, 0x000001e330672370, 0x000001e31862af70, 0x000001e321eb3a70,
0x000001e323a56f60, 0x000001e323a568d0, 0x000001e321eb26c0, 0x000001e318922b80,
0x000001e3189252e0, 0x000001e314376990, 0x000001e31862bc90, 0x000001e3307fed00,
0x000001e3138ff350, 0x000001e3307fe670, 0x000001e313900700, 0x000001e3307ff390,
0x000001e313900d90, 0x000001e3307fd2c0, 0x000001e3138fdfa0, 0x000001e3307fdfe0,
0x000001e3138ff9e0, 0x000001e3307ffa20, 0x000001e313900070, 0x000001e3308000b0,
0x000001e3303e67b0, 0x000001e31612f4d0, 0x000001e31576b000, 0x000001e315768f30,
0x000001e330673db0, 0x000001e31576a2e0, 0x000001e314377020, 0x000001e314dfc540,
0x000001e31576a970, 0x000001e31576b690, 0x000001e31576bd20, 0x000001e3303e8880,
0x000001e3303e5a90, 0x000001e330654070, 0x000001e31412b4d0, 0x000001e3306532d0,
0x000001e3306539a0, 0x000001e324965cd0
}

Java Threads: ( => current thread )
  0x000001e36dcf14b0 JavaThread "main"                              [_thread_blocked, id=16136, stack(0x0000008bf4800000,0x0000008bf4900000) (1024K)]
  0x000001e308926210 JavaThread "Common-Cleaner"             daemon [_thread_blocked, id=2548, stack(0x0000008bf5000000,0x0000008bf5100000) (1024K)]
  0x000001e308931d30 JavaThread "Reference Handler"          daemon [_thread_blocked, id=42004, stack(0x0000008bf5100000,0x0000008bf5200000) (1024K)]
  0x000001e308934a60 JavaThread "Finalizer"                  daemon [_thread_blocked, id=2792, stack(0x0000008bf5200000,0x0000008bf5300000) (1024K)]
  0x000001e308927db0 JavaThread "Signal Dispatcher"          daemon [_thread_blocked, id=1388, stack(0x0000008bf5300000,0x0000008bf5400000) (1024K)]
  0x000001e30894dea0 JavaThread "Attach Listener"            daemon [_thread_blocked, id=42360, stack(0x0000008bf5400000,0x0000008bf5500000) (1024K)]
  0x000001e30894e900 JavaThread "Service Thread"             daemon [_thread_blocked, id=5068, stack(0x0000008bf5500000,0x0000008bf5600000) (1024K)]
  0x000001e308967780 JavaThread "Monitor Deflation Thread"   daemon [_thread_blocked, id=8440, stack(0x0000008bf5600000,0x0000008bf5700000) (1024K)]
  0x000001e30896dc80 JavaThread "C2 CompilerThread0"         daemon [_thread_blocked, id=29204, stack(0x0000008bf5700000,0x0000008bf5800000) (1024K)]
  0x000001e30896e850 JavaThread "C1 CompilerThread0"         daemon [_thread_blocked, id=14736, stack(0x0000008bf5800000,0x0000008bf5900000) (1024K)]
  0x000001e30d09a450 JavaThread "Notification Thread"        daemon [_thread_blocked, id=33156, stack(0x0000008bf5b00000,0x0000008bf5c00000) (1024K)]
  0x000001e30d09aae0 JavaThread "Daemon health stats"               [_thread_blocked, id=31496, stack(0x0000008bf5e00000,0x0000008bf5f00000) (1024K)]
  0x000001e30d09b170 JavaThread "Incoming local TCP Connector on port 59631"        [_thread_in_native, id=13080, stack(0x0000008bf5f00000,0x0000008bf6000000) (1024K)]
  0x000001e30d09c520 JavaThread "Daemon periodic checks"            [_thread_blocked, id=37056, stack(0x0000008bf6600000,0x0000008bf6700000) (1024K)]
  0x000001e30d09cbb0 JavaThread "Daemon"                            [_thread_blocked, id=36204, stack(0x0000008bf6700000,0x0000008bf6800000) (1024K)]
  0x000001e30d09be90 JavaThread "Handler for socket connection from /127.0.0.1:59631 to /127.0.0.1:59632"        [_thread_in_native, id=44448, stack(0x0000008bf6800000,0x0000008bf6900000) (1024K)]
  0x000001e30d09d240 JavaThread "Cancel handler"                    [_thread_blocked, id=44444, stack(0x0000008bf6900000,0x0000008bf6a00000) (1024K)]
  0x000001e30edadd80 JavaThread "Daemon worker"                     [_thread_blocked, id=33800, stack(0x0000008bf6a00000,0x0000008bf6b00000) (1024K)]
  0x000001e30edaf7c0 JavaThread "Asynchronous log dispatcher for DefaultDaemonConnection: socket connection from /127.0.0.1:59631 to /127.0.0.1:59632"        [_thread_blocked, id=44532, stack(0x0000008bf6b00000,0x0000008bf6c00000) (1024K)]
  0x000001e30edafe50 JavaThread "Stdin handler"                     [_thread_blocked, id=26596, stack(0x0000008bf6c00000,0x0000008bf6d00000) (1024K)]
  0x000001e30edaeaa0 JavaThread "Daemon client event forwarder"        [_thread_blocked, id=30396, stack(0x0000008bf6d00000,0x0000008bf6e00000) (1024K)]
  0x000001e30edad6f0 JavaThread "Cache worker for journal cache (C:\Users\avipa\.gradle\caches\journal-1)"        [_thread_blocked, id=44200, stack(0x0000008bf7700000,0x0000008bf7800000) (1024K)]
  0x000001e30edaf130 JavaThread "File lock request listener"        [_thread_in_native, id=43928, stack(0x0000008bf7800000,0x0000008bf7900000) (1024K)]
  0x000001e30edb04e0 JavaThread "Cache worker for file hash cache (C:\Users\avipa\.gradle\caches\8.12\fileHashes)"        [_thread_blocked, id=17352, stack(0x0000008bf7900000,0x0000008bf7a00000) (1024K)]
  0x000001e30edb0b70 JavaThread "Cache worker for file hash cache (C:\Users\avipa\gloup_user\android\.gradle\8.12\fileHashes)"        [_thread_blocked, id=38976, stack(0x0000008bf7b00000,0x0000008bf7c00000) (1024K)]
  0x000001e30edb1200 JavaThread "Cache worker for Build Output Cleanup Cache (C:\Users\avipa\gloup_user\android\.gradle\buildOutputCleanup)"        [_thread_blocked, id=6020, stack(0x0000008bf7c00000,0x0000008bf7d00000) (1024K)]
  0x000001e30edb1890 JavaThread "File watcher server"        daemon [_thread_in_native, id=43444, stack(0x0000008bf7a00000,0x0000008bf7b00000) (1024K)]
  0x000001e30edae410 JavaThread "File watcher consumer"      daemon [_thread_blocked, id=41040, stack(0x0000008bf7d00000,0x0000008bf7e00000) (1024K)]
  0x000001e311836050 JavaThread "Cache worker for checksums cache (C:\Users\avipa\gloup_user\android\.gradle\8.12\checksums)"        [_thread_blocked, id=36736, stack(0x0000008bf5900000,0x0000008bf5a00000) (1024K)]
  0x000001e3118366e0 JavaThread "Cache worker for file content cache (C:\Users\avipa\.gradle\caches\8.12\fileContent)"        [_thread_blocked, id=25488, stack(0x0000008bf5a00000,0x0000008bf5b00000) (1024K)]
  0x000001e316601c90 JavaThread "Cache worker for cache directory md-rule (C:\Users\avipa\.gradle\caches\8.12\md-rule)"        [_thread_blocked, id=44992, stack(0x0000008bf8000000,0x0000008bf8100000) (1024K)]
  0x000001e3165feea0 JavaThread "Cache worker for cache directory md-supplier (C:\Users\avipa\.gradle\caches\8.12\md-supplier)"        [_thread_blocked, id=13588, stack(0x0000008bf8100000,0x0000008bf8200000) (1024K)]
  0x000001e316600f70 JavaThread "Cache worker for Build Output Cleanup Cache (C:\Program Files\flutter\packages\flutter_tools\gradle\.gradle\buildOutputCleanup)"        [_thread_blocked, id=16212, stack(0x0000008bf8200000,0x0000008bf8300000) (1024K)]
  0x000001e30f6bb210 JavaThread "Kotlin DSL Writer"                 [_thread_blocked, id=39940, stack(0x0000008bf8500000,0x0000008bf8600000) (1024K)]
  0x000001e30f6b9e60 JavaThread "Unconstrained build operations"        [_thread_blocked, id=44888, stack(0x0000008bf5d00000,0x0000008bf5e00000) (1024K)]
  0x000001e30f6bd970 JavaThread "Unconstrained build operations Thread 2"        [_thread_blocked, id=22672, stack(0x0000008bf8300000,0x0000008bf8400000) (1024K)]
  0x000001e30f6ba4f0 JavaThread "Unconstrained build operations Thread 3"        [_thread_blocked, id=25504, stack(0x0000008bf8400000,0x0000008bf8500000) (1024K)]
  0x000001e30f6bfa40 JavaThread "Unconstrained build operations Thread 4"        [_thread_blocked, id=11016, stack(0x0000008bf5c00000,0x0000008bf5d00000) (1024K)]
  0x000001e30f6c0760 JavaThread "Unconstrained build operations Thread 5"        [_thread_blocked, id=45004, stack(0x0000008bf8700000,0x0000008bf8800000) (1024K)]
  0x000001e30f6be690 JavaThread "Unconstrained build operations Thread 6"        [_thread_blocked, id=30996, stack(0x0000008bf8800000,0x0000008bf8900000) (1024K)]
  0x000001e315756010 JavaThread "Unconstrained build operations Thread 7"        [_thread_blocked, id=42028, stack(0x0000008bf8900000,0x0000008bf8a00000) (1024K)]
  0x000001e30edb25b0 JavaThread "Unconstrained build operations Thread 8"        [_thread_blocked, id=36848, stack(0x0000008bf8a00000,0x0000008bf8b00000) (1024K)]
  0x000001e311839b60 JavaThread "Unconstrained build operations Thread 9"        [_thread_blocked, id=43072, stack(0x0000008bf8b00000,0x0000008bf8c00000) (1024K)]
  0x000001e318bd35e0 JavaThread "Unconstrained build operations Thread 10"        [_thread_blocked, id=41000, stack(0x0000008bf8c00000,0x0000008bf8d00000) (1024K)]
  0x000001e318bd2f50 JavaThread "Unconstrained build operations Thread 11"        [_thread_blocked, id=43736, stack(0x0000008bf8d00000,0x0000008bf8e00000) (1024K)]
  0x000001e318bd5020 JavaThread "Unconstrained build operations Thread 12"        [_thread_blocked, id=11916, stack(0x0000008bf8e00000,0x0000008bf8f00000) (1024K)]
  0x000001e318bd4300 JavaThread "Unconstrained build operations Thread 13"        [_thread_blocked, id=44092, stack(0x0000008bf9200000,0x0000008bf9300000) (1024K)]
  0x000001e318bd3c70 JavaThread "Unconstrained build operations Thread 14"        [_thread_blocked, id=43948, stack(0x0000008bf9300000,0x0000008bf9400000) (1024K)]
  0x000001e318bd63d0 JavaThread "Unconstrained build operations Thread 15"        [_thread_blocked, id=29144, stack(0x0000008bf9400000,0x0000008bf9500000) (1024K)]
  0x000001e318bd5d40 JavaThread "Unconstrained build operations Thread 16"        [_thread_blocked, id=21356, stack(0x0000008bf8f00000,0x0000008bf9000000) (1024K)]
  0x000001e318bd6a60 JavaThread "Unconstrained build operations Thread 17"        [_thread_blocked, id=38364, stack(0x0000008bf9000000,0x0000008bf9100000) (1024K)]
  0x000001e318bd7780 JavaThread "Unconstrained build operations Thread 18"        [_thread_blocked, id=33208, stack(0x0000008bf9100000,0x0000008bf9200000) (1024K)]
  0x000001e318bd7e10 JavaThread "Unconstrained build operations Thread 19"        [_thread_blocked, id=12964, stack(0x0000008bf9500000,0x0000008bf9600000) (1024K)]
  0x000001e318bd9ee0 JavaThread "Unconstrained build operations Thread 20"        [_thread_blocked, id=27412, stack(0x0000008bf9600000,0x0000008bf9700000) (1024K)]
  0x000001e318bd84a0 JavaThread "Unconstrained build operations Thread 21"        [_thread_blocked, id=4340, stack(0x0000008bf9700000,0x0000008bf9800000) (1024K)]
  0x000001e318bd91c0 JavaThread "Unconstrained build operations Thread 22"        [_thread_blocked, id=41644, stack(0x0000008bf9800000,0x0000008bf9900000) (1024K)]
  0x000001e318bd8b30 JavaThread "Unconstrained build operations Thread 23"        [_thread_blocked, id=42564, stack(0x0000008bf9900000,0x0000008bf9a00000) (1024K)]
  0x000001e318bda570 JavaThread "Unconstrained build operations Thread 24"        [_thread_blocked, id=12668, stack(0x0000008bf9a00000,0x0000008bf9b00000) (1024K)]
  0x000001e318bd9850 JavaThread "Unconstrained build operations Thread 25"        [_thread_blocked, id=33128, stack(0x0000008bf9b00000,0x0000008bf9c00000) (1024K)]
  0x000001e3144e2200 JavaThread "Unconstrained build operations Thread 26"        [_thread_blocked, id=31556, stack(0x0000008bf9c00000,0x0000008bf9d00000) (1024K)]
  0x000001e3144e2890 JavaThread "Unconstrained build operations Thread 27"        [_thread_blocked, id=34452, stack(0x0000008bf9d00000,0x0000008bf9e00000) (1024K)]
  0x000001e3144e14e0 JavaThread "Unconstrained build operations Thread 28"        [_thread_blocked, id=39348, stack(0x0000008bf9e00000,0x0000008bf9f00000) (1024K)]
  0x000001e3144e0e50 JavaThread "Unconstrained build operations Thread 29"        [_thread_blocked, id=8352, stack(0x0000008bf9f00000,0x0000008bfa000000) (1024K)]
  0x000001e3144e2f20 JavaThread "Unconstrained build operations Thread 30"        [_thread_blocked, id=13932, stack(0x0000008bfa000000,0x0000008bfa100000) (1024K)]
  0x000001e3144e0130 JavaThread "Unconstrained build operations Thread 31"        [_thread_blocked, id=39772, stack(0x0000008bfa100000,0x0000008bfa200000) (1024K)]
  0x000001e3144e35b0 JavaThread "Unconstrained build operations Thread 32"        [_thread_blocked, id=36580, stack(0x0000008bfa200000,0x0000008bfa300000) (1024K)]
  0x000001e3144e1b70 JavaThread "Unconstrained build operations Thread 33"        [_thread_blocked, id=8108, stack(0x0000008bfa300000,0x0000008bfa400000) (1024K)]
  0x000001e3144e3c40 JavaThread "Unconstrained build operations Thread 34"        [_thread_blocked, id=18864, stack(0x0000008bfa400000,0x0000008bfa500000) (1024K)]
  0x000001e3144e42d0 JavaThread "Unconstrained build operations Thread 35"        [_thread_blocked, id=36028, stack(0x0000008bf6500000,0x0000008bf6600000) (1024K)]
  0x000001e3144e5d10 JavaThread "Unconstrained build operations Thread 36"        [_thread_blocked, id=43880, stack(0x0000008bf7e00000,0x0000008bf7f00000) (1024K)]
  0x000001e3144e5680 JavaThread "Unconstrained build operations Thread 37"        [_thread_blocked, id=43528, stack(0x0000008bf7f00000,0x0000008bf8000000) (1024K)]
  0x000001e3144e6a30 JavaThread "Unconstrained build operations Thread 38"        [_thread_blocked, id=12612, stack(0x0000008bfa500000,0x0000008bfa600000) (1024K)]
  0x000001e3144e63a0 JavaThread "Unconstrained build operations Thread 39"        [_thread_blocked, id=43832, stack(0x0000008bfa600000,0x0000008bfa700000) (1024K)]
  0x000001e3144e4ff0 JavaThread "Unconstrained build operations Thread 40"        [_thread_blocked, id=41676, stack(0x0000008bfa700000,0x0000008bfa800000) (1024K)]
  0x000001e3144e7750 JavaThread "Unconstrained build operations Thread 41"        [_thread_blocked, id=35152, stack(0x0000008bfa800000,0x0000008bfa900000) (1024K)]
  0x000001e3144e70c0 JavaThread "Unconstrained build operations Thread 42"        [_thread_blocked, id=12968, stack(0x0000008bfa900000,0x0000008bfaa00000) (1024K)]
  0x000001e3144e4960 JavaThread "Unconstrained build operations Thread 43"        [_thread_blocked, id=43256, stack(0x0000008bfaa00000,0x0000008bfab00000) (1024K)]
  0x000001e30f6bab80 JavaThread "Unconstrained build operations Thread 44"        [_thread_blocked, id=1400, stack(0x0000008bfb000000,0x0000008bfb100000) (1024K)]
  0x000001e30d640970 JavaThread "Unconstrained build operations Thread 45"        [_thread_blocked, id=33848, stack(0x0000008bfb100000,0x0000008bfb200000) (1024K)]
  0x000001e30d641000 JavaThread "Unconstrained build operations Thread 46"        [_thread_blocked, id=36400, stack(0x0000008bfb200000,0x0000008bfb300000) (1024K)]
  0x000001e30d63f5c0 JavaThread "Unconstrained build operations Thread 47"        [_thread_blocked, id=17940, stack(0x0000008bfb300000,0x0000008bfb400000) (1024K)]
  0x000001e30d6402e0 JavaThread "Unconstrained build operations Thread 48"        [_thread_blocked, id=43700, stack(0x0000008bfb400000,0x0000008bfb500000) (1024K)]
  0x000001e30d63fc50 JavaThread "Unconstrained build operations Thread 49"        [_thread_blocked, id=27400, stack(0x0000008bfb500000,0x0000008bfb600000) (1024K)]
  0x000001e30d641690 JavaThread "Unconstrained build operations Thread 50"        [_thread_blocked, id=39256, stack(0x0000008bfab00000,0x0000008bfac00000) (1024K)]
  0x000001e30d641d20 JavaThread "Unconstrained build operations Thread 51"        [_thread_blocked, id=6100, stack(0x0000008bfac00000,0x0000008bfad00000) (1024K)]
  0x000001e30d63e8a0 JavaThread "Unconstrained build operations Thread 52"        [_thread_blocked, id=26580, stack(0x0000008bfaf00000,0x0000008bfb000000) (1024K)]
  0x000001e30d6423b0 JavaThread "Unconstrained build operations Thread 53"        [_thread_blocked, id=41680, stack(0x0000008bfb600000,0x0000008bfb700000) (1024K)]
  0x000001e30d63ef30 JavaThread "Unconstrained build operations Thread 54"        [_thread_blocked, id=36756, stack(0x0000008bfb700000,0x0000008bfb800000) (1024K)]
  0x000001e30d6430d0 JavaThread "Unconstrained build operations Thread 55"        [_thread_blocked, id=37240, stack(0x0000008bfb800000,0x0000008bfb900000) (1024K)]
  0x000001e30d6451a0 JavaThread "Unconstrained build operations Thread 56"        [_thread_blocked, id=13096, stack(0x0000008bfb900000,0x0000008bfba00000) (1024K)]
  0x000001e30d643df0 JavaThread "Unconstrained build operations Thread 57"        [_thread_blocked, id=40660, stack(0x0000008bfba00000,0x0000008bfbb00000) (1024K)]
  0x000001e30d644480 JavaThread "Unconstrained build operations Thread 58"        [_thread_blocked, id=34912, stack(0x0000008bfbb00000,0x0000008bfbc00000) (1024K)]
  0x000001e30d643760 JavaThread "Unconstrained build operations Thread 59"        [_thread_blocked, id=36388, stack(0x0000008bfbc00000,0x0000008bfbd00000) (1024K)]
  0x000001e30d645830 JavaThread "Unconstrained build operations Thread 60"        [_thread_blocked, id=27896, stack(0x0000008bfbd00000,0x0000008bfbe00000) (1024K)]
  0x000001e30d645ec0 JavaThread "Unconstrained build operations Thread 61"        [_thread_blocked, id=31932, stack(0x0000008bfbe00000,0x0000008bfbf00000) (1024K)]
  0x000001e30d644b10 JavaThread "Unconstrained build operations Thread 62"        [_thread_blocked, id=44932, stack(0x0000008bfbf00000,0x0000008bfc000000) (1024K)]
  0x000001e30d642a40 JavaThread "Unconstrained build operations Thread 63"        [_thread_blocked, id=9296, stack(0x0000008bfc000000,0x0000008bfc100000) (1024K)]
  0x000001e30f6bb8a0 JavaThread "Unconstrained build operations Thread 64"        [_thread_blocked, id=19152, stack(0x0000008bfc100000,0x0000008bfc200000) (1024K)]
  0x000001e30fb1f260 JavaThread "Memory manager"                    [_thread_blocked, id=8056, stack(0x0000008bfae00000,0x0000008bfaf00000) (1024K)]
  0x000001e30fb20610 JavaThread "build event listener"              [_thread_blocked, id=3516, stack(0x0000008bfc700000,0x0000008bfc800000) (1024K)]
  0x000001e30f54d970 JavaThread "Execution worker"                  [_thread_blocked, id=848, stack(0x0000008bfc600000,0x0000008bfc700000) (1024K)]
  0x000001e318682890 JavaThread "Execution worker Thread 2"         [_thread_blocked, id=33836, stack(0x0000008bfc800000,0x0000008bfc900000) (1024K)]
  0x000001e318682f20 JavaThread "Execution worker Thread 3"         [_thread_blocked, id=37736, stack(0x0000008bfc900000,0x0000008bfca00000) (1024K)]
  0x000001e3159e76e0 JavaThread "Execution worker Thread 4"         [_thread_blocked, id=18444, stack(0x0000008bfca00000,0x0000008bfcb00000) (1024K)]
  0x000001e3159e7d70 JavaThread "Execution worker Thread 5"         [_thread_blocked, id=40140, stack(0x0000008bfcb00000,0x0000008bfcc00000) (1024K)]
  0x000001e3159e8400 JavaThread "Execution worker Thread 6"         [_thread_blocked, id=13584, stack(0x0000008bfcc00000,0x0000008bfcd00000) (1024K)]
  0x000001e3159e7050 JavaThread "Execution worker Thread 7"         [_thread_blocked, id=40136, stack(0x0000008bfcd00000,0x0000008bfce00000) (1024K)]
  0x000001e312a7f5f0 JavaThread "Execution worker Thread 8"         [_thread_blocked, id=30776, stack(0x0000008bfce00000,0x0000008bfcf00000) (1024K)]
  0x000001e312a7ef60 JavaThread "Execution worker Thread 9"         [_thread_blocked, id=42852, stack(0x0000008bfcf00000,0x0000008bfd000000) (1024K)]
  0x000001e312a7e240 JavaThread "Execution worker Thread 10"        [_thread_blocked, id=24492, stack(0x0000008bfd000000,0x0000008bfd100000) (1024K)]
  0x000001e30f54bf30 JavaThread "Execution worker Thread 11"        [_thread_blocked, id=7852, stack(0x0000008bfd100000,0x0000008bfd200000) (1024K)]
  0x000001e30f54b210 JavaThread "Execution worker Thread 12"        [_thread_blocked, id=37076, stack(0x0000008bfd200000,0x0000008bfd300000) (1024K)]
  0x000001e30f54cc50 JavaThread "Execution worker Thread 13"        [_thread_blocked, id=37748, stack(0x0000008bfd300000,0x0000008bfd400000) (1024K)]
  0x000001e30f54d2e0 JavaThread "Execution worker Thread 14"        [_thread_blocked, id=40712, stack(0x0000008bfd400000,0x0000008bfd500000) (1024K)]
  0x000001e30f54e000 JavaThread "Execution worker Thread 15"        [_thread_blocked, id=32048, stack(0x0000008bfd500000,0x0000008bfd600000) (1024K)]
  0x000001e30f54b8a0 JavaThread "Cache worker for execution history cache (C:\Program Files\flutter\packages\flutter_tools\gradle\.gradle\8.12\executionHistory)"        [_thread_blocked, id=43004, stack(0x0000008bfd600000,0x0000008bfd700000) (1024K)]
  0x000001e322eda0b0 JavaThread "Unconstrained build operations Thread 65"        [_thread_blocked, id=40176, stack(0x0000008bfd700000,0x0000008bfd800000) (1024K)]
  0x000001e322ed9a20 JavaThread "Unconstrained build operations Thread 66"        [_thread_blocked, id=30904, stack(0x0000008bfd800000,0x0000008bfd900000) (1024K)]
  0x000001e322eda740 JavaThread "Unconstrained build operations Thread 67"        [_thread_blocked, id=6796, stack(0x0000008bfd900000,0x0000008bfda00000) (1024K)]
  0x000001e3210de510 JavaThread "Unconstrained build operations Thread 68"        [_thread_blocked, id=28520, stack(0x0000008bfda00000,0x0000008bfdb00000) (1024K)]
  0x000001e3210dd160 JavaThread "Unconstrained build operations Thread 69"        [_thread_blocked, id=42212, stack(0x0000008bfdb00000,0x0000008bfdc00000) (1024K)]
  0x000001e3210db720 JavaThread "Unconstrained build operations Thread 70"        [_thread_blocked, id=30368, stack(0x0000008bfdc00000,0x0000008bfdd00000) (1024K)]
  0x000001e3212d5330 JavaThread "Unconstrained build operations Thread 71"        [_thread_blocked, id=21500, stack(0x0000008bfdd00000,0x0000008bfde00000) (1024K)]
  0x000001e3212d6050 JavaThread "Unconstrained build operations Thread 72"        [_thread_blocked, id=36180, stack(0x0000008bfde00000,0x0000008bfdf00000) (1024K)]
  0x000001e3212d3f80 JavaThread "Unconstrained build operations Thread 73"        [_thread_blocked, id=43660, stack(0x0000008bfdf00000,0x0000008bfe000000) (1024K)]
  0x000001e316e6b5b0 JavaThread "Unconstrained build operations Thread 74"        [_thread_blocked, id=10112, stack(0x0000008bfe000000,0x0000008bfe100000) (1024K)]
  0x000001e316e6bc40 JavaThread "Unconstrained build operations Thread 75"        [_thread_blocked, id=6900, stack(0x0000008bfe100000,0x0000008bfe200000) (1024K)]
  0x000001e316e6af20 JavaThread "Unconstrained build operations Thread 76"        [_thread_blocked, id=27736, stack(0x0000008bfe200000,0x0000008bfe300000) (1024K)]
  0x000001e316e6c2d0 JavaThread "Unconstrained build operations Thread 77"        [_thread_blocked, id=2528, stack(0x0000008bfe300000,0x0000008bfe400000) (1024K)]
  0x000001e3111205f0 JavaThread "Unconstrained build operations Thread 78"        [_thread_blocked, id=39636, stack(0x0000008bfc300000,0x0000008bfc400000) (1024K)]
  0x000001e31111f240 JavaThread "Unconstrained build operations Thread 79"        [_thread_blocked, id=41300, stack(0x0000008bfe400000,0x0000008bfe500000) (1024K)]
  0x000001e3131734d0 JavaThread "Unconstrained build operations Thread 80"        [_thread_blocked, id=43416, stack(0x0000008bfe500000,0x0000008bfe600000) (1024K)]
  0x000001e313170050 JavaThread "Unconstrained build operations Thread 81"        [_thread_blocked, id=39580, stack(0x0000008bfe600000,0x0000008bfe700000) (1024K)]
  0x000001e313171400 JavaThread "Unconstrained build operations Thread 82"        [_thread_blocked, id=44692, stack(0x0000008bfe700000,0x0000008bfe800000) (1024K)]
  0x000001e3131706e0 JavaThread "Unconstrained build operations Thread 83"        [_thread_blocked, id=12976, stack(0x0000008bfc400000,0x0000008bfc500000) (1024K)]
  0x000001e313171a90 JavaThread "Unconstrained build operations Thread 84"        [_thread_blocked, id=29620, stack(0x0000008bfe800000,0x0000008bfe900000) (1024K)]
  0x000001e313170d70 JavaThread "Unconstrained build operations Thread 85"        [_thread_blocked, id=42408, stack(0x0000008bfe900000,0x0000008bfea00000) (1024K)]
  0x000001e313172120 JavaThread "Unconstrained build operations Thread 86"        [_thread_blocked, id=42768, stack(0x0000008bfea00000,0x0000008bfeb00000) (1024K)]
  0x000001e3131727b0 JavaThread "Unconstrained build operations Thread 87"        [_thread_blocked, id=35240, stack(0x0000008bfeb00000,0x0000008bfec00000) (1024K)]
  0x000001e313172e40 JavaThread "Unconstrained build operations Thread 88"        [_thread_blocked, id=39352, stack(0x0000008bfec00000,0x0000008bfed00000) (1024K)]
  0x000001e310425d20 JavaThread "Unconstrained build operations Thread 89"        [_thread_blocked, id=43860, stack(0x0000008bfed00000,0x0000008bfee00000) (1024K)]
  0x000001e3104263b0 JavaThread "Unconstrained build operations Thread 90"        [_thread_blocked, id=45008, stack(0x0000008bfee00000,0x0000008bfef00000) (1024K)]
  0x000001e310428b10 JavaThread "Unconstrained build operations Thread 91"        [_thread_blocked, id=42812, stack(0x0000008bfef00000,0x0000008bff000000) (1024K)]
  0x000001e310427df0 JavaThread "Unconstrained build operations Thread 92"        [_thread_blocked, id=41768, stack(0x0000008bff000000,0x0000008bff100000) (1024K)]
  0x000001e310427760 JavaThread "Unconstrained build operations Thread 93"        [_thread_blocked, id=37268, stack(0x0000008bff100000,0x0000008bff200000) (1024K)]
  0x000001e310426a40 JavaThread "Unconstrained build operations Thread 94"        [_thread_blocked, id=44012, stack(0x0000008bff200000,0x0000008bff300000) (1024K)]
  0x000001e3104270d0 JavaThread "Unconstrained build operations Thread 95"        [_thread_blocked, id=40144, stack(0x0000008bff300000,0x0000008bff400000) (1024K)]
  0x000001e310428480 JavaThread "Unconstrained build operations Thread 96"        [_thread_blocked, id=43576, stack(0x0000008bff400000,0x0000008bff500000) (1024K)]
  0x000001e310425690 JavaThread "Unconstrained build operations Thread 97"        [_thread_blocked, id=39684, stack(0x0000008bff500000,0x0000008bff600000) (1024K)]
  0x000001e31167cdd0 JavaThread "Unconstrained build operations Thread 98"        [_thread_blocked, id=34176, stack(0x0000008bff600000,0x0000008bff700000) (1024K)]
  0x000001e31167f530 JavaThread "Unconstrained build operations Thread 99"        [_thread_blocked, id=42760, stack(0x0000008bff700000,0x0000008bff800000) (1024K)]
  0x000001e31167e180 JavaThread "Unconstrained build operations Thread 100"        [_thread_blocked, id=42240, stack(0x0000008bff800000,0x0000008bff900000) (1024K)]
  0x000001e31167d460 JavaThread "Unconstrained build operations Thread 101"        [_thread_blocked, id=35096, stack(0x0000008bff900000,0x0000008bffa00000) (1024K)]
  0x000001e317aa3b00 JavaThread "Unconstrained build operations Thread 102"        [_thread_blocked, id=32004, stack(0x0000008bf4500000,0x0000008bf4600000) (1024K)]
  0x000001e317aa20c0 JavaThread "Unconstrained build operations Thread 103"        [_thread_blocked, id=43900, stack(0x0000008bf4600000,0x0000008bf4700000) (1024K)]
  0x000001e318376770 JavaThread "Unconstrained build operations Thread 104"        [_thread_blocked, id=43044, stack(0x0000008bf4700000,0x0000008bf4800000) (1024K)]
  0x000001e318376e00 JavaThread "Unconstrained build operations Thread 105"        [_thread_blocked, id=42912, stack(0x0000008bffa00000,0x0000008bffb00000) (1024K)]
  0x000001e318373980 JavaThread "Unconstrained build operations Thread 106"        [_thread_blocked, id=44400, stack(0x0000008bffb00000,0x0000008bffc00000) (1024K)]
  0x000001e318374d30 JavaThread "Unconstrained build operations Thread 107"        [_thread_blocked, id=42856, stack(0x0000008bffd00000,0x0000008bffe00000) (1024K)]
  0x000001e3183753c0 JavaThread "Unconstrained build operations Thread 108"        [_thread_blocked, id=43304, stack(0x0000008bffe00000,0x0000008bfff00000) (1024K)]
  0x000001e318375a50 JavaThread "Unconstrained build operations Thread 109"        [_thread_blocked, id=30748, stack(0x0000008bfff00000,0x0000008c00000000) (1024K)]
  0x000001e31235ae40 JavaThread "Unconstrained build operations Thread 110"        [_thread_blocked, id=6316, stack(0x0000008b80000000,0x0000008b80100000) (1024K)]
  0x000001e312358050 JavaThread "Unconstrained build operations Thread 111"        [_thread_blocked, id=888, stack(0x0000008b80100000,0x0000008b80200000) (1024K)]
  0x000001e3123586e0 JavaThread "Unconstrained build operations Thread 112"        [_thread_blocked, id=32300, stack(0x0000008b80200000,0x0000008b80300000) (1024K)]
  0x000001e312359a90 JavaThread "Unconstrained build operations Thread 113"        [_thread_blocked, id=31980, stack(0x0000008b80300000,0x0000008b80400000) (1024K)]
  0x000001e30fb1ff80 JavaThread "Unconstrained build operations Thread 114"        [_thread_blocked, id=44700, stack(0x0000008b80400000,0x0000008b80500000) (1024K)]
  0x000001e30fb1f8f0 JavaThread "Unconstrained build operations Thread 115"        [_thread_blocked, id=440, stack(0x0000008b80500000,0x0000008b80600000) (1024K)]
  0x000001e317f84d60 JavaThread "Unconstrained build operations Thread 116"        [_thread_blocked, id=19288, stack(0x0000008b80600000,0x0000008b80700000) (1024K)]
  0x000001e317f853f0 JavaThread "Unconstrained build operations Thread 117"        [_thread_blocked, id=21892, stack(0x0000008b80700000,0x0000008b80800000) (1024K)]
  0x000001e3132f23a0 JavaThread "Unconstrained build operations Thread 118"        [_thread_blocked, id=40180, stack(0x0000008b80800000,0x0000008b80900000) (1024K)]
  0x000001e3132f4b00 JavaThread "Unconstrained build operations Thread 119"        [_thread_blocked, id=42560, stack(0x0000008b80900000,0x0000008b80a00000) (1024K)]
  0x000001e3132f4470 JavaThread "Unconstrained build operations Thread 120"        [_thread_blocked, id=41276, stack(0x0000008b80a00000,0x0000008b80b00000) (1024K)]
  0x000001e3132f3750 JavaThread "Unconstrained build operations Thread 121"        [_thread_blocked, id=23580, stack(0x0000008b80b00000,0x0000008b80c00000) (1024K)]
  0x000001e3132f5190 JavaThread "Unconstrained build operations Thread 122"        [_thread_blocked, id=34984, stack(0x0000008b80c00000,0x0000008b80d00000) (1024K)]
  0x000001e3132f3de0 JavaThread "Unconstrained build operations Thread 123"        [_thread_blocked, id=42984, stack(0x0000008b80d00000,0x0000008b80e00000) (1024K)]
  0x000001e3132f1d10 JavaThread "Unconstrained build operations Thread 124"        [_thread_blocked, id=35132, stack(0x0000008b80e00000,0x0000008b80f00000) (1024K)]
  0x000001e3132f2a30 JavaThread "Unconstrained build operations Thread 125"        [_thread_blocked, id=32640, stack(0x0000008b80f00000,0x0000008b81000000) (1024K)]
  0x000001e3132f30c0 JavaThread "Unconstrained build operations Thread 126"        [_thread_blocked, id=13968, stack(0x0000008b81000000,0x0000008b81100000) (1024K)]
  0x000001e312288790 JavaThread "Unconstrained build operations Thread 127"        [_thread_blocked, id=41572, stack(0x0000008b81100000,0x0000008b81200000) (1024K)]
  0x000001e312a7e8d0 JavaThread "Unconstrained build operations Thread 128"        [_thread_blocked, id=37480, stack(0x0000008b81200000,0x0000008b81300000) (1024K)]
  0x000001e312a7c170 JavaThread "Unconstrained build operations Thread 129"        [_thread_blocked, id=33564, stack(0x0000008b81300000,0x0000008b81400000) (1024K)]
  0x000001e312a7d520 JavaThread "Unconstrained build operations Thread 130"        [_thread_blocked, id=30068, stack(0x0000008b81400000,0x0000008b81500000) (1024K)]
  0x000001e3212d4610 JavaThread "Unconstrained build operations Thread 131"        [_thread_blocked, id=15012, stack(0x0000008b81500000,0x0000008b81600000) (1024K)]
  0x000001e312d0a0a0 JavaThread "Unconstrained build operations Thread 132"        [_thread_blocked, id=43972, stack(0x0000008b81600000,0x0000008b81700000) (1024K)]
  0x000001e312d09380 JavaThread "Unconstrained build operations Thread 133"        [_thread_blocked, id=37400, stack(0x0000008b81700000,0x0000008b81800000) (1024K)]
  0x000001e312d09a10 JavaThread "Unconstrained build operations Thread 134"        [_thread_blocked, id=35732, stack(0x0000008b81800000,0x0000008b81900000) (1024K)]
  0x000001e312d0a730 JavaThread "Unconstrained build operations Thread 135"        [_thread_blocked, id=34516, stack(0x0000008b81900000,0x0000008b81a00000) (1024K)]
  0x000001e3133717f0 JavaThread "Unconstrained build operations Thread 136"        [_thread_blocked, id=38512, stack(0x0000008b81a00000,0x0000008b81b00000) (1024K)]
  0x000001e317aa2750 JavaThread "Unconstrained build operations Thread 137"        [_thread_blocked, id=42736, stack(0x0000008b81b00000,0x0000008b81c00000) (1024K)]
  0x000001e317aa4820 JavaThread "Unconstrained build operations Thread 138"        [_thread_blocked, id=37508, stack(0x0000008b81c00000,0x0000008b81d00000) (1024K)]
  0x000001e317aa4eb0 JavaThread "Unconstrained build operations Thread 139"        [_thread_blocked, id=36332, stack(0x0000008b81d00000,0x0000008b81e00000) (1024K)]
  0x000001e317aa4190 JavaThread "Unconstrained build operations Thread 140"        [_thread_blocked, id=42180, stack(0x0000008b81e00000,0x0000008b81f00000) (1024K)]
  0x000001e317aa3470 JavaThread "Unconstrained build operations Thread 141"        [_thread_blocked, id=30548, stack(0x0000008b81f00000,0x0000008b82000000) (1024K)]
  0x000001e317aa2de0 JavaThread "Unconstrained build operations Thread 142"        [_thread_blocked, id=15748, stack(0x0000008b82000000,0x0000008b82100000) (1024K)]
  0x000001e317aa9050 JavaThread "Unconstrained build operations Thread 143"        [_thread_blocked, id=20328, stack(0x0000008b82100000,0x0000008b82200000) (1024K)]
  0x000001e31235a7b0 JavaThread "Unconstrained build operations Thread 144"        [_thread_blocked, id=41024, stack(0x0000008b82200000,0x0000008b82300000) (1024K)]
  0x000001e31235b4d0 JavaThread "Unconstrained build operations Thread 145"        [_thread_blocked, id=35432, stack(0x0000008b82300000,0x0000008b82400000) (1024K)]
  0x000001e313370440 JavaThread "Unconstrained build operations Thread 146"        [_thread_blocked, id=32076, stack(0x0000008b82400000,0x0000008b82500000) (1024K)]
  0x000001e312358d70 JavaThread "Unconstrained build operations Thread 147"        [_thread_blocked, id=32732, stack(0x0000008b82600000,0x0000008b82700000) (1024K)]
  0x000001e31235a120 JavaThread "Unconstrained build operations Thread 148"        [_thread_blocked, id=32864, stack(0x0000008b82700000,0x0000008b82800000) (1024K)]
  0x000001e31920ee00 JavaThread "Unconstrained build operations Thread 149"        [_thread_blocked, id=28588, stack(0x0000008b82900000,0x0000008b82a00000) (1024K)]
  0x000001e31862dd60 JavaThread "RMI Scheduler(0)"           daemon [_thread_blocked, id=44584, stack(0x0000008b82500000,0x0000008b82600000) (1024K)]
  0x000001e31862e3f0 JavaThread "RMI GC Daemon"              daemon [_thread_blocked, id=35492, stack(0x0000008b82a00000,0x0000008b82b00000) (1024K)]
  0x000001e3226a2070 JavaThread "RMI TCP Accept-0"           daemon [_thread_in_native, id=14496, stack(0x0000008b82c00000,0x0000008b82d00000) (1024K)]
  0x000001e3226a2700 JavaThread "RMI Reaper"                        [_thread_blocked, id=44572, stack(0x0000008b82d00000,0x0000008b82e00000) (1024K)]
  0x000001e312a7ce90 JavaThread "Unconstrained build operations Thread 150"        [_thread_blocked, id=25672, stack(0x0000008b83000000,0x0000008b83100000) (1024K)]
  0x000001e312a7dbb0 JavaThread "Unconstrained build operations Thread 151"        [_thread_blocked, id=44148, stack(0x0000008b83100000,0x0000008b83200000) (1024K)]
  0x000001e3186835b0 JavaThread "Unconstrained build operations Thread 152"        [_thread_blocked, id=7644, stack(0x0000008b83200000,0x0000008b83300000) (1024K)]
  0x000001e311c2c8a0 JavaThread "Unconstrained build operations Thread 153"        [_thread_blocked, id=41244, stack(0x0000008b83300000,0x0000008b83400000) (1024K)]
  0x000001e311c2a7d0 JavaThread "Unconstrained build operations Thread 154"        [_thread_blocked, id=35524, stack(0x0000008b83400000,0x0000008b83500000) (1024K)]
  0x000001e311c2bb80 JavaThread "Unconstrained build operations Thread 155"        [_thread_blocked, id=3432, stack(0x0000008b83500000,0x0000008b83600000) (1024K)]
  0x000001e311c2cf30 JavaThread "Unconstrained build operations Thread 156"        [_thread_blocked, id=31416, stack(0x0000008b83600000,0x0000008b83700000) (1024K)]
  0x000001e311c29ab0 JavaThread "Unconstrained build operations Thread 157"        [_thread_blocked, id=5892, stack(0x0000008b83700000,0x0000008b83800000) (1024K)]
  0x000001e311c2a140 JavaThread "Unconstrained build operations Thread 158"        [_thread_blocked, id=43136, stack(0x0000008b83800000,0x0000008b83900000) (1024K)]
  0x000001e311c2c210 JavaThread "Unconstrained build operations Thread 159"        [_thread_blocked, id=41564, stack(0x0000008b83900000,0x0000008b83a00000) (1024K)]
  0x000001e311c2ae60 JavaThread "Unconstrained build operations Thread 160"        [_thread_blocked, id=24832, stack(0x0000008b83a00000,0x0000008b83b00000) (1024K)]
  0x000001e318374010 JavaThread "Kotlin DSL Writer"                 [_thread_blocked, id=38556, stack(0x0000008b84000000,0x0000008b84100000) (1024K)]
  0x000001e311219470 JavaThread "jar transforms"                    [_thread_blocked, id=11380, stack(0x0000008b83f00000,0x0000008b84000000) (1024K)]
  0x000001e311218de0 JavaThread "jar transforms Thread 2"           [_thread_blocked, id=24700, stack(0x0000008b84100000,0x0000008b84200000) (1024K)]
  0x000001e31121a190 JavaThread "jar transforms Thread 3"           [_thread_blocked, id=16416, stack(0x0000008b84200000,0x0000008b84300000) (1024K)]
  0x000001e3194d06f0 JavaThread "build event listener"              [_thread_blocked, id=37204, stack(0x0000008b83d00000,0x0000008b83e00000) (1024K)]
  0x000001e314dfb820 JavaThread "jar transforms Thread 4"           [_thread_blocked, id=43376, stack(0x0000008b84400000,0x0000008b84500000) (1024K)]
  0x000001e315edf890 JavaThread "Problems report writer"            [_thread_blocked, id=43996, stack(0x0000008b84500000,0x0000008b84600000) (1024K)]
  0x000001e3230b20e0 JavaThread "jar transforms Thread 5"           [_thread_blocked, id=44428, stack(0x0000008b84800000,0x0000008b84900000) (1024K)]
  0x000001e3192d13d0 JavaThread "jar transforms Thread 6"           [_thread_blocked, id=40028, stack(0x0000008b83c00000,0x0000008b83d00000) (1024K)]
  0x000001e3192d0020 JavaThread "jar transforms Thread 7"           [_thread_blocked, id=32036, stack(0x0000008b84300000,0x0000008b84400000) (1024K)]
  0x000001e3192d06b0 JavaThread "jar transforms Thread 8"           [_thread_blocked, id=30864, stack(0x0000008b84900000,0x0000008b84a00000) (1024K)]
  0x000001e3192d0d40 JavaThread "jar transforms Thread 9"           [_thread_blocked, id=14280, stack(0x0000008b84a00000,0x0000008b84b00000) (1024K)]
  0x000001e3192ce5e0 JavaThread "jar transforms Thread 10"          [_thread_blocked, id=29184, stack(0x0000008b84b00000,0x0000008b84c00000) (1024K)]
  0x000001e3192cec70 JavaThread "jar transforms Thread 11"          [_thread_blocked, id=39316, stack(0x0000008b84c00000,0x0000008b84d00000) (1024K)]
  0x000001e3192cf300 JavaThread "jar transforms Thread 12"          [_thread_blocked, id=43388, stack(0x0000008b84d00000,0x0000008b84e00000) (1024K)]
  0x000001e31862d6d0 JavaThread "jar transforms Thread 13"          [_thread_blocked, id=9392, stack(0x0000008b84e00000,0x0000008b84f00000) (1024K)]
  0x000001e31862c320 JavaThread "jar transforms Thread 14"          [_thread_blocked, id=15152, stack(0x0000008b84f00000,0x0000008b85000000) (1024K)]
  0x000001e31862c9b0 JavaThread "jar transforms Thread 15"          [_thread_blocked, id=5304, stack(0x0000008b85000000,0x0000008b85100000) (1024K)]
  0x000001e3138fecc0 JavaThread "jar transforms Thread 16"          [_thread_blocked, id=852, stack(0x0000008b85100000,0x0000008b85200000) (1024K)]
  0x000001e31612e7b0 JavaThread "included builds Thread 2"          [_thread_blocked, id=32820, stack(0x0000008b85700000,0x0000008b85800000) (1024K)]
  0x000001e31612ee40 JavaThread "Cache worker for execution history cache (C:\Users\avipa\gloup_user\android\.gradle\8.12\executionHistory)"        [_thread_blocked, id=20796, stack(0x0000008b85800000,0x0000008b85900000) (1024K)]
  0x000001e3159274b0 JavaThread "WorkerExecutor Queue Thread 2"        [_thread_blocked, id=44284, stack(0x0000008b85900000,0x0000008b85a00000) (1024K)]
  0x000001e3236ec0e0 JavaThread "WorkerExecutor Queue Thread 5"        [_thread_blocked, id=6760, stack(0x0000008b85c00000,0x0000008b85d00000) (1024K)]
=>0x000001e3236ec770 JavaThread "WorkerExecutor Queue Thread 8"        [_thread_in_vm, id=41884, stack(0x0000008b85f00000,0x0000008b86000000) (1024K)]
  0x000001e312288e20 JavaThread "WorkerExecutor Queue Thread 10"        [_thread_blocked, id=39420, stack(0x0000008b86100000,0x0000008b86200000) (1024K)]
  0x000001e3143776b0 JavaThread "WorkerExecutor Queue Thread 11"        [_thread_blocked, id=41792, stack(0x0000008b86200000,0x0000008b86300000) (1024K)]
  0x000001e3161301f0 JavaThread "WorkerExecutor Queue Thread 12"        [_thread_blocked, id=36692, stack(0x0000008b86300000,0x0000008b86400000) (1024K)]
  0x000001e3157688a0 JavaThread "WorkerExecutor Queue Thread 13"        [_thread_blocked, id=5608, stack(0x0000008b86400000,0x0000008b86500000) (1024K)]
  0x000001e3220200d0 JavaThread "WorkerExecutor Queue Thread 14"        [_thread_blocked, id=25520, stack(0x0000008b86500000,0x0000008b86600000) (1024K)]
  0x000001e322022830 JavaThread "WorkerExecutor Queue Thread 17"        [_thread_blocked, id=31632, stack(0x0000008b86800000,0x0000008b86900000) (1024K)]
  0x000001e3232f8910 JavaThread "WorkerExecutor Queue Thread 19"        [_thread_blocked, id=41436, stack(0x0000008b86a00000,0x0000008b86b00000) (1024K)]
  0x000001e314375c70 JavaThread "WorkerExecutor Queue Thread 21"        [_thread_blocked, id=40356, stack(0x0000008b86c00000,0x0000008b86d00000) (1024K)]
  0x000001e321eb19a0 JavaThread "WorkerExecutor Queue Thread 24"        [_thread_blocked, id=12556, stack(0x0000008b85a00000,0x0000008b85b00000) (1024K)]
  0x000001e322022ec0 JavaThread "RMI TCP Connection(idle)"   daemon [_thread_blocked, id=42892, stack(0x0000008b85b00000,0x0000008b85c00000) (1024K)]
  0x000001e330671ce0 JavaThread "Exec process"                      [_thread_in_native, id=15316, stack(0x0000008b82b00000,0x0000008b82c00000) (1024K)]
  0x000001e318f3f140 JavaThread "Exec process Thread 2"             [_thread_in_native, id=27824, stack(0x0000008b85200000,0x0000008b85300000) (1024K)]
  0x000001e318f3c350 JavaThread "Exec process Thread 3"             [_thread_in_native, id=16240, stack(0x0000008b85300000,0x0000008b85400000) (1024K)]
  0x000001e330672370 JavaThread "WorkerExecutor Queue Thread 25"        [_thread_blocked, id=43128, stack(0x0000008b86900000,0x0000008b86a00000) (1024K)]
  0x000001e31862af70 JavaThread "Cache worker for Java compile cache (C:\Users\avipa\.gradle\caches\8.12\javaCompile)"        [_thread_blocked, id=11176, stack(0x0000008b85e00000,0x0000008b85f00000) (1024K)]
  0x000001e321eb3a70 JavaThread "Exec process Thread 4"             [_thread_blocked, id=38732, stack(0x0000008b86b00000,0x0000008b86c00000) (1024K)]
  0x000001e323a56f60 JavaThread "Exec process Thread 5"             [_thread_blocked, id=40200, stack(0x0000008b86d00000,0x0000008b86e00000) (1024K)]
  0x000001e323a568d0 JavaThread "Exec process Thread 6"             [_thread_blocked, id=23436, stack(0x0000008b86e00000,0x0000008b86f00000) (1024K)]
  0x000001e321eb26c0 JavaThread "Exec process Thread 7"             [_thread_blocked, id=36644, stack(0x0000008b86f00000,0x0000008b87000000) (1024K)]
  0x000001e318922b80 JavaThread "Exec process Thread 8"             [_thread_blocked, id=41152, stack(0x0000008b87000000,0x0000008b87100000) (1024K)]
  0x000001e3189252e0 JavaThread "Exec process Thread 9"             [_thread_blocked, id=37932, stack(0x0000008b87100000,0x0000008b87200000) (1024K)]
  0x000001e314376990 JavaThread "Exec process Thread 10"            [_thread_blocked, id=31044, stack(0x0000008b87200000,0x0000008b87300000) (1024K)]
  0x000001e31862bc90 JavaThread "Build operations"                  [_thread_blocked, id=42068, stack(0x0000008b87300000,0x0000008b87400000) (1024K)]
  0x000001e3307fed00 JavaThread "Build operations Thread 2"         [_thread_blocked, id=37692, stack(0x0000008b87400000,0x0000008b87500000) (1024K)]
  0x000001e3138ff350 JavaThread "Build operations Thread 3"         [_thread_blocked, id=34400, stack(0x0000008b87500000,0x0000008b87600000) (1024K)]
  0x000001e3307fe670 JavaThread "Build operations Thread 4"         [_thread_blocked, id=33616, stack(0x0000008b87600000,0x0000008b87700000) (1024K)]
  0x000001e313900700 JavaThread "Build operations Thread 5"         [_thread_blocked, id=28852, stack(0x0000008b87700000,0x0000008b87800000) (1024K)]
  0x000001e3307ff390 JavaThread "Build operations Thread 6"         [_thread_blocked, id=17808, stack(0x0000008b87800000,0x0000008b87900000) (1024K)]
  0x000001e313900d90 JavaThread "Build operations Thread 7"         [_thread_blocked, id=5720, stack(0x0000008b87900000,0x0000008b87a00000) (1024K)]
  0x000001e3307fd2c0 JavaThread "Build operations Thread 8"         [_thread_blocked, id=36044, stack(0x0000008b87a00000,0x0000008b87b00000) (1024K)]
  0x000001e3138fdfa0 JavaThread "Build operations Thread 9"         [_thread_blocked, id=28436, stack(0x0000008b87b00000,0x0000008b87c00000) (1024K)]
  0x000001e3307fdfe0 JavaThread "Build operations Thread 10"        [_thread_blocked, id=23824, stack(0x0000008b87c00000,0x0000008b87d00000) (1024K)]
  0x000001e3138ff9e0 JavaThread "Build operations Thread 11"        [_thread_blocked, id=2228, stack(0x0000008b87d00000,0x0000008b87e00000) (1024K)]
  0x000001e3307ffa20 JavaThread "Build operations Thread 12"        [_thread_blocked, id=42136, stack(0x0000008b87e00000,0x0000008b87f00000) (1024K)]
  0x000001e313900070 JavaThread "Build operations Thread 13"        [_thread_blocked, id=17372, stack(0x0000008b87f00000,0x0000008b88000000) (1024K)]
  0x000001e3308000b0 JavaThread "Build operations Thread 14"        [_thread_blocked, id=10224, stack(0x0000008b88000000,0x0000008b88100000) (1024K)]
  0x000001e3303e67b0 JavaThread "Build operations Thread 15"        [_thread_blocked, id=24780, stack(0x0000008b88100000,0x0000008b88200000) (1024K)]
  0x000001e31612f4d0 JavaThread "Build operations Thread 16"        [_thread_blocked, id=43688, stack(0x0000008b88200000,0x0000008b88300000) (1024K)]
  0x000001e31576b000 JavaThread "Exec process Thread 11"            [_thread_blocked, id=7448, stack(0x0000008b88300000,0x0000008b88400000) (1024K)]
  0x000001e315768f30 JavaThread "Exec process Thread 12"            [_thread_blocked, id=44316, stack(0x0000008b88400000,0x0000008b88500000) (1024K)]
  0x000001e330673db0 JavaThread "WorkerExecutor Queue Thread 26"        [_thread_blocked, id=29400, stack(0x0000008b83e00000,0x0000008b83f00000) (1024K)]
  0x000001e31576a2e0 JavaThread "WorkerExecutor Queue Thread 28"        [_thread_blocked, id=36868, stack(0x0000008b82e00000,0x0000008b82f00000) (1024K)]
  0x000001e314377020 JavaThread "WorkerExecutor Queue Thread 29"        [_thread_blocked, id=43924, stack(0x0000008b85400000,0x0000008b85500000) (1024K)]
  0x000001e314dfc540 JavaThread "RMI TCP Accept-0"           daemon [_thread_in_native, id=23340, stack(0x0000008b88500000,0x0000008b88600000) (1024K)]
  0x000001e31576a970 JavaThread "RMI TCP Connection(15)-127.0.0.1" daemon [_thread_in_native, id=38936, stack(0x0000008b88a00000,0x0000008b88b00000) (1024K)]
  0x000001e31576b690 JavaThread "RMI TCP Connection(idle)"   daemon [_thread_blocked, id=23472, stack(0x0000008b88b00000,0x0000008b88c00000) (1024K)]
  0x000001e31576bd20 JavaThread "RMI TCP Connection(idle)"   daemon [_thread_blocked, id=32052, stack(0x0000008b88c00000,0x0000008b88d00000) (1024K)]
  0x000001e3303e8880 JavaThread "RMI TCP Connection(idle)"   daemon [_thread_blocked, id=39948, stack(0x0000008b88d00000,0x0000008b88e00000) (1024K)]
  0x000001e3303e5a90 JavaThread "RMI TCP Connection(14)-127.0.0.1" daemon [_thread_in_native, id=43156, stack(0x0000008b88e00000,0x0000008b88f00000) (1024K)]
  0x000001e330654070 JavaThread "C2 CompilerThread1"         daemon [_thread_blocked, id=11460, stack(0x0000008b82800000,0x0000008b82900000) (1024K)]
  0x000001e31412b4d0 JavaThread "C2 CompilerThread2"         daemon [_thread_blocked, id=37256, stack(0x0000008b82f00000,0x0000008b83000000) (1024K)]
  0x000001e3306532d0 JavaThread "C2 CompilerThread3"         daemon [_thread_blocked, id=41464, stack(0x0000008b83b00000,0x0000008b83c00000) (1024K)]
  0x000001e3306539a0 JavaThread "C2 CompilerThread4"         daemon [_thread_blocked, id=40184, stack(0x0000008b85500000,0x0000008b85600000) (1024K)]
  0x000001e324965cd0 JavaThread "C1 CompilerThread1"         daemon [_thread_blocked, id=3904, stack(0x0000008b85600000,0x0000008b85700000) (1024K)]
Total: 294

Other Threads:
  0x000001e3088d98e0 VMThread "VM Thread"                           [id=43628, stack(0x0000008bf4f00000,0x0000008bf5000000) (1024K)]
  0x000001e3059215f0 WatcherThread "VM Periodic Task Thread"        [id=34504, stack(0x0000008bf4e00000,0x0000008bf4f00000) (1024K)]
  0x000001e36dd5a300 WorkerThread "GC Thread#0"                     [id=39092, stack(0x0000008bf4900000,0x0000008bf4a00000) (1024K)]
  0x000001e30d33a2e0 WorkerThread "GC Thread#1"                     [id=44680, stack(0x0000008bf6000000,0x0000008bf6100000) (1024K)]
  0x000001e30d498be0 WorkerThread "GC Thread#2"                     [id=12092, stack(0x0000008bf6100000,0x0000008bf6200000) (1024K)]
  0x000001e30d498f80 WorkerThread "GC Thread#3"                     [id=42268, stack(0x0000008bf6200000,0x0000008bf6300000) (1024K)]
  0x000001e30d2f7e50 WorkerThread "GC Thread#4"                     [id=34064, stack(0x0000008bf6300000,0x0000008bf6400000) (1024K)]
  0x000001e30d2f9070 WorkerThread "GC Thread#5"                     [id=44840, stack(0x0000008bf6400000,0x0000008bf6500000) (1024K)]
  0x000001e30d2f8590 WorkerThread "GC Thread#6"                     [id=44292, stack(0x0000008bf6e00000,0x0000008bf6f00000) (1024K)]
  0x000001e30d2f8930 WorkerThread "GC Thread#7"                     [id=30200, stack(0x0000008bf6f00000,0x0000008bf7000000) (1024K)]
  0x000001e30ecb97c0 WorkerThread "GC Thread#8"                     [id=40648, stack(0x0000008bf7000000,0x0000008bf7100000) (1024K)]
  0x000001e30ecbca80 WorkerThread "GC Thread#9"                     [id=21728, stack(0x0000008bf7100000,0x0000008bf7200000) (1024K)]
  0x000001e30ecbb860 WorkerThread "GC Thread#10"                    [id=24284, stack(0x0000008bf7200000,0x0000008bf7300000) (1024K)]
  0x000001e30ecbbc00 WorkerThread "GC Thread#11"                    [id=27424, stack(0x0000008bf7300000,0x0000008bf7400000) (1024K)]
  0x000001e30ecbd1c0 WorkerThread "GC Thread#12"                    [id=35264, stack(0x0000008bf7400000,0x0000008bf7500000) (1024K)]
  0x000001e36ddaa010 ConcurrentGCThread "G1 Main Marker"            [id=18228, stack(0x0000008bf4a00000,0x0000008bf4b00000) (1024K)]
  0x000001e36ddab1c0 WorkerThread "G1 Conc#0"                       [id=40376, stack(0x0000008bf4b00000,0x0000008bf4c00000) (1024K)]
  0x000001e30ecb9b60 WorkerThread "G1 Conc#1"                       [id=32204, stack(0x0000008bf7500000,0x0000008bf7600000) (1024K)]
  0x000001e30ecb9f00 WorkerThread "G1 Conc#2"                       [id=13804, stack(0x0000008bf7600000,0x0000008bf7700000) (1024K)]
  0x000001e3057f7a50 ConcurrentGCThread "G1 Refine#0"               [id=12044, stack(0x0000008bf4c00000,0x0000008bf4d00000) (1024K)]
  0x000001e3057f84d0 ConcurrentGCThread "G1 Service"                [id=42828, stack(0x0000008bf4d00000,0x0000008bf4e00000) (1024K)]
Total: 21

Threads with active compile tasks:
Total: 0

VM state: not at safepoint (normal execution)

VM Mutex/Monitor currently owned by a thread:  ([mutex/lock_event])
[0x00007ffbec3d6438] Metaspace_lock - owner thread: 0x000001e3236ec770

OutOfMemory and StackOverflow Exception counts:
OutOfMemoryError java_heap_errors=1
LinkageErrors=332

Heap address: 0x0000000700000000, size: 4096 MB, Compressed Oops mode: Zero based, Oop shift amount: 3

CDS archive(s) not mapped
Compressed class space mapped at: 0x0000000800000000-0x0000000840000000, reserved size: 1073741824
Narrow klass base: 0x0000000800000000, Narrow klass shift: 0, Narrow klass range: 0x40000000

GC Precious Log:
 CardTable entry size: 512
 Card Set container configuration: InlinePtr #cards 4 size 8 Array Of Cards #cards 16 size 48 Howl #buckets 8 coarsen threshold 3686 Howl Bitmap #cards 512 size 80 coarsen threshold 460 Card regions per heap region 1 cards per card region 4096
 CPUs: 16 total, 16 available
 Memory: 16202M
 Large Page Support: Disabled
 NUMA Support: Disabled
 Compressed Oops: Enabled (Zero based)
 Heap Region Size: 2M
 Heap Min Capacity: 8M
 Heap Initial Capacity: 254M
 Heap Max Capacity: 4G
 Pre-touch: Disabled
 Parallel Workers: 13
 Concurrent Workers: 3
 Concurrent Refinement Workers: 13
 Periodic GC: Disabled

Heap:
 garbage-first heap   total 2215936K, used 2085300K [0x0000000700000000, 0x0000000800000000)
  region size 2048K, 403 young (825344K), 28 survivors (57344K)
 Metaspace       used 278071K, committed 281600K, reserved 1310720K
  class space    used 34573K, committed 36224K, reserved 1048576K

Heap Regions: E=young(eden), S=young(survivor), O=old, HS=humongous(starts), HC=humongous(continues), CS=collection set, F=free, TAMS=top-at-mark-start, PB=parsable bottom
|   0|0x0000000700000000, 0x0000000700200000, 0x0000000700200000|100%|HS|  |TAMS 0x0000000700000000| PB 0x0000000700000000| Complete 
|   1|0x0000000700200000, 0x0000000700400000, 0x0000000700400000|100%|HC|  |TAMS 0x0000000700200000| PB 0x0000000700200000| Complete 
|   2|0x0000000700400000, 0x0000000700600000, 0x0000000700600000|100%| O|  |TAMS 0x0000000700400000| PB 0x0000000700400000| Untracked 
|   3|0x0000000700600000, 0x0000000700800000, 0x0000000700800000|100%| O|  |TAMS 0x0000000700600000| PB 0x0000000700600000| Untracked 
|   4|0x0000000700800000, 0x0000000700a00000, 0x0000000700a00000|100%| O|  |TAMS 0x0000000700800000| PB 0x0000000700800000| Untracked 
|   5|0x0000000700a00000, 0x0000000700c00000, 0x0000000700c00000|100%| O|  |TAMS 0x0000000700a00000| PB 0x0000000700a00000| Untracked 
|   6|0x0000000700c00000, 0x0000000700e00000, 0x0000000700e00000|100%| O|  |TAMS 0x0000000700c00000| PB 0x0000000700c00000| Untracked 
|   7|0x0000000700e00000, 0x0000000701000000, 0x0000000701000000|100%| O|  |TAMS 0x0000000700e00000| PB 0x0000000700e00000| Untracked 
|   8|0x0000000701000000, 0x0000000701200000, 0x0000000701200000|100%| O|  |TAMS 0x0000000701000000| PB 0x0000000701000000| Untracked 
|   9|0x0000000701200000, 0x0000000701400000, 0x0000000701400000|100%| O|  |TAMS 0x0000000701200000| PB 0x0000000701200000| Untracked 
|  10|0x0000000701400000, 0x0000000701600000, 0x0000000701600000|100%| O|  |TAMS 0x0000000701400000| PB 0x0000000701400000| Untracked 
|  11|0x0000000701600000, 0x0000000701800000, 0x0000000701800000|100%| O|  |TAMS 0x0000000701600000| PB 0x0000000701600000| Untracked 
|  12|0x0000000701800000, 0x0000000701a00000, 0x0000000701a00000|100%| O|  |TAMS 0x0000000701800000| PB 0x0000000701800000| Untracked 
|  13|0x0000000701a00000, 0x0000000701c00000, 0x0000000701c00000|100%| O|  |TAMS 0x0000000701a00000| PB 0x0000000701a00000| Untracked 
|  14|0x0000000701c00000, 0x0000000701e00000, 0x0000000701e00000|100%| O|  |TAMS 0x0000000701c00000| PB 0x0000000701c00000| Untracked 
|  15|0x0000000701e00000, 0x0000000702000000, 0x0000000702000000|100%| O|  |TAMS 0x0000000701e00000| PB 0x0000000701e00000| Untracked 
|  16|0x0000000702000000, 0x0000000702200000, 0x0000000702200000|100%| O|  |TAMS 0x0000000702000000| PB 0x0000000702000000| Untracked 
|  17|0x0000000702200000, 0x0000000702400000, 0x0000000702400000|100%| O|  |TAMS 0x0000000702200000| PB 0x0000000702200000| Untracked 
|  18|0x0000000702400000, 0x0000000702600000, 0x0000000702600000|100%| O|  |TAMS 0x0000000702400000| PB 0x0000000702400000| Untracked 
|  19|0x0000000702600000, 0x0000000702800000, 0x0000000702800000|100%| O|  |TAMS 0x0000000702600000| PB 0x0000000702600000| Untracked 
|  20|0x0000000702800000, 0x0000000702a00000, 0x0000000702a00000|100%| O|  |TAMS 0x0000000702800000| PB 0x0000000702800000| Untracked 
|  21|0x0000000702a00000, 0x0000000702c00000, 0x0000000702c00000|100%| O|  |TAMS 0x0000000702a00000| PB 0x0000000702a00000| Untracked 
|  22|0x0000000702c00000, 0x0000000702e00000, 0x0000000702e00000|100%| O|  |TAMS 0x0000000702c00000| PB 0x0000000702c00000| Untracked 
|  23|0x0000000702e00000, 0x0000000703000000, 0x0000000703000000|100%| O|  |TAMS 0x0000000702e00000| PB 0x0000000702e00000| Untracked 
|  24|0x0000000703000000, 0x0000000703200000, 0x0000000703200000|100%| O|  |TAMS 0x0000000703000000| PB 0x0000000703000000| Untracked 
|  25|0x0000000703200000, 0x0000000703400000, 0x0000000703400000|100%| O|  |TAMS 0x0000000703200000| PB 0x0000000703200000| Untracked 
|  26|0x0000000703400000, 0x0000000703600000, 0x0000000703600000|100%| O|  |TAMS 0x0000000703400000| PB 0x0000000703400000| Untracked 
|  27|0x0000000703600000, 0x0000000703800000, 0x0000000703800000|100%| O|  |TAMS 0x0000000703600000| PB 0x0000000703600000| Untracked 
|  28|0x0000000703800000, 0x0000000703a00000, 0x0000000703a00000|100%|HS|  |TAMS 0x0000000703800000| PB 0x0000000703800000| Complete 
|  29|0x0000000703a00000, 0x0000000703c00000, 0x0000000703c00000|100%| O|  |TAMS 0x0000000703a00000| PB 0x0000000703a00000| Untracked 
|  30|0x0000000703c00000, 0x0000000703e00000, 0x0000000703e00000|100%| O|  |TAMS 0x0000000703c00000| PB 0x0000000703c00000| Untracked 
|  31|0x0000000703e00000, 0x0000000704000000, 0x0000000704000000|100%| O|  |TAMS 0x0000000703e00000| PB 0x0000000703e00000| Untracked 
|  32|0x0000000704000000, 0x0000000704200000, 0x0000000704200000|100%| O|  |TAMS 0x0000000704000000| PB 0x0000000704000000| Untracked 
|  33|0x0000000704200000, 0x0000000704400000, 0x0000000704400000|100%| O|  |TAMS 0x0000000704200000| PB 0x0000000704200000| Untracked 
|  34|0x0000000704400000, 0x0000000704600000, 0x0000000704600000|100%|HS|  |TAMS 0x0000000704400000| PB 0x0000000704400000| Complete 
|  35|0x0000000704600000, 0x0000000704800000, 0x0000000704800000|100%| O|  |TAMS 0x0000000704600000| PB 0x0000000704600000| Untracked 
|  36|0x0000000704800000, 0x0000000704a00000, 0x0000000704a00000|100%| O|  |TAMS 0x0000000704800000| PB 0x0000000704800000| Untracked 
|  37|0x0000000704a00000, 0x0000000704c00000, 0x0000000704c00000|100%|HS|  |TAMS 0x0000000704a00000| PB 0x0000000704a00000| Complete 
|  38|0x0000000704c00000, 0x0000000704e00000, 0x0000000704e00000|100%| O|  |TAMS 0x0000000704c00000| PB 0x0000000704c00000| Untracked 
|  39|0x0000000704e00000, 0x0000000705000000, 0x0000000705000000|100%| O|  |TAMS 0x0000000704e00000| PB 0x0000000704e00000| Untracked 
|  40|0x0000000705000000, 0x0000000705200000, 0x0000000705200000|100%| O|  |TAMS 0x0000000705000000| PB 0x0000000705000000| Untracked 
|  41|0x0000000705200000, 0x0000000705400000, 0x0000000705400000|100%| O|  |TAMS 0x0000000705200000| PB 0x0000000705200000| Untracked 
|  42|0x0000000705400000, 0x0000000705600000, 0x0000000705600000|100%| O|  |TAMS 0x0000000705400000| PB 0x0000000705400000| Untracked 
|  43|0x0000000705600000, 0x0000000705800000, 0x0000000705800000|100%| O|  |TAMS 0x0000000705600000| PB 0x0000000705600000| Untracked 
|  44|0x0000000705800000, 0x0000000705a00000, 0x0000000705a00000|100%| O|  |TAMS 0x0000000705800000| PB 0x0000000705800000| Untracked 
|  45|0x0000000705a00000, 0x0000000705c00000, 0x0000000705c00000|100%| O|  |TAMS 0x0000000705a00000| PB 0x0000000705a00000| Untracked 
|  46|0x0000000705c00000, 0x0000000705e00000, 0x0000000705e00000|100%| O|  |TAMS 0x0000000705c00000| PB 0x0000000705c00000| Untracked 
|  47|0x0000000705e00000, 0x0000000706000000, 0x0000000706000000|100%| O|  |TAMS 0x0000000705e00000| PB 0x0000000705e00000| Untracked 
|  48|0x0000000706000000, 0x0000000706200000, 0x0000000706200000|100%| O|  |TAMS 0x0000000706000000| PB 0x0000000706000000| Untracked 
|  49|0x0000000706200000, 0x0000000706400000, 0x0000000706400000|100%| O|  |TAMS 0x0000000706200000| PB 0x0000000706200000| Untracked 
|  50|0x0000000706400000, 0x0000000706600000, 0x0000000706600000|100%| O|  |TAMS 0x0000000706400000| PB 0x0000000706400000| Untracked 
|  51|0x0000000706600000, 0x0000000706800000, 0x0000000706800000|100%| O|  |TAMS 0x0000000706600000| PB 0x0000000706600000| Untracked 
|  52|0x0000000706800000, 0x0000000706a00000, 0x0000000706a00000|100%| O|  |TAMS 0x0000000706800000| PB 0x0000000706800000| Untracked 
|  53|0x0000000706a00000, 0x0000000706c00000, 0x0000000706c00000|100%| O|  |TAMS 0x0000000706a00000| PB 0x0000000706a00000| Untracked 
|  54|0x0000000706c00000, 0x0000000706e00000, 0x0000000706e00000|100%| O|  |TAMS 0x0000000706c00000| PB 0x0000000706c00000| Untracked 
|  55|0x0000000706e00000, 0x0000000707000000, 0x0000000707000000|100%| O|  |TAMS 0x0000000706e00000| PB 0x0000000706e00000| Untracked 
|  56|0x0000000707000000, 0x0000000707200000, 0x0000000707200000|100%| O|  |TAMS 0x0000000707000000| PB 0x0000000707000000| Untracked 
|  57|0x0000000707200000, 0x0000000707400000, 0x0000000707400000|100%| O|  |TAMS 0x0000000707200000| PB 0x0000000707200000| Untracked 
|  58|0x0000000707400000, 0x0000000707600000, 0x0000000707600000|100%| O|  |TAMS 0x0000000707400000| PB 0x0000000707400000| Untracked 
|  59|0x0000000707600000, 0x0000000707800000, 0x0000000707800000|100%| O|  |TAMS 0x0000000707600000| PB 0x0000000707600000| Untracked 
|  60|0x0000000707800000, 0x0000000707a00000, 0x0000000707a00000|100%|HS|  |TAMS 0x0000000707800000| PB 0x0000000707800000| Complete 
|  61|0x0000000707a00000, 0x0000000707c00000, 0x0000000707c00000|100%|HC|  |TAMS 0x0000000707a00000| PB 0x0000000707a00000| Complete 
|  62|0x0000000707c00000, 0x0000000707e00000, 0x0000000707e00000|100%| O|  |TAMS 0x0000000707c00000| PB 0x0000000707c00000| Untracked 
|  63|0x0000000707e00000, 0x0000000708000000, 0x0000000708000000|100%| O|  |TAMS 0x0000000707e00000| PB 0x0000000707e00000| Untracked 
|  64|0x0000000708000000, 0x0000000708200000, 0x0000000708200000|100%| O|  |TAMS 0x0000000708000000| PB 0x0000000708000000| Untracked 
|  65|0x0000000708200000, 0x0000000708400000, 0x0000000708400000|100%| O|  |TAMS 0x0000000708200000| PB 0x0000000708200000| Untracked 
|  66|0x0000000708400000, 0x0000000708600000, 0x0000000708600000|100%| O|  |TAMS 0x0000000708400000| PB 0x0000000708400000| Untracked 
|  67|0x0000000708600000, 0x0000000708800000, 0x0000000708800000|100%| O|  |TAMS 0x0000000708600000| PB 0x0000000708600000| Untracked 
|  68|0x0000000708800000, 0x0000000708a00000, 0x0000000708a00000|100%| O|  |TAMS 0x0000000708800000| PB 0x0000000708800000| Untracked 
|  69|0x0000000708a00000, 0x0000000708c00000, 0x0000000708c00000|100%| O|  |TAMS 0x0000000708a00000| PB 0x0000000708a00000| Untracked 
|  70|0x0000000708c00000, 0x0000000708e00000, 0x0000000708e00000|100%| O|  |TAMS 0x0000000708c00000| PB 0x0000000708c00000| Untracked 
|  71|0x0000000708e00000, 0x0000000709000000, 0x0000000709000000|100%|HS|  |TAMS 0x0000000708e00000| PB 0x0000000708e00000| Complete 
|  72|0x0000000709000000, 0x0000000709200000, 0x0000000709200000|100%|HC|  |TAMS 0x0000000709000000| PB 0x0000000709000000| Complete 
|  73|0x0000000709200000, 0x0000000709400000, 0x0000000709400000|100%| O|  |TAMS 0x0000000709200000| PB 0x0000000709200000| Untracked 
|  74|0x0000000709400000, 0x0000000709600000, 0x0000000709600000|100%| O|  |TAMS 0x0000000709400000| PB 0x0000000709400000| Untracked 
|  75|0x0000000709600000, 0x0000000709800000, 0x0000000709800000|100%| O|  |TAMS 0x0000000709600000| PB 0x0000000709600000| Untracked 
|  76|0x0000000709800000, 0x0000000709a00000, 0x0000000709a00000|100%| O|  |TAMS 0x0000000709800000| PB 0x0000000709800000| Untracked 
|  77|0x0000000709a00000, 0x0000000709c00000, 0x0000000709c00000|100%|HS|  |TAMS 0x0000000709a00000| PB 0x0000000709a00000| Complete 
|  78|0x0000000709c00000, 0x0000000709e00000, 0x0000000709e00000|100%| O|  |TAMS 0x0000000709c00000| PB 0x0000000709c00000| Untracked 
|  79|0x0000000709e00000, 0x000000070a000000, 0x000000070a000000|100%| O|  |TAMS 0x0000000709e00000| PB 0x0000000709e00000| Untracked 
|  80|0x000000070a000000, 0x000000070a200000, 0x000000070a200000|100%| O|  |TAMS 0x000000070a000000| PB 0x000000070a000000| Untracked 
|  81|0x000000070a200000, 0x000000070a400000, 0x000000070a400000|100%| O|  |TAMS 0x000000070a200000| PB 0x000000070a200000| Untracked 
|  82|0x000000070a400000, 0x000000070a600000, 0x000000070a600000|100%|HS|  |TAMS 0x000000070a400000| PB 0x000000070a400000| Complete 
|  83|0x000000070a600000, 0x000000070a800000, 0x000000070a800000|100%| O|  |TAMS 0x000000070a600000| PB 0x000000070a600000| Untracked 
|  84|0x000000070a800000, 0x000000070aa00000, 0x000000070aa00000|100%| O|  |TAMS 0x000000070a800000| PB 0x000000070a800000| Untracked 
|  85|0x000000070aa00000, 0x000000070ac00000, 0x000000070ac00000|100%| O|  |TAMS 0x000000070aa00000| PB 0x000000070aa00000| Untracked 
|  86|0x000000070ac00000, 0x000000070ae00000, 0x000000070ae00000|100%| O|  |TAMS 0x000000070ac00000| PB 0x000000070ac00000| Untracked 
|  87|0x000000070ae00000, 0x000000070b000000, 0x000000070b000000|100%| O|  |TAMS 0x000000070ae00000| PB 0x000000070ae00000| Untracked 
|  88|0x000000070b000000, 0x000000070b200000, 0x000000070b200000|100%| O|  |TAMS 0x000000070b000000| PB 0x000000070b000000| Untracked 
|  89|0x000000070b200000, 0x000000070b400000, 0x000000070b400000|100%| O|  |TAMS 0x000000070b200000| PB 0x000000070b200000| Untracked 
|  90|0x000000070b400000, 0x000000070b600000, 0x000000070b600000|100%| O|  |TAMS 0x000000070b400000| PB 0x000000070b400000| Untracked 
|  91|0x000000070b600000, 0x000000070b800000, 0x000000070b800000|100%| O|  |TAMS 0x000000070b600000| PB 0x000000070b600000| Untracked 
|  92|0x000000070b800000, 0x000000070ba00000, 0x000000070ba00000|100%| O|  |TAMS 0x000000070b800000| PB 0x000000070b800000| Untracked 
|  93|0x000000070ba00000, 0x000000070bc00000, 0x000000070bc00000|100%| O|  |TAMS 0x000000070ba00000| PB 0x000000070ba00000| Untracked 
|  94|0x000000070bc00000, 0x000000070be00000, 0x000000070be00000|100%| O|  |TAMS 0x000000070bc00000| PB 0x000000070bc00000| Untracked 
|  95|0x000000070be00000, 0x000000070c000000, 0x000000070c000000|100%| O|  |TAMS 0x000000070be00000| PB 0x000000070be00000| Untracked 
|  96|0x000000070c000000, 0x000000070c200000, 0x000000070c200000|100%| O|  |TAMS 0x000000070c000000| PB 0x000000070c000000| Untracked 
|  97|0x000000070c200000, 0x000000070c400000, 0x000000070c400000|100%| O|  |TAMS 0x000000070c200000| PB 0x000000070c200000| Untracked 
|  98|0x000000070c400000, 0x000000070c600000, 0x000000070c600000|100%| O|  |TAMS 0x000000070c400000| PB 0x000000070c400000| Untracked 
|  99|0x000000070c600000, 0x000000070c800000, 0x000000070c800000|100%| O|  |TAMS 0x000000070c600000| PB 0x000000070c600000| Untracked 
| 100|0x000000070c800000, 0x000000070ca00000, 0x000000070ca00000|100%| O|  |TAMS 0x000000070c800000| PB 0x000000070c800000| Untracked 
| 101|0x000000070ca00000, 0x000000070cc00000, 0x000000070cc00000|100%| O|  |TAMS 0x000000070ca00000| PB 0x000000070ca00000| Untracked 
| 102|0x000000070cc00000, 0x000000070ce00000, 0x000000070ce00000|100%| O|  |TAMS 0x000000070cc00000| PB 0x000000070cc00000| Untracked 
| 103|0x000000070ce00000, 0x000000070d000000, 0x000000070d000000|100%| O|  |TAMS 0x000000070ce00000| PB 0x000000070ce00000| Untracked 
| 104|0x000000070d000000, 0x000000070d200000, 0x000000070d200000|100%| O|  |TAMS 0x000000070d000000| PB 0x000000070d000000| Untracked 
| 105|0x000000070d200000, 0x000000070d400000, 0x000000070d400000|100%| O|  |TAMS 0x000000070d200000| PB 0x000000070d200000| Untracked 
| 106|0x000000070d400000, 0x000000070d600000, 0x000000070d600000|100%|HS|  |TAMS 0x000000070d400000| PB 0x000000070d400000| Complete 
| 107|0x000000070d600000, 0x000000070d800000, 0x000000070d800000|100%| O|  |TAMS 0x000000070d600000| PB 0x000000070d600000| Untracked 
| 108|0x000000070d800000, 0x000000070da00000, 0x000000070da00000|100%| O|  |TAMS 0x000000070d800000| PB 0x000000070d800000| Untracked 
| 109|0x000000070da00000, 0x000000070dc00000, 0x000000070dc00000|100%| O|  |TAMS 0x000000070da00000| PB 0x000000070da00000| Untracked 
| 110|0x000000070dc00000, 0x000000070de00000, 0x000000070de00000|100%| O|  |TAMS 0x000000070dc00000| PB 0x000000070dc00000| Untracked 
| 111|0x000000070de00000, 0x000000070e000000, 0x000000070e000000|100%| O|  |TAMS 0x000000070de00000| PB 0x000000070de00000| Untracked 
| 112|0x000000070e000000, 0x000000070e200000, 0x000000070e200000|100%| O|  |TAMS 0x000000070e000000| PB 0x000000070e000000| Untracked 
| 113|0x000000070e200000, 0x000000070e400000, 0x000000070e400000|100%| O|  |TAMS 0x000000070e200000| PB 0x000000070e200000| Untracked 
| 114|0x000000070e400000, 0x000000070e600000, 0x000000070e600000|100%| O|  |TAMS 0x000000070e400000| PB 0x000000070e400000| Untracked 
| 115|0x000000070e600000, 0x000000070e800000, 0x000000070e800000|100%| O|  |TAMS 0x000000070e600000| PB 0x000000070e600000| Untracked 
| 116|0x000000070e800000, 0x000000070ea00000, 0x000000070ea00000|100%| O|  |TAMS 0x000000070e800000| PB 0x000000070e800000| Untracked 
| 117|0x000000070ea00000, 0x000000070ec00000, 0x000000070ec00000|100%| O|  |TAMS 0x000000070ea00000| PB 0x000000070ea00000| Untracked 
| 118|0x000000070ec00000, 0x000000070ee00000, 0x000000070ee00000|100%| O|  |TAMS 0x000000070ec00000| PB 0x000000070ec00000| Untracked 
| 119|0x000000070ee00000, 0x000000070f000000, 0x000000070f000000|100%| O|  |TAMS 0x000000070ee00000| PB 0x000000070ee00000| Untracked 
| 120|0x000000070f000000, 0x000000070f200000, 0x000000070f200000|100%| O|  |TAMS 0x000000070f000000| PB 0x000000070f000000| Untracked 
| 121|0x000000070f200000, 0x000000070f400000, 0x000000070f400000|100%| O|  |TAMS 0x000000070f200000| PB 0x000000070f200000| Untracked 
| 122|0x000000070f400000, 0x000000070f600000, 0x000000070f600000|100%| O|  |TAMS 0x000000070f400000| PB 0x000000070f400000| Untracked 
| 123|0x000000070f600000, 0x000000070f800000, 0x000000070f800000|100%| O|  |TAMS 0x000000070f600000| PB 0x000000070f600000| Untracked 
| 124|0x000000070f800000, 0x000000070fa00000, 0x000000070fa00000|100%| O|  |TAMS 0x000000070f800000| PB 0x000000070f800000| Untracked 
| 125|0x000000070fa00000, 0x000000070fc00000, 0x000000070fc00000|100%| O|  |TAMS 0x000000070fa00000| PB 0x000000070fa00000| Untracked 
| 126|0x000000070fc00000, 0x000000070fe00000, 0x000000070fe00000|100%| O|  |TAMS 0x000000070fc00000| PB 0x000000070fc00000| Untracked 
| 127|0x000000070fe00000, 0x0000000710000000, 0x0000000710000000|100%| O|  |TAMS 0x000000070fe00000| PB 0x000000070fe00000| Untracked 
| 128|0x0000000710000000, 0x0000000710200000, 0x0000000710200000|100%| O|  |TAMS 0x0000000710000000| PB 0x0000000710000000| Untracked 
| 129|0x0000000710200000, 0x0000000710400000, 0x0000000710400000|100%| O|  |TAMS 0x0000000710200000| PB 0x0000000710200000| Untracked 
| 130|0x0000000710400000, 0x0000000710600000, 0x0000000710600000|100%| O|  |TAMS 0x0000000710400000| PB 0x0000000710400000| Untracked 
| 131|0x0000000710600000, 0x0000000710800000, 0x0000000710800000|100%| O|  |TAMS 0x0000000710600000| PB 0x0000000710600000| Untracked 
| 132|0x0000000710800000, 0x0000000710a00000, 0x0000000710a00000|100%| O|  |TAMS 0x0000000710800000| PB 0x0000000710800000| Untracked 
| 133|0x0000000710a00000, 0x0000000710c00000, 0x0000000710c00000|100%| O|  |TAMS 0x0000000710a00000| PB 0x0000000710a00000| Untracked 
| 134|0x0000000710c00000, 0x0000000710e00000, 0x0000000710e00000|100%| O|  |TAMS 0x0000000710c00000| PB 0x0000000710c00000| Untracked 
| 135|0x0000000710e00000, 0x0000000711000000, 0x0000000711000000|100%| O|  |TAMS 0x0000000710e00000| PB 0x0000000710e00000| Untracked 
| 136|0x0000000711000000, 0x0000000711200000, 0x0000000711200000|100%| O|  |TAMS 0x0000000711000000| PB 0x0000000711000000| Untracked 
| 137|0x0000000711200000, 0x0000000711400000, 0x0000000711400000|100%| O|  |TAMS 0x0000000711200000| PB 0x0000000711200000| Untracked 
| 138|0x0000000711400000, 0x0000000711600000, 0x0000000711600000|100%| O|  |TAMS 0x0000000711400000| PB 0x0000000711400000| Untracked 
| 139|0x0000000711600000, 0x0000000711800000, 0x0000000711800000|100%| O|  |TAMS 0x0000000711600000| PB 0x0000000711600000| Untracked 
| 140|0x0000000711800000, 0x0000000711a00000, 0x0000000711a00000|100%| O|  |TAMS 0x0000000711800000| PB 0x0000000711800000| Untracked 
| 141|0x0000000711a00000, 0x0000000711c00000, 0x0000000711c00000|100%| O|  |TAMS 0x0000000711a00000| PB 0x0000000711a00000| Untracked 
| 142|0x0000000711c00000, 0x0000000711e00000, 0x0000000711e00000|100%| O|  |TAMS 0x0000000711c00000| PB 0x0000000711c00000| Untracked 
| 143|0x0000000711e00000, 0x0000000712000000, 0x0000000712000000|100%| O|  |TAMS 0x0000000711e00000| PB 0x0000000711e00000| Untracked 
| 144|0x0000000712000000, 0x0000000712200000, 0x0000000712200000|100%| O|  |TAMS 0x0000000712000000| PB 0x0000000712000000| Untracked 
| 145|0x0000000712200000, 0x0000000712400000, 0x0000000712400000|100%| O|  |TAMS 0x0000000712200000| PB 0x0000000712200000| Untracked 
| 146|0x0000000712400000, 0x0000000712600000, 0x0000000712600000|100%| O|  |TAMS 0x0000000712400000| PB 0x0000000712400000| Untracked 
| 147|0x0000000712600000, 0x0000000712800000, 0x0000000712800000|100%| O|  |TAMS 0x0000000712600000| PB 0x0000000712600000| Untracked 
| 148|0x0000000712800000, 0x0000000712a00000, 0x0000000712a00000|100%| O|  |TAMS 0x0000000712800000| PB 0x0000000712800000| Untracked 
| 149|0x0000000712a00000, 0x0000000712c00000, 0x0000000712c00000|100%| O|  |TAMS 0x0000000712a00000| PB 0x0000000712a00000| Untracked 
| 150|0x0000000712c00000, 0x0000000712e00000, 0x0000000712e00000|100%| O|  |TAMS 0x0000000712c00000| PB 0x0000000712c00000| Untracked 
| 151|0x0000000712e00000, 0x0000000713000000, 0x0000000713000000|100%| O|  |TAMS 0x0000000712e00000| PB 0x0000000712e00000| Untracked 
| 152|0x0000000713000000, 0x0000000713200000, 0x0000000713200000|100%| O|  |TAMS 0x0000000713000000| PB 0x0000000713000000| Untracked 
| 153|0x0000000713200000, 0x0000000713400000, 0x0000000713400000|100%| O|  |TAMS 0x0000000713200000| PB 0x0000000713200000| Untracked 
| 154|0x0000000713400000, 0x0000000713600000, 0x0000000713600000|100%| O|  |TAMS 0x0000000713400000| PB 0x0000000713400000| Untracked 
| 155|0x0000000713600000, 0x0000000713800000, 0x0000000713800000|100%| O|  |TAMS 0x0000000713600000| PB 0x0000000713600000| Untracked 
| 156|0x0000000713800000, 0x0000000713a00000, 0x0000000713a00000|100%| O|  |TAMS 0x0000000713800000| PB 0x0000000713800000| Untracked 
| 157|0x0000000713a00000, 0x0000000713c00000, 0x0000000713c00000|100%| O|  |TAMS 0x0000000713a00000| PB 0x0000000713a00000| Untracked 
| 158|0x0000000713c00000, 0x0000000713e00000, 0x0000000713e00000|100%| O|  |TAMS 0x0000000713c00000| PB 0x0000000713c00000| Untracked 
| 159|0x0000000713e00000, 0x0000000714000000, 0x0000000714000000|100%| O|  |TAMS 0x0000000713e00000| PB 0x0000000713e00000| Untracked 
| 160|0x0000000714000000, 0x0000000714200000, 0x0000000714200000|100%| O|  |TAMS 0x0000000714000000| PB 0x0000000714000000| Untracked 
| 161|0x0000000714200000, 0x0000000714400000, 0x0000000714400000|100%| O|  |TAMS 0x0000000714200000| PB 0x0000000714200000| Untracked 
| 162|0x0000000714400000, 0x0000000714600000, 0x0000000714600000|100%| O|  |TAMS 0x0000000714400000| PB 0x0000000714400000| Untracked 
| 163|0x0000000714600000, 0x0000000714800000, 0x0000000714800000|100%| O|  |TAMS 0x0000000714600000| PB 0x0000000714600000| Untracked 
| 164|0x0000000714800000, 0x0000000714a00000, 0x0000000714a00000|100%| O|  |TAMS 0x0000000714800000| PB 0x0000000714800000| Untracked 
| 165|0x0000000714a00000, 0x0000000714c00000, 0x0000000714c00000|100%| O|  |TAMS 0x0000000714a00000| PB 0x0000000714a00000| Untracked 
| 166|0x0000000714c00000, 0x0000000714e00000, 0x0000000714e00000|100%| O|  |TAMS 0x0000000714c00000| PB 0x0000000714c00000| Untracked 
| 167|0x0000000714e00000, 0x0000000715000000, 0x0000000715000000|100%| O|  |TAMS 0x0000000714e00000| PB 0x0000000714e00000| Untracked 
| 168|0x0000000715000000, 0x0000000715200000, 0x0000000715200000|100%| O|  |TAMS 0x0000000715000000| PB 0x0000000715000000| Untracked 
| 169|0x0000000715200000, 0x0000000715400000, 0x0000000715400000|100%| O|  |TAMS 0x0000000715200000| PB 0x0000000715200000| Untracked 
| 170|0x0000000715400000, 0x0000000715600000, 0x0000000715600000|100%| O|  |TAMS 0x0000000715400000| PB 0x0000000715400000| Untracked 
| 171|0x0000000715600000, 0x0000000715800000, 0x0000000715800000|100%| O|  |TAMS 0x0000000715600000| PB 0x0000000715600000| Untracked 
| 172|0x0000000715800000, 0x0000000715a00000, 0x0000000715a00000|100%| O|  |TAMS 0x0000000715800000| PB 0x0000000715800000| Untracked 
| 173|0x0000000715a00000, 0x0000000715c00000, 0x0000000715c00000|100%| O|  |TAMS 0x0000000715a00000| PB 0x0000000715a00000| Untracked 
| 174|0x0000000715c00000, 0x0000000715e00000, 0x0000000715e00000|100%| O|  |TAMS 0x0000000715c00000| PB 0x0000000715c00000| Untracked 
| 175|0x0000000715e00000, 0x0000000716000000, 0x0000000716000000|100%| O|  |TAMS 0x0000000715e00000| PB 0x0000000715e00000| Untracked 
| 176|0x0000000716000000, 0x0000000716200000, 0x0000000716200000|100%| O|  |TAMS 0x0000000716000000| PB 0x0000000716000000| Untracked 
| 177|0x0000000716200000, 0x0000000716400000, 0x0000000716400000|100%| O|  |TAMS 0x0000000716200000| PB 0x0000000716200000| Untracked 
| 178|0x0000000716400000, 0x0000000716600000, 0x0000000716600000|100%| O|  |TAMS 0x0000000716400000| PB 0x0000000716400000| Untracked 
| 179|0x0000000716600000, 0x0000000716800000, 0x0000000716800000|100%| O|  |TAMS 0x0000000716600000| PB 0x0000000716600000| Untracked 
| 180|0x0000000716800000, 0x0000000716a00000, 0x0000000716a00000|100%| O|  |TAMS 0x0000000716800000| PB 0x0000000716800000| Untracked 
| 181|0x0000000716a00000, 0x0000000716c00000, 0x0000000716c00000|100%|HS|  |TAMS 0x0000000716a00000| PB 0x0000000716a00000| Complete 
| 182|0x0000000716c00000, 0x0000000716e00000, 0x0000000716e00000|100%|HS|  |TAMS 0x0000000716c00000| PB 0x0000000716c00000| Complete 
| 183|0x0000000716e00000, 0x0000000717000000, 0x0000000717000000|100%| O|  |TAMS 0x0000000716e00000| PB 0x0000000716e00000| Untracked 
| 184|0x0000000717000000, 0x0000000717200000, 0x0000000717200000|100%| O|  |TAMS 0x0000000717000000| PB 0x0000000717000000| Untracked 
| 185|0x0000000717200000, 0x0000000717400000, 0x0000000717400000|100%| O|  |TAMS 0x0000000717200000| PB 0x0000000717200000| Untracked 
| 186|0x0000000717400000, 0x0000000717600000, 0x0000000717600000|100%| O|  |TAMS 0x0000000717400000| PB 0x0000000717400000| Untracked 
| 187|0x0000000717600000, 0x0000000717800000, 0x0000000717800000|100%| O|  |TAMS 0x0000000717600000| PB 0x0000000717600000| Untracked 
| 188|0x0000000717800000, 0x0000000717a00000, 0x0000000717a00000|100%| O|  |TAMS 0x0000000717800000| PB 0x0000000717800000| Untracked 
| 189|0x0000000717a00000, 0x0000000717c00000, 0x0000000717c00000|100%| O|  |TAMS 0x0000000717a00000| PB 0x0000000717a00000| Untracked 
| 190|0x0000000717c00000, 0x0000000717e00000, 0x0000000717e00000|100%| O|  |TAMS 0x0000000717c00000| PB 0x0000000717c00000| Untracked 
| 191|0x0000000717e00000, 0x0000000718000000, 0x0000000718000000|100%| O|  |TAMS 0x0000000717e00000| PB 0x0000000717e00000| Untracked 
| 192|0x0000000718000000, 0x0000000718200000, 0x0000000718200000|100%| O|  |TAMS 0x0000000718000000| PB 0x0000000718000000| Untracked 
| 193|0x0000000718200000, 0x0000000718400000, 0x0000000718400000|100%| O|  |TAMS 0x0000000718200000| PB 0x0000000718200000| Untracked 
| 194|0x0000000718400000, 0x0000000718600000, 0x0000000718600000|100%| O|  |TAMS 0x0000000718400000| PB 0x0000000718400000| Untracked 
| 195|0x0000000718600000, 0x0000000718800000, 0x0000000718800000|100%| O|  |TAMS 0x0000000718600000| PB 0x0000000718600000| Untracked 
| 196|0x0000000718800000, 0x0000000718a00000, 0x0000000718a00000|100%| O|  |TAMS 0x0000000718800000| PB 0x0000000718800000| Untracked 
| 197|0x0000000718a00000, 0x0000000718c00000, 0x0000000718c00000|100%| O|  |TAMS 0x0000000718a00000| PB 0x0000000718a00000| Untracked 
| 198|0x0000000718c00000, 0x0000000718e00000, 0x0000000718e00000|100%| O|  |TAMS 0x0000000718c00000| PB 0x0000000718c00000| Untracked 
| 199|0x0000000718e00000, 0x0000000719000000, 0x0000000719000000|100%| O|  |TAMS 0x0000000718e00000| PB 0x0000000718e00000| Untracked 
| 200|0x0000000719000000, 0x0000000719200000, 0x0000000719200000|100%| O|  |TAMS 0x0000000719000000| PB 0x0000000719000000| Untracked 
| 201|0x0000000719200000, 0x0000000719400000, 0x0000000719400000|100%| O|  |TAMS 0x0000000719200000| PB 0x0000000719200000| Untracked 
| 202|0x0000000719400000, 0x0000000719600000, 0x0000000719600000|100%| O|  |TAMS 0x0000000719400000| PB 0x0000000719400000| Untracked 
| 203|0x0000000719600000, 0x0000000719800000, 0x0000000719800000|100%| O|  |TAMS 0x0000000719600000| PB 0x0000000719600000| Untracked 
| 204|0x0000000719800000, 0x0000000719a00000, 0x0000000719a00000|100%| O|  |TAMS 0x0000000719800000| PB 0x0000000719800000| Untracked 
| 205|0x0000000719a00000, 0x0000000719c00000, 0x0000000719c00000|100%| O|  |TAMS 0x0000000719a00000| PB 0x0000000719a00000| Untracked 
| 206|0x0000000719c00000, 0x0000000719e00000, 0x0000000719e00000|100%| O|  |TAMS 0x0000000719c00000| PB 0x0000000719c00000| Untracked 
| 207|0x0000000719e00000, 0x000000071a000000, 0x000000071a000000|100%| O|  |TAMS 0x0000000719e00000| PB 0x0000000719e00000| Untracked 
| 208|0x000000071a000000, 0x000000071a200000, 0x000000071a200000|100%| O|  |TAMS 0x000000071a000000| PB 0x000000071a000000| Untracked 
| 209|0x000000071a200000, 0x000000071a400000, 0x000000071a400000|100%| O|  |TAMS 0x000000071a200000| PB 0x000000071a200000| Untracked 
| 210|0x000000071a400000, 0x000000071a600000, 0x000000071a600000|100%| O|  |TAMS 0x000000071a400000| PB 0x000000071a400000| Untracked 
| 211|0x000000071a600000, 0x000000071a800000, 0x000000071a800000|100%| O|  |TAMS 0x000000071a600000| PB 0x000000071a600000| Untracked 
| 212|0x000000071a800000, 0x000000071aa00000, 0x000000071aa00000|100%| O|  |TAMS 0x000000071a800000| PB 0x000000071a800000| Untracked 
| 213|0x000000071aa00000, 0x000000071ac00000, 0x000000071ac00000|100%| O|  |TAMS 0x000000071aa00000| PB 0x000000071aa00000| Untracked 
| 214|0x000000071ac00000, 0x000000071ae00000, 0x000000071ae00000|100%| O|  |TAMS 0x000000071ac00000| PB 0x000000071ac00000| Untracked 
| 215|0x000000071ae00000, 0x000000071b000000, 0x000000071b000000|100%| O|  |TAMS 0x000000071ae00000| PB 0x000000071ae00000| Untracked 
| 216|0x000000071b000000, 0x000000071b200000, 0x000000071b200000|100%| O|  |TAMS 0x000000071b000000| PB 0x000000071b000000| Untracked 
| 217|0x000000071b200000, 0x000000071b400000, 0x000000071b400000|100%| O|  |TAMS 0x000000071b200000| PB 0x000000071b200000| Untracked 
| 218|0x000000071b400000, 0x000000071b600000, 0x000000071b600000|100%| O|  |TAMS 0x000000071b400000| PB 0x000000071b400000| Untracked 
| 219|0x000000071b600000, 0x000000071b800000, 0x000000071b800000|100%| O|  |TAMS 0x000000071b600000| PB 0x000000071b600000| Untracked 
| 220|0x000000071b800000, 0x000000071ba00000, 0x000000071ba00000|100%| O|  |TAMS 0x000000071b800000| PB 0x000000071b800000| Untracked 
| 221|0x000000071ba00000, 0x000000071bc00000, 0x000000071bc00000|100%| O|  |TAMS 0x000000071ba00000| PB 0x000000071ba00000| Untracked 
| 222|0x000000071bc00000, 0x000000071be00000, 0x000000071be00000|100%| O|  |TAMS 0x000000071bc00000| PB 0x000000071bc00000| Untracked 
| 223|0x000000071be00000, 0x000000071c000000, 0x000000071c000000|100%| O|  |TAMS 0x000000071be00000| PB 0x000000071be00000| Untracked 
| 224|0x000000071c000000, 0x000000071c200000, 0x000000071c200000|100%| O|  |TAMS 0x000000071c000000| PB 0x000000071c000000| Untracked 
| 225|0x000000071c200000, 0x000000071c400000, 0x000000071c400000|100%| O|  |TAMS 0x000000071c200000| PB 0x000000071c200000| Untracked 
| 226|0x000000071c400000, 0x000000071c600000, 0x000000071c600000|100%| O|  |TAMS 0x000000071c400000| PB 0x000000071c400000| Untracked 
| 227|0x000000071c600000, 0x000000071c800000, 0x000000071c800000|100%| O|  |TAMS 0x000000071c600000| PB 0x000000071c600000| Untracked 
| 228|0x000000071c800000, 0x000000071ca00000, 0x000000071ca00000|100%| O|  |TAMS 0x000000071c800000| PB 0x000000071c800000| Untracked 
| 229|0x000000071ca00000, 0x000000071cc00000, 0x000000071cc00000|100%| O|  |TAMS 0x000000071ca00000| PB 0x000000071ca00000| Untracked 
| 230|0x000000071cc00000, 0x000000071ce00000, 0x000000071ce00000|100%| O|  |TAMS 0x000000071cc00000| PB 0x000000071cc00000| Untracked 
| 231|0x000000071ce00000, 0x000000071d000000, 0x000000071d000000|100%| O|  |TAMS 0x000000071ce00000| PB 0x000000071ce00000| Untracked 
| 232|0x000000071d000000, 0x000000071d200000, 0x000000071d200000|100%| O|  |TAMS 0x000000071d000000| PB 0x000000071d000000| Untracked 
| 233|0x000000071d200000, 0x000000071d400000, 0x000000071d400000|100%| O|  |TAMS 0x000000071d200000| PB 0x000000071d200000| Untracked 
| 234|0x000000071d400000, 0x000000071d600000, 0x000000071d600000|100%| O|  |TAMS 0x000000071d400000| PB 0x000000071d400000| Untracked 
| 235|0x000000071d600000, 0x000000071d800000, 0x000000071d800000|100%| O|  |TAMS 0x000000071d600000| PB 0x000000071d600000| Untracked 
| 236|0x000000071d800000, 0x000000071da00000, 0x000000071da00000|100%| O|  |TAMS 0x000000071d800000| PB 0x000000071d800000| Untracked 
| 237|0x000000071da00000, 0x000000071dc00000, 0x000000071dc00000|100%| O|  |TAMS 0x000000071da00000| PB 0x000000071da00000| Untracked 
| 238|0x000000071dc00000, 0x000000071de00000, 0x000000071de00000|100%| O|  |TAMS 0x000000071dc00000| PB 0x000000071dc00000| Untracked 
| 239|0x000000071de00000, 0x000000071e000000, 0x000000071e000000|100%| O|  |TAMS 0x000000071de00000| PB 0x000000071de00000| Untracked 
| 240|0x000000071e000000, 0x000000071e200000, 0x000000071e200000|100%| O|  |TAMS 0x000000071e000000| PB 0x000000071e000000| Untracked 
| 241|0x000000071e200000, 0x000000071e400000, 0x000000071e400000|100%| O|  |TAMS 0x000000071e200000| PB 0x000000071e200000| Untracked 
| 242|0x000000071e400000, 0x000000071e600000, 0x000000071e600000|100%| O|  |TAMS 0x000000071e400000| PB 0x000000071e400000| Untracked 
| 243|0x000000071e600000, 0x000000071e800000, 0x000000071e800000|100%| O|  |TAMS 0x000000071e600000| PB 0x000000071e600000| Untracked 
| 244|0x000000071e800000, 0x000000071ea00000, 0x000000071ea00000|100%|HS|  |TAMS 0x000000071e800000| PB 0x000000071e800000| Complete 
| 245|0x000000071ea00000, 0x000000071ec00000, 0x000000071ec00000|100%| O|  |TAMS 0x000000071ea00000| PB 0x000000071ea00000| Untracked 
| 246|0x000000071ec00000, 0x000000071ee00000, 0x000000071ee00000|100%| O|  |TAMS 0x000000071ec00000| PB 0x000000071ec00000| Untracked 
| 247|0x000000071ee00000, 0x000000071f000000, 0x000000071f000000|100%| O|  |TAMS 0x000000071ee00000| PB 0x000000071ee00000| Untracked 
| 248|0x000000071f000000, 0x000000071f200000, 0x000000071f200000|100%| O|  |TAMS 0x000000071f000000| PB 0x000000071f000000| Untracked 
| 249|0x000000071f200000, 0x000000071f400000, 0x000000071f400000|100%| O|  |TAMS 0x000000071f200000| PB 0x000000071f200000| Untracked 
| 250|0x000000071f400000, 0x000000071f600000, 0x000000071f600000|100%| O|  |TAMS 0x000000071f400000| PB 0x000000071f400000| Untracked 
| 251|0x000000071f600000, 0x000000071f800000, 0x000000071f800000|100%| O|  |TAMS 0x000000071f600000| PB 0x000000071f600000| Untracked 
| 252|0x000000071f800000, 0x000000071fa00000, 0x000000071fa00000|100%| O|  |TAMS 0x000000071f800000| PB 0x000000071f800000| Untracked 
| 253|0x000000071fa00000, 0x000000071fc00000, 0x000000071fc00000|100%| O|  |TAMS 0x000000071fa00000| PB 0x000000071fa00000| Untracked 
| 254|0x000000071fc00000, 0x000000071fe00000, 0x000000071fe00000|100%| O|  |TAMS 0x000000071fc00000| PB 0x000000071fc00000| Untracked 
| 255|0x000000071fe00000, 0x0000000720000000, 0x0000000720000000|100%| O|  |TAMS 0x000000071fe00000| PB 0x000000071fe00000| Untracked 
| 256|0x0000000720000000, 0x0000000720200000, 0x0000000720200000|100%| O|  |TAMS 0x0000000720000000| PB 0x0000000720000000| Untracked 
| 257|0x0000000720200000, 0x0000000720400000, 0x0000000720400000|100%| O|  |TAMS 0x0000000720200000| PB 0x0000000720200000| Untracked 
| 258|0x0000000720400000, 0x0000000720600000, 0x0000000720600000|100%| O|  |TAMS 0x0000000720400000| PB 0x0000000720400000| Untracked 
| 259|0x0000000720600000, 0x0000000720800000, 0x0000000720800000|100%| O|  |TAMS 0x0000000720600000| PB 0x0000000720600000| Untracked 
| 260|0x0000000720800000, 0x0000000720a00000, 0x0000000720a00000|100%| O|  |TAMS 0x0000000720800000| PB 0x0000000720800000| Untracked 
| 261|0x0000000720a00000, 0x0000000720c00000, 0x0000000720c00000|100%| O|  |TAMS 0x0000000720a00000| PB 0x0000000720a00000| Untracked 
| 262|0x0000000720c00000, 0x0000000720e00000, 0x0000000720e00000|100%| O|  |TAMS 0x0000000720c00000| PB 0x0000000720c00000| Untracked 
| 263|0x0000000720e00000, 0x0000000721000000, 0x0000000721000000|100%| O|  |TAMS 0x0000000720e00000| PB 0x0000000720e00000| Untracked 
| 264|0x0000000721000000, 0x0000000721200000, 0x0000000721200000|100%| O|  |TAMS 0x0000000721000000| PB 0x0000000721000000| Untracked 
| 265|0x0000000721200000, 0x0000000721400000, 0x0000000721400000|100%| O|  |TAMS 0x0000000721200000| PB 0x0000000721200000| Untracked 
| 266|0x0000000721400000, 0x0000000721600000, 0x0000000721600000|100%| O|  |TAMS 0x0000000721400000| PB 0x0000000721400000| Untracked 
| 267|0x0000000721600000, 0x0000000721800000, 0x0000000721800000|100%| O|  |TAMS 0x0000000721600000| PB 0x0000000721600000| Untracked 
| 268|0x0000000721800000, 0x0000000721a00000, 0x0000000721a00000|100%| O|  |TAMS 0x0000000721800000| PB 0x0000000721800000| Untracked 
| 269|0x0000000721a00000, 0x0000000721c00000, 0x0000000721c00000|100%| O|  |TAMS 0x0000000721a00000| PB 0x0000000721a00000| Untracked 
| 270|0x0000000721c00000, 0x0000000721e00000, 0x0000000721e00000|100%|HS|  |TAMS 0x0000000721c00000| PB 0x0000000721c00000| Complete 
| 271|0x0000000721e00000, 0x0000000722000000, 0x0000000722000000|100%|HC|  |TAMS 0x0000000721e00000| PB 0x0000000721e00000| Complete 
| 272|0x0000000722000000, 0x0000000722200000, 0x0000000722200000|100%| O|  |TAMS 0x0000000722000000| PB 0x0000000722000000| Untracked 
| 273|0x0000000722200000, 0x0000000722400000, 0x0000000722400000|100%| O|  |TAMS 0x0000000722200000| PB 0x0000000722200000| Untracked 
| 274|0x0000000722400000, 0x0000000722600000, 0x0000000722600000|100%| O|  |TAMS 0x0000000722400000| PB 0x0000000722400000| Untracked 
| 275|0x0000000722600000, 0x0000000722800000, 0x0000000722800000|100%| O|  |TAMS 0x0000000722600000| PB 0x0000000722600000| Untracked 
| 276|0x0000000722800000, 0x0000000722a00000, 0x0000000722a00000|100%| O|  |TAMS 0x0000000722800000| PB 0x0000000722800000| Untracked 
| 277|0x0000000722a00000, 0x0000000722c00000, 0x0000000722c00000|100%| O|  |TAMS 0x0000000722a00000| PB 0x0000000722a00000| Untracked 
| 278|0x0000000722c00000, 0x0000000722e00000, 0x0000000722e00000|100%| O|  |TAMS 0x0000000722c00000| PB 0x0000000722c00000| Untracked 
| 279|0x0000000722e00000, 0x0000000723000000, 0x0000000723000000|100%| O|  |TAMS 0x0000000722e00000| PB 0x0000000722e00000| Untracked 
| 280|0x0000000723000000, 0x0000000723200000, 0x0000000723200000|100%| O|  |TAMS 0x0000000723000000| PB 0x0000000723000000| Untracked 
| 281|0x0000000723200000, 0x0000000723400000, 0x0000000723400000|100%| O|  |TAMS 0x0000000723200000| PB 0x0000000723200000| Untracked 
| 282|0x0000000723400000, 0x0000000723600000, 0x0000000723600000|100%| O|  |TAMS 0x0000000723400000| PB 0x0000000723400000| Untracked 
| 283|0x0000000723600000, 0x0000000723800000, 0x0000000723800000|100%| O|  |TAMS 0x0000000723600000| PB 0x0000000723600000| Untracked 
| 284|0x0000000723800000, 0x0000000723a00000, 0x0000000723a00000|100%| O|  |TAMS 0x0000000723800000| PB 0x0000000723800000| Untracked 
| 285|0x0000000723a00000, 0x0000000723c00000, 0x0000000723c00000|100%| O|  |TAMS 0x0000000723a00000| PB 0x0000000723a00000| Untracked 
| 286|0x0000000723c00000, 0x0000000723e00000, 0x0000000723e00000|100%| O|  |TAMS 0x0000000723c00000| PB 0x0000000723c00000| Untracked 
| 287|0x0000000723e00000, 0x0000000724000000, 0x0000000724000000|100%| O|  |TAMS 0x0000000723e00000| PB 0x0000000723e00000| Untracked 
| 288|0x0000000724000000, 0x0000000724200000, 0x0000000724200000|100%| O|  |TAMS 0x0000000724000000| PB 0x0000000724000000| Untracked 
| 289|0x0000000724200000, 0x0000000724400000, 0x0000000724400000|100%| O|  |TAMS 0x0000000724200000| PB 0x0000000724200000| Untracked 
| 290|0x0000000724400000, 0x0000000724600000, 0x0000000724600000|100%| O|  |TAMS 0x0000000724400000| PB 0x0000000724400000| Untracked 
| 291|0x0000000724600000, 0x0000000724800000, 0x0000000724800000|100%| O|  |TAMS 0x0000000724600000| PB 0x0000000724600000| Untracked 
| 292|0x0000000724800000, 0x0000000724a00000, 0x0000000724a00000|100%| O|  |TAMS 0x0000000724800000| PB 0x0000000724800000| Untracked 
| 293|0x0000000724a00000, 0x0000000724c00000, 0x0000000724c00000|100%| O|  |TAMS 0x0000000724a00000| PB 0x0000000724a00000| Untracked 
| 294|0x0000000724c00000, 0x0000000724e00000, 0x0000000724e00000|100%| O|  |TAMS 0x0000000724c00000| PB 0x0000000724c00000| Untracked 
| 295|0x0000000724e00000, 0x0000000725000000, 0x0000000725000000|100%| O|  |TAMS 0x0000000724e00000| PB 0x0000000724e00000| Untracked 
| 296|0x0000000725000000, 0x0000000725200000, 0x0000000725200000|100%| O|  |TAMS 0x0000000725000000| PB 0x0000000725000000| Untracked 
| 297|0x0000000725200000, 0x0000000725400000, 0x0000000725400000|100%| O|  |TAMS 0x0000000725200000| PB 0x0000000725200000| Untracked 
| 298|0x0000000725400000, 0x0000000725600000, 0x0000000725600000|100%| O|  |TAMS 0x0000000725400000| PB 0x0000000725400000| Untracked 
| 299|0x0000000725600000, 0x0000000725800000, 0x0000000725800000|100%| O|  |TAMS 0x0000000725600000| PB 0x0000000725600000| Untracked 
| 300|0x0000000725800000, 0x0000000725a00000, 0x0000000725a00000|100%| O|  |TAMS 0x0000000725800000| PB 0x0000000725800000| Untracked 
| 301|0x0000000725a00000, 0x0000000725c00000, 0x0000000725c00000|100%| O|  |TAMS 0x0000000725a00000| PB 0x0000000725a00000| Untracked 
| 302|0x0000000725c00000, 0x0000000725e00000, 0x0000000725e00000|100%| O|  |TAMS 0x0000000725c00000| PB 0x0000000725c00000| Untracked 
| 303|0x0000000725e00000, 0x0000000726000000, 0x0000000726000000|100%| O|  |TAMS 0x0000000725e00000| PB 0x0000000725e00000| Untracked 
| 304|0x0000000726000000, 0x0000000726200000, 0x0000000726200000|100%| O|  |TAMS 0x0000000726000000| PB 0x0000000726000000| Untracked 
| 305|0x0000000726200000, 0x0000000726400000, 0x0000000726400000|100%| O|  |TAMS 0x0000000726200000| PB 0x0000000726200000| Untracked 
| 306|0x0000000726400000, 0x0000000726600000, 0x0000000726600000|100%| O|  |TAMS 0x0000000726400000| PB 0x0000000726400000| Untracked 
| 307|0x0000000726600000, 0x0000000726800000, 0x0000000726800000|100%| O|  |TAMS 0x0000000726600000| PB 0x0000000726600000| Untracked 
| 308|0x0000000726800000, 0x0000000726a00000, 0x0000000726a00000|100%| O|  |TAMS 0x0000000726800000| PB 0x0000000726800000| Untracked 
| 309|0x0000000726a00000, 0x0000000726c00000, 0x0000000726c00000|100%| O|  |TAMS 0x0000000726a00000| PB 0x0000000726a00000| Untracked 
| 310|0x0000000726c00000, 0x0000000726e00000, 0x0000000726e00000|100%| O|  |TAMS 0x0000000726c00000| PB 0x0000000726c00000| Untracked 
| 311|0x0000000726e00000, 0x0000000727000000, 0x0000000727000000|100%| O|  |TAMS 0x0000000726e00000| PB 0x0000000726e00000| Untracked 
| 312|0x0000000727000000, 0x0000000727200000, 0x0000000727200000|100%| O|  |TAMS 0x0000000727000000| PB 0x0000000727000000| Untracked 
| 313|0x0000000727200000, 0x0000000727400000, 0x0000000727400000|100%| O|  |TAMS 0x0000000727200000| PB 0x0000000727200000| Untracked 
| 314|0x0000000727400000, 0x0000000727600000, 0x0000000727600000|100%| O|  |TAMS 0x0000000727400000| PB 0x0000000727400000| Untracked 
| 315|0x0000000727600000, 0x0000000727800000, 0x0000000727800000|100%| O|  |TAMS 0x0000000727600000| PB 0x0000000727600000| Untracked 
| 316|0x0000000727800000, 0x0000000727a00000, 0x0000000727a00000|100%| O|  |TAMS 0x0000000727800000| PB 0x0000000727800000| Untracked 
| 317|0x0000000727a00000, 0x0000000727c00000, 0x0000000727c00000|100%| O|  |TAMS 0x0000000727a00000| PB 0x0000000727a00000| Untracked 
| 318|0x0000000727c00000, 0x0000000727e00000, 0x0000000727e00000|100%| O|  |TAMS 0x0000000727c00000| PB 0x0000000727c00000| Untracked 
| 319|0x0000000727e00000, 0x0000000728000000, 0x0000000728000000|100%| O|  |TAMS 0x0000000727e00000| PB 0x0000000727e00000| Untracked 
| 320|0x0000000728000000, 0x0000000728200000, 0x0000000728200000|100%| O|  |TAMS 0x0000000728000000| PB 0x0000000728000000| Untracked 
| 321|0x0000000728200000, 0x0000000728400000, 0x0000000728400000|100%| O|  |TAMS 0x0000000728200000| PB 0x0000000728200000| Untracked 
| 322|0x0000000728400000, 0x0000000728600000, 0x0000000728600000|100%| O|  |TAMS 0x0000000728400000| PB 0x0000000728400000| Untracked 
| 323|0x0000000728600000, 0x0000000728800000, 0x0000000728800000|100%| O|  |TAMS 0x0000000728600000| PB 0x0000000728600000| Untracked 
| 324|0x0000000728800000, 0x0000000728a00000, 0x0000000728a00000|100%| O|  |TAMS 0x0000000728800000| PB 0x0000000728800000| Untracked 
| 325|0x0000000728a00000, 0x0000000728c00000, 0x0000000728c00000|100%| O|  |TAMS 0x0000000728a00000| PB 0x0000000728a00000| Untracked 
| 326|0x0000000728c00000, 0x0000000728e00000, 0x0000000728e00000|100%| O|  |TAMS 0x0000000728c00000| PB 0x0000000728c00000| Untracked 
| 327|0x0000000728e00000, 0x0000000729000000, 0x0000000729000000|100%| O|  |TAMS 0x0000000728e00000| PB 0x0000000728e00000| Untracked 
| 328|0x0000000729000000, 0x0000000729200000, 0x0000000729200000|100%| O|  |TAMS 0x0000000729000000| PB 0x0000000729000000| Untracked 
| 329|0x0000000729200000, 0x0000000729400000, 0x0000000729400000|100%| O|  |TAMS 0x0000000729200000| PB 0x0000000729200000| Untracked 
| 330|0x0000000729400000, 0x0000000729600000, 0x0000000729600000|100%| O|  |TAMS 0x0000000729400000| PB 0x0000000729400000| Untracked 
| 331|0x0000000729600000, 0x0000000729800000, 0x0000000729800000|100%| O|  |TAMS 0x0000000729600000| PB 0x0000000729600000| Untracked 
| 332|0x0000000729800000, 0x0000000729a00000, 0x0000000729a00000|100%| O|  |TAMS 0x0000000729800000| PB 0x0000000729800000| Untracked 
| 333|0x0000000729a00000, 0x0000000729c00000, 0x0000000729c00000|100%| O|  |TAMS 0x0000000729a00000| PB 0x0000000729a00000| Untracked 
| 334|0x0000000729c00000, 0x0000000729e00000, 0x0000000729e00000|100%| O|  |TAMS 0x0000000729c00000| PB 0x0000000729c00000| Untracked 
| 335|0x0000000729e00000, 0x000000072a000000, 0x000000072a000000|100%| O|  |TAMS 0x0000000729e00000| PB 0x0000000729e00000| Untracked 
| 336|0x000000072a000000, 0x000000072a200000, 0x000000072a200000|100%| O|  |TAMS 0x000000072a000000| PB 0x000000072a000000| Untracked 
| 337|0x000000072a200000, 0x000000072a400000, 0x000000072a400000|100%| O|  |TAMS 0x000000072a200000| PB 0x000000072a200000| Untracked 
| 338|0x000000072a400000, 0x000000072a600000, 0x000000072a600000|100%| O|  |TAMS 0x000000072a400000| PB 0x000000072a400000| Untracked 
| 339|0x000000072a600000, 0x000000072a800000, 0x000000072a800000|100%| O|  |TAMS 0x000000072a600000| PB 0x000000072a600000| Untracked 
| 340|0x000000072a800000, 0x000000072aa00000, 0x000000072aa00000|100%| O|  |TAMS 0x000000072a800000| PB 0x000000072a800000| Untracked 
| 341|0x000000072aa00000, 0x000000072ac00000, 0x000000072ac00000|100%| O|  |TAMS 0x000000072aa00000| PB 0x000000072aa00000| Untracked 
| 342|0x000000072ac00000, 0x000000072ae00000, 0x000000072ae00000|100%| O|  |TAMS 0x000000072ac00000| PB 0x000000072ac00000| Untracked 
| 343|0x000000072ae00000, 0x000000072b000000, 0x000000072b000000|100%| O|  |TAMS 0x000000072ae00000| PB 0x000000072ae00000| Untracked 
| 344|0x000000072b000000, 0x000000072b200000, 0x000000072b200000|100%| O|  |TAMS 0x000000072b000000| PB 0x000000072b000000| Untracked 
| 345|0x000000072b200000, 0x000000072b400000, 0x000000072b400000|100%| O|  |TAMS 0x000000072b200000| PB 0x000000072b200000| Untracked 
| 346|0x000000072b400000, 0x000000072b600000, 0x000000072b600000|100%| O|  |TAMS 0x000000072b400000| PB 0x000000072b400000| Untracked 
| 347|0x000000072b600000, 0x000000072b800000, 0x000000072b800000|100%| O|  |TAMS 0x000000072b600000| PB 0x000000072b600000| Untracked 
| 348|0x000000072b800000, 0x000000072ba00000, 0x000000072ba00000|100%| O|  |TAMS 0x000000072b800000| PB 0x000000072b800000| Untracked 
| 349|0x000000072ba00000, 0x000000072bc00000, 0x000000072bc00000|100%| O|  |TAMS 0x000000072ba00000| PB 0x000000072ba00000| Untracked 
| 350|0x000000072bc00000, 0x000000072be00000, 0x000000072be00000|100%| O|  |TAMS 0x000000072bc00000| PB 0x000000072bc00000| Untracked 
| 351|0x000000072be00000, 0x000000072c000000, 0x000000072c000000|100%| O|  |TAMS 0x000000072be00000| PB 0x000000072be00000| Untracked 
| 352|0x000000072c000000, 0x000000072c200000, 0x000000072c200000|100%| O|  |TAMS 0x000000072c000000| PB 0x000000072c000000| Untracked 
| 353|0x000000072c200000, 0x000000072c400000, 0x000000072c400000|100%| O|  |TAMS 0x000000072c200000| PB 0x000000072c200000| Untracked 
| 354|0x000000072c400000, 0x000000072c600000, 0x000000072c600000|100%| O|  |TAMS 0x000000072c400000| PB 0x000000072c400000| Untracked 
| 355|0x000000072c600000, 0x000000072c800000, 0x000000072c800000|100%| O|  |TAMS 0x000000072c600000| PB 0x000000072c600000| Untracked 
| 356|0x000000072c800000, 0x000000072ca00000, 0x000000072ca00000|100%| O|  |TAMS 0x000000072c800000| PB 0x000000072c800000| Untracked 
| 357|0x000000072ca00000, 0x000000072cc00000, 0x000000072cc00000|100%| O|  |TAMS 0x000000072ca00000| PB 0x000000072ca00000| Untracked 
| 358|0x000000072cc00000, 0x000000072ce00000, 0x000000072ce00000|100%| O|  |TAMS 0x000000072cc00000| PB 0x000000072cc00000| Untracked 
| 359|0x000000072ce00000, 0x000000072d000000, 0x000000072d000000|100%| O|  |TAMS 0x000000072ce00000| PB 0x000000072ce00000| Untracked 
| 360|0x000000072d000000, 0x000000072d200000, 0x000000072d200000|100%| O|  |TAMS 0x000000072d000000| PB 0x000000072d000000| Untracked 
| 361|0x000000072d200000, 0x000000072d400000, 0x000000072d400000|100%| O|  |TAMS 0x000000072d200000| PB 0x000000072d200000| Untracked 
| 362|0x000000072d400000, 0x000000072d600000, 0x000000072d600000|100%| O|  |TAMS 0x000000072d400000| PB 0x000000072d400000| Untracked 
| 363|0x000000072d600000, 0x000000072d800000, 0x000000072d800000|100%| O|  |TAMS 0x000000072d600000| PB 0x000000072d600000| Untracked 
| 364|0x000000072d800000, 0x000000072da00000, 0x000000072da00000|100%| O|  |TAMS 0x000000072d800000| PB 0x000000072d800000| Untracked 
| 365|0x000000072da00000, 0x000000072dc00000, 0x000000072dc00000|100%| O|  |TAMS 0x000000072da00000| PB 0x000000072da00000| Untracked 
| 366|0x000000072dc00000, 0x000000072de00000, 0x000000072de00000|100%| O|  |TAMS 0x000000072dc00000| PB 0x000000072dc00000| Untracked 
| 367|0x000000072de00000, 0x000000072e000000, 0x000000072e000000|100%| O|  |TAMS 0x000000072de00000| PB 0x000000072de00000| Untracked 
| 368|0x000000072e000000, 0x000000072e200000, 0x000000072e200000|100%| O|  |TAMS 0x000000072e000000| PB 0x000000072e000000| Untracked 
| 369|0x000000072e200000, 0x000000072e400000, 0x000000072e400000|100%| O|  |TAMS 0x000000072e200000| PB 0x000000072e200000| Untracked 
| 370|0x000000072e400000, 0x000000072e600000, 0x000000072e600000|100%| O|  |TAMS 0x000000072e400000| PB 0x000000072e400000| Untracked 
| 371|0x000000072e600000, 0x000000072e800000, 0x000000072e800000|100%| O|  |TAMS 0x000000072e600000| PB 0x000000072e600000| Untracked 
| 372|0x000000072e800000, 0x000000072ea00000, 0x000000072ea00000|100%| O|  |TAMS 0x000000072e800000| PB 0x000000072e800000| Untracked 
| 373|0x000000072ea00000, 0x000000072ec00000, 0x000000072ec00000|100%| O|  |TAMS 0x000000072ea00000| PB 0x000000072ea00000| Untracked 
| 374|0x000000072ec00000, 0x000000072ee00000, 0x000000072ee00000|100%| O|  |TAMS 0x000000072ec00000| PB 0x000000072ec00000| Untracked 
| 375|0x000000072ee00000, 0x000000072f000000, 0x000000072f000000|100%| O|  |TAMS 0x000000072ee00000| PB 0x000000072ee00000| Untracked 
| 376|0x000000072f000000, 0x000000072f200000, 0x000000072f200000|100%| O|  |TAMS 0x000000072f000000| PB 0x000000072f000000| Untracked 
| 377|0x000000072f200000, 0x000000072f400000, 0x000000072f400000|100%| O|  |TAMS 0x000000072f200000| PB 0x000000072f200000| Untracked 
| 378|0x000000072f400000, 0x000000072f600000, 0x000000072f600000|100%| O|  |TAMS 0x000000072f400000| PB 0x000000072f400000| Untracked 
| 379|0x000000072f600000, 0x000000072f800000, 0x000000072f800000|100%| O|  |TAMS 0x000000072f600000| PB 0x000000072f600000| Untracked 
| 380|0x000000072f800000, 0x000000072fa00000, 0x000000072fa00000|100%| O|  |TAMS 0x000000072f800000| PB 0x000000072f800000| Untracked 
| 381|0x000000072fa00000, 0x000000072fc00000, 0x000000072fc00000|100%| O|  |TAMS 0x000000072fa00000| PB 0x000000072fa00000| Untracked 
| 382|0x000000072fc00000, 0x000000072fe00000, 0x000000072fe00000|100%| O|  |TAMS 0x000000072fc00000| PB 0x000000072fc00000| Untracked 
| 383|0x000000072fe00000, 0x0000000730000000, 0x0000000730000000|100%| O|  |TAMS 0x000000072fe00000| PB 0x000000072fe00000| Untracked 
| 384|0x0000000730000000, 0x0000000730200000, 0x0000000730200000|100%| O|  |TAMS 0x0000000730000000| PB 0x0000000730000000| Untracked 
| 385|0x0000000730200000, 0x0000000730400000, 0x0000000730400000|100%| O|  |TAMS 0x0000000730200000| PB 0x0000000730200000| Untracked 
| 386|0x0000000730400000, 0x0000000730600000, 0x0000000730600000|100%| O|  |TAMS 0x0000000730400000| PB 0x0000000730400000| Untracked 
| 387|0x0000000730600000, 0x0000000730800000, 0x0000000730800000|100%| O|  |TAMS 0x0000000730600000| PB 0x0000000730600000| Untracked 
| 388|0x0000000730800000, 0x0000000730a00000, 0x0000000730a00000|100%| O|  |TAMS 0x0000000730800000| PB 0x0000000730800000| Untracked 
| 389|0x0000000730a00000, 0x0000000730c00000, 0x0000000730c00000|100%| O|  |TAMS 0x0000000730a00000| PB 0x0000000730a00000| Untracked 
| 390|0x0000000730c00000, 0x0000000730e00000, 0x0000000730e00000|100%| O|  |TAMS 0x0000000730c00000| PB 0x0000000730c00000| Untracked 
| 391|0x0000000730e00000, 0x0000000731000000, 0x0000000731000000|100%| O|  |TAMS 0x0000000730e00000| PB 0x0000000730e00000| Untracked 
| 392|0x0000000731000000, 0x0000000731200000, 0x0000000731200000|100%| O|  |TAMS 0x0000000731000000| PB 0x0000000731000000| Untracked 
| 393|0x0000000731200000, 0x0000000731400000, 0x0000000731400000|100%| O|  |TAMS 0x0000000731200000| PB 0x0000000731200000| Untracked 
| 394|0x0000000731400000, 0x0000000731600000, 0x0000000731600000|100%| O|  |TAMS 0x0000000731400000| PB 0x0000000731400000| Untracked 
| 395|0x0000000731600000, 0x0000000731800000, 0x0000000731800000|100%| O|  |TAMS 0x0000000731600000| PB 0x0000000731600000| Untracked 
| 396|0x0000000731800000, 0x0000000731a00000, 0x0000000731a00000|100%| O|  |TAMS 0x0000000731800000| PB 0x0000000731800000| Untracked 
| 397|0x0000000731a00000, 0x0000000731c00000, 0x0000000731c00000|100%| O|  |TAMS 0x0000000731a00000| PB 0x0000000731a00000| Untracked 
| 398|0x0000000731c00000, 0x0000000731e00000, 0x0000000731e00000|100%| O|  |TAMS 0x0000000731c00000| PB 0x0000000731c00000| Untracked 
| 399|0x0000000731e00000, 0x0000000732000000, 0x0000000732000000|100%| O|  |TAMS 0x0000000731e00000| PB 0x0000000731e00000| Untracked 
| 400|0x0000000732000000, 0x0000000732200000, 0x0000000732200000|100%| O|  |TAMS 0x0000000732000000| PB 0x0000000732000000| Untracked 
| 401|0x0000000732200000, 0x0000000732400000, 0x0000000732400000|100%| O|  |TAMS 0x0000000732200000| PB 0x0000000732200000| Untracked 
| 402|0x0000000732400000, 0x0000000732600000, 0x0000000732600000|100%| O|  |TAMS 0x0000000732400000| PB 0x0000000732400000| Untracked 
| 403|0x0000000732600000, 0x0000000732800000, 0x0000000732800000|100%| O|  |TAMS 0x0000000732600000| PB 0x0000000732600000| Untracked 
| 404|0x0000000732800000, 0x0000000732a00000, 0x0000000732a00000|100%| O|  |TAMS 0x0000000732800000| PB 0x0000000732800000| Untracked 
| 405|0x0000000732a00000, 0x0000000732c00000, 0x0000000732c00000|100%| O|  |TAMS 0x0000000732a00000| PB 0x0000000732a00000| Untracked 
| 406|0x0000000732c00000, 0x0000000732e00000, 0x0000000732e00000|100%| O|  |TAMS 0x0000000732c00000| PB 0x0000000732c00000| Untracked 
| 407|0x0000000732e00000, 0x0000000733000000, 0x0000000733000000|100%| O|  |TAMS 0x0000000732e00000| PB 0x0000000732e00000| Untracked 
| 408|0x0000000733000000, 0x0000000733200000, 0x0000000733200000|100%| O|  |TAMS 0x0000000733000000| PB 0x0000000733000000| Untracked 
| 409|0x0000000733200000, 0x0000000733400000, 0x0000000733400000|100%| O|  |TAMS 0x0000000733200000| PB 0x0000000733200000| Untracked 
| 410|0x0000000733400000, 0x0000000733600000, 0x0000000733600000|100%| O|  |TAMS 0x0000000733400000| PB 0x0000000733400000| Untracked 
| 411|0x0000000733600000, 0x0000000733800000, 0x0000000733800000|100%| O|  |TAMS 0x0000000733600000| PB 0x0000000733600000| Untracked 
| 412|0x0000000733800000, 0x0000000733a00000, 0x0000000733a00000|100%| O|  |TAMS 0x0000000733800000| PB 0x0000000733800000| Untracked 
| 413|0x0000000733a00000, 0x0000000733c00000, 0x0000000733c00000|100%| O|  |TAMS 0x0000000733a00000| PB 0x0000000733a00000| Untracked 
| 414|0x0000000733c00000, 0x0000000733e00000, 0x0000000733e00000|100%| O|  |TAMS 0x0000000733c00000| PB 0x0000000733c00000| Untracked 
| 415|0x0000000733e00000, 0x0000000734000000, 0x0000000734000000|100%| O|  |TAMS 0x0000000733e00000| PB 0x0000000733e00000| Untracked 
| 416|0x0000000734000000, 0x0000000734200000, 0x0000000734200000|100%| O|  |TAMS 0x0000000734000000| PB 0x0000000734000000| Untracked 
| 417|0x0000000734200000, 0x0000000734400000, 0x0000000734400000|100%| O|  |TAMS 0x0000000734200000| PB 0x0000000734200000| Untracked 
| 418|0x0000000734400000, 0x0000000734600000, 0x0000000734600000|100%| O|  |TAMS 0x0000000734400000| PB 0x0000000734400000| Untracked 
| 419|0x0000000734600000, 0x0000000734800000, 0x0000000734800000|100%| O|  |TAMS 0x0000000734600000| PB 0x0000000734600000| Untracked 
| 420|0x0000000734800000, 0x0000000734a00000, 0x0000000734a00000|100%| O|  |TAMS 0x0000000734800000| PB 0x0000000734800000| Untracked 
| 421|0x0000000734a00000, 0x0000000734c00000, 0x0000000734c00000|100%| O|  |TAMS 0x0000000734a00000| PB 0x0000000734a00000| Untracked 
| 422|0x0000000734c00000, 0x0000000734e00000, 0x0000000734e00000|100%| O|  |TAMS 0x0000000734c00000| PB 0x0000000734c00000| Untracked 
| 423|0x0000000734e00000, 0x0000000735000000, 0x0000000735000000|100%| O|  |TAMS 0x0000000734e00000| PB 0x0000000734e00000| Untracked 
| 424|0x0000000735000000, 0x0000000735200000, 0x0000000735200000|100%| O|  |TAMS 0x0000000735000000| PB 0x0000000735000000| Untracked 
| 425|0x0000000735200000, 0x0000000735400000, 0x0000000735400000|100%| O|  |TAMS 0x0000000735200000| PB 0x0000000735200000| Untracked 
| 426|0x0000000735400000, 0x0000000735600000, 0x0000000735600000|100%| O|  |TAMS 0x0000000735400000| PB 0x0000000735400000| Untracked 
| 427|0x0000000735600000, 0x0000000735800000, 0x0000000735800000|100%| O|  |TAMS 0x0000000735600000| PB 0x0000000735600000| Untracked 
| 428|0x0000000735800000, 0x0000000735a00000, 0x0000000735a00000|100%| O|  |TAMS 0x0000000735800000| PB 0x0000000735800000| Untracked 
| 429|0x0000000735a00000, 0x0000000735c00000, 0x0000000735c00000|100%| O|  |TAMS 0x0000000735a00000| PB 0x0000000735a00000| Untracked 
| 430|0x0000000735c00000, 0x0000000735e00000, 0x0000000735e00000|100%| O|  |TAMS 0x0000000735c00000| PB 0x0000000735c00000| Untracked 
| 431|0x0000000735e00000, 0x0000000736000000, 0x0000000736000000|100%|HS|  |TAMS 0x0000000735e00000| PB 0x0000000735e00000| Complete 
| 432|0x0000000736000000, 0x0000000736200000, 0x0000000736200000|100%|HC|  |TAMS 0x0000000736000000| PB 0x0000000736000000| Complete 
| 433|0x0000000736200000, 0x0000000736400000, 0x0000000736400000|100%| O|  |TAMS 0x0000000736200000| PB 0x0000000736200000| Untracked 
| 434|0x0000000736400000, 0x0000000736600000, 0x0000000736600000|100%| O|  |TAMS 0x0000000736400000| PB 0x0000000736400000| Untracked 
| 435|0x0000000736600000, 0x0000000736800000, 0x0000000736800000|100%| O|  |TAMS 0x0000000736600000| PB 0x0000000736600000| Untracked 
| 436|0x0000000736800000, 0x0000000736a00000, 0x0000000736a00000|100%| O|  |TAMS 0x0000000736800000| PB 0x0000000736800000| Untracked 
| 437|0x0000000736a00000, 0x0000000736c00000, 0x0000000736c00000|100%| O|  |TAMS 0x0000000736a00000| PB 0x0000000736a00000| Untracked 
| 438|0x0000000736c00000, 0x0000000736e00000, 0x0000000736e00000|100%| O|  |TAMS 0x0000000736c00000| PB 0x0000000736c00000| Untracked 
| 439|0x0000000736e00000, 0x0000000737000000, 0x0000000737000000|100%| O|Cm|TAMS 0x0000000736e00000| PB 0x0000000736e00000| Complete 
| 440|0x0000000737000000, 0x0000000737200000, 0x0000000737200000|100%| O|  |TAMS 0x0000000737000000| PB 0x0000000737000000| Untracked 
| 441|0x0000000737200000, 0x0000000737400000, 0x0000000737400000|100%| O|  |TAMS 0x0000000737200000| PB 0x0000000737200000| Untracked 
| 442|0x0000000737400000, 0x0000000737600000, 0x0000000737600000|100%| O|  |TAMS 0x0000000737400000| PB 0x0000000737400000| Untracked 
| 443|0x0000000737600000, 0x0000000737800000, 0x0000000737800000|100%| O|  |TAMS 0x0000000737600000| PB 0x0000000737600000| Untracked 
| 444|0x0000000737800000, 0x0000000737a00000, 0x0000000737a00000|100%| O|  |TAMS 0x0000000737800000| PB 0x0000000737800000| Untracked 
| 445|0x0000000737a00000, 0x0000000737c00000, 0x0000000737c00000|100%| O|  |TAMS 0x0000000737a00000| PB 0x0000000737a00000| Untracked 
| 446|0x0000000737c00000, 0x0000000737e00000, 0x0000000737e00000|100%| O|  |TAMS 0x0000000737c00000| PB 0x0000000737c00000| Untracked 
| 447|0x0000000737e00000, 0x0000000738000000, 0x0000000738000000|100%| O|  |TAMS 0x0000000737e00000| PB 0x0000000737e00000| Untracked 
| 448|0x0000000738000000, 0x0000000738200000, 0x0000000738200000|100%| O|  |TAMS 0x0000000738000000| PB 0x0000000738000000| Untracked 
| 449|0x0000000738200000, 0x0000000738400000, 0x0000000738400000|100%| O|  |TAMS 0x0000000738200000| PB 0x0000000738200000| Untracked 
| 450|0x0000000738400000, 0x0000000738600000, 0x0000000738600000|100%| O|Cm|TAMS 0x0000000738400000| PB 0x0000000738400000| Complete 
| 451|0x0000000738600000, 0x0000000738800000, 0x0000000738800000|100%| O|  |TAMS 0x0000000738600000| PB 0x0000000738600000| Untracked 
| 452|0x0000000738800000, 0x0000000738a00000, 0x0000000738a00000|100%| O|  |TAMS 0x0000000738800000| PB 0x0000000738800000| Untracked 
| 453|0x0000000738a00000, 0x0000000738c00000, 0x0000000738c00000|100%| O|  |TAMS 0x0000000738a00000| PB 0x0000000738a00000| Untracked 
| 454|0x0000000738c00000, 0x0000000738e00000, 0x0000000738e00000|100%| O|  |TAMS 0x0000000738c00000| PB 0x0000000738c00000| Untracked 
| 455|0x0000000738e00000, 0x0000000739000000, 0x0000000739000000|100%| O|  |TAMS 0x0000000738e00000| PB 0x0000000738e00000| Untracked 
| 456|0x0000000739000000, 0x0000000739200000, 0x0000000739200000|100%| O|  |TAMS 0x0000000739000000| PB 0x0000000739000000| Untracked 
| 457|0x0000000739200000, 0x0000000739400000, 0x0000000739400000|100%| O|  |TAMS 0x0000000739200000| PB 0x0000000739200000| Untracked 
| 458|0x0000000739400000, 0x0000000739600000, 0x0000000739600000|100%| O|  |TAMS 0x0000000739400000| PB 0x0000000739400000| Untracked 
| 459|0x0000000739600000, 0x0000000739800000, 0x0000000739800000|100%| O|  |TAMS 0x0000000739600000| PB 0x0000000739600000| Untracked 
| 460|0x0000000739800000, 0x0000000739a00000, 0x0000000739a00000|100%| O|  |TAMS 0x0000000739800000| PB 0x0000000739800000| Untracked 
| 461|0x0000000739a00000, 0x0000000739c00000, 0x0000000739c00000|100%| O|  |TAMS 0x0000000739a00000| PB 0x0000000739a00000| Untracked 
| 462|0x0000000739c00000, 0x0000000739e00000, 0x0000000739e00000|100%| O|  |TAMS 0x0000000739c00000| PB 0x0000000739c00000| Untracked 
| 463|0x0000000739e00000, 0x000000073a000000, 0x000000073a000000|100%| O|  |TAMS 0x0000000739e00000| PB 0x0000000739e00000| Untracked 
| 464|0x000000073a000000, 0x000000073a200000, 0x000000073a200000|100%| O|  |TAMS 0x000000073a000000| PB 0x000000073a000000| Untracked 
| 465|0x000000073a200000, 0x000000073a400000, 0x000000073a400000|100%| O|  |TAMS 0x000000073a200000| PB 0x000000073a200000| Untracked 
| 466|0x000000073a400000, 0x000000073a600000, 0x000000073a600000|100%| O|  |TAMS 0x000000073a400000| PB 0x000000073a400000| Untracked 
| 467|0x000000073a600000, 0x000000073a800000, 0x000000073a800000|100%| O|  |TAMS 0x000000073a600000| PB 0x000000073a600000| Untracked 
| 468|0x000000073a800000, 0x000000073aa00000, 0x000000073aa00000|100%| O|  |TAMS 0x000000073a800000| PB 0x000000073a800000| Untracked 
| 469|0x000000073aa00000, 0x000000073ac00000, 0x000000073ac00000|100%| O|  |TAMS 0x000000073aa00000| PB 0x000000073aa00000| Untracked 
| 470|0x000000073ac00000, 0x000000073ae00000, 0x000000073ae00000|100%| O|  |TAMS 0x000000073ac00000| PB 0x000000073ac00000| Untracked 
| 471|0x000000073ae00000, 0x000000073b000000, 0x000000073b000000|100%| O|  |TAMS 0x000000073ae00000| PB 0x000000073ae00000| Untracked 
| 472|0x000000073b000000, 0x000000073b200000, 0x000000073b200000|100%| O|  |TAMS 0x000000073b000000| PB 0x000000073b000000| Untracked 
| 473|0x000000073b200000, 0x000000073b400000, 0x000000073b400000|100%| O|  |TAMS 0x000000073b200000| PB 0x000000073b200000| Untracked 
| 474|0x000000073b400000, 0x000000073b600000, 0x000000073b600000|100%| O|  |TAMS 0x000000073b400000| PB 0x000000073b400000| Untracked 
| 475|0x000000073b600000, 0x000000073b800000, 0x000000073b800000|100%| O|  |TAMS 0x000000073b600000| PB 0x000000073b600000| Untracked 
| 476|0x000000073b800000, 0x000000073ba00000, 0x000000073ba00000|100%| O|  |TAMS 0x000000073b800000| PB 0x000000073b800000| Untracked 
| 477|0x000000073ba00000, 0x000000073bc00000, 0x000000073bc00000|100%| O|  |TAMS 0x000000073ba00000| PB 0x000000073ba00000| Untracked 
| 478|0x000000073bc00000, 0x000000073be00000, 0x000000073be00000|100%| O|  |TAMS 0x000000073bc00000| PB 0x000000073bc00000| Untracked 
| 479|0x000000073be00000, 0x000000073c000000, 0x000000073c000000|100%|HS|  |TAMS 0x000000073be00000| PB 0x000000073be00000| Complete 
| 480|0x000000073c000000, 0x000000073c200000, 0x000000073c200000|100%|HC|  |TAMS 0x000000073c000000| PB 0x000000073c000000| Complete 
| 481|0x000000073c200000, 0x000000073c400000, 0x000000073c400000|100%| O|  |TAMS 0x000000073c200000| PB 0x000000073c200000| Untracked 
| 482|0x000000073c400000, 0x000000073c600000, 0x000000073c600000|100%| O|  |TAMS 0x000000073c400000| PB 0x000000073c400000| Untracked 
| 483|0x000000073c600000, 0x000000073c800000, 0x000000073c800000|100%| O|  |TAMS 0x000000073c600000| PB 0x000000073c600000| Untracked 
| 484|0x000000073c800000, 0x000000073ca00000, 0x000000073ca00000|100%| O|  |TAMS 0x000000073c800000| PB 0x000000073c800000| Untracked 
| 485|0x000000073ca00000, 0x000000073cc00000, 0x000000073cc00000|100%| O|  |TAMS 0x000000073ca00000| PB 0x000000073ca00000| Untracked 
| 486|0x000000073cc00000, 0x000000073ce00000, 0x000000073ce00000|100%| O|  |TAMS 0x000000073cc00000| PB 0x000000073cc00000| Untracked 
| 487|0x000000073ce00000, 0x000000073d000000, 0x000000073d000000|100%| O|  |TAMS 0x000000073ce00000| PB 0x000000073ce00000| Untracked 
| 488|0x000000073d000000, 0x000000073d200000, 0x000000073d200000|100%|HS|  |TAMS 0x000000073d000000| PB 0x000000073d000000| Complete 
| 489|0x000000073d200000, 0x000000073d400000, 0x000000073d400000|100%| O|  |TAMS 0x000000073d200000| PB 0x000000073d200000| Untracked 
| 490|0x000000073d400000, 0x000000073d600000, 0x000000073d600000|100%| O|  |TAMS 0x000000073d400000| PB 0x000000073d400000| Untracked 
| 491|0x000000073d600000, 0x000000073d800000, 0x000000073d800000|100%| O|  |TAMS 0x000000073d600000| PB 0x000000073d600000| Untracked 
| 492|0x000000073d800000, 0x000000073da00000, 0x000000073da00000|100%| O|  |TAMS 0x000000073d800000| PB 0x000000073d800000| Untracked 
| 493|0x000000073da00000, 0x000000073dc00000, 0x000000073dc00000|100%| O|  |TAMS 0x000000073da00000| PB 0x000000073da00000| Untracked 
| 494|0x000000073dc00000, 0x000000073de00000, 0x000000073de00000|100%| O|  |TAMS 0x000000073dc00000| PB 0x000000073dc00000| Untracked 
| 495|0x000000073de00000, 0x000000073e000000, 0x000000073e000000|100%| O|  |TAMS 0x000000073de00000| PB 0x000000073de00000| Untracked 
| 496|0x000000073e000000, 0x000000073e200000, 0x000000073e200000|100%| O|  |TAMS 0x000000073e000000| PB 0x000000073e000000| Untracked 
| 497|0x000000073e200000, 0x000000073e400000, 0x000000073e400000|100%| O|  |TAMS 0x000000073e200000| PB 0x000000073e200000| Untracked 
| 498|0x000000073e400000, 0x000000073e600000, 0x000000073e600000|100%| O|  |TAMS 0x000000073e400000| PB 0x000000073e400000| Untracked 
| 499|0x000000073e600000, 0x000000073e800000, 0x000000073e800000|100%| O|  |TAMS 0x000000073e600000| PB 0x000000073e600000| Untracked 
| 500|0x000000073e800000, 0x000000073ea00000, 0x000000073ea00000|100%| O|  |TAMS 0x000000073e800000| PB 0x000000073e800000| Untracked 
| 501|0x000000073ea00000, 0x000000073ec00000, 0x000000073ec00000|100%| O|  |TAMS 0x000000073ea00000| PB 0x000000073ea00000| Untracked 
| 502|0x000000073ec00000, 0x000000073ee00000, 0x000000073ee00000|100%| O|  |TAMS 0x000000073ec00000| PB 0x000000073ec00000| Untracked 
| 503|0x000000073ee00000, 0x000000073f000000, 0x000000073f000000|100%| O|  |TAMS 0x000000073ee00000| PB 0x000000073ee00000| Untracked 
| 504|0x000000073f000000, 0x000000073f200000, 0x000000073f200000|100%| O|  |TAMS 0x000000073f000000| PB 0x000000073f000000| Untracked 
| 505|0x000000073f200000, 0x000000073f400000, 0x000000073f400000|100%| O|  |TAMS 0x000000073f200000| PB 0x000000073f200000| Untracked 
| 506|0x000000073f400000, 0x000000073f600000, 0x000000073f600000|100%| O|  |TAMS 0x000000073f400000| PB 0x000000073f400000| Untracked 
| 507|0x000000073f600000, 0x000000073f800000, 0x000000073f800000|100%| O|  |TAMS 0x000000073f600000| PB 0x000000073f600000| Untracked 
| 508|0x000000073f800000, 0x000000073fa00000, 0x000000073fa00000|100%|HS|  |TAMS 0x000000073f800000| PB 0x000000073f800000| Complete 
| 509|0x000000073fa00000, 0x000000073fc00000, 0x000000073fc00000|100%|HC|  |TAMS 0x000000073fa00000| PB 0x000000073fa00000| Complete 
| 510|0x000000073fc00000, 0x000000073fe00000, 0x000000073fe00000|100%| O|  |TAMS 0x000000073fc00000| PB 0x000000073fc00000| Untracked 
| 511|0x000000073fe00000, 0x0000000740000000, 0x0000000740000000|100%| O|  |TAMS 0x000000073fe00000| PB 0x000000073fe00000| Untracked 
| 512|0x0000000740000000, 0x0000000740200000, 0x0000000740200000|100%| O|  |TAMS 0x0000000740000000| PB 0x0000000740000000| Untracked 
| 513|0x0000000740200000, 0x0000000740400000, 0x0000000740400000|100%| O|  |TAMS 0x0000000740200000| PB 0x0000000740200000| Untracked 
| 514|0x0000000740400000, 0x0000000740600000, 0x0000000740600000|100%| O|  |TAMS 0x0000000740400000| PB 0x0000000740400000| Untracked 
| 515|0x0000000740600000, 0x0000000740800000, 0x0000000740800000|100%| O|  |TAMS 0x0000000740600000| PB 0x0000000740600000| Untracked 
| 516|0x0000000740800000, 0x0000000740a00000, 0x0000000740a00000|100%| O|  |TAMS 0x0000000740800000| PB 0x0000000740800000| Untracked 
| 517|0x0000000740a00000, 0x0000000740c00000, 0x0000000740c00000|100%| O|  |TAMS 0x0000000740a00000| PB 0x0000000740a00000| Untracked 
| 518|0x0000000740c00000, 0x0000000740e00000, 0x0000000740e00000|100%| O|  |TAMS 0x0000000740c00000| PB 0x0000000740c00000| Untracked 
| 519|0x0000000740e00000, 0x0000000741000000, 0x0000000741000000|100%| O|  |TAMS 0x0000000740e00000| PB 0x0000000740e00000| Untracked 
| 520|0x0000000741000000, 0x0000000741200000, 0x0000000741200000|100%| O|  |TAMS 0x0000000741000000| PB 0x0000000741000000| Untracked 
| 521|0x0000000741200000, 0x0000000741400000, 0x0000000741400000|100%| O|  |TAMS 0x0000000741200000| PB 0x0000000741200000| Untracked 
| 522|0x0000000741400000, 0x0000000741600000, 0x0000000741600000|100%| O|  |TAMS 0x0000000741400000| PB 0x0000000741400000| Untracked 
| 523|0x0000000741600000, 0x0000000741800000, 0x0000000741800000|100%| O|  |TAMS 0x0000000741600000| PB 0x0000000741600000| Untracked 
| 524|0x0000000741800000, 0x0000000741a00000, 0x0000000741a00000|100%| O|  |TAMS 0x0000000741800000| PB 0x0000000741800000| Untracked 
| 525|0x0000000741a00000, 0x0000000741c00000, 0x0000000741c00000|100%| O|  |TAMS 0x0000000741a00000| PB 0x0000000741a00000| Untracked 
| 526|0x0000000741c00000, 0x0000000741e00000, 0x0000000741e00000|100%| O|  |TAMS 0x0000000741c00000| PB 0x0000000741c00000| Untracked 
| 527|0x0000000741e00000, 0x0000000742000000, 0x0000000742000000|100%| O|  |TAMS 0x0000000741e00000| PB 0x0000000741e00000| Untracked 
| 528|0x0000000742000000, 0x0000000742200000, 0x0000000742200000|100%| O|  |TAMS 0x0000000742000000| PB 0x0000000742000000| Untracked 
| 529|0x0000000742200000, 0x0000000742400000, 0x0000000742400000|100%| O|  |TAMS 0x0000000742200000| PB 0x0000000742200000| Untracked 
| 530|0x0000000742400000, 0x0000000742600000, 0x0000000742600000|100%| O|  |TAMS 0x0000000742400000| PB 0x0000000742400000| Untracked 
| 531|0x0000000742600000, 0x0000000742800000, 0x0000000742800000|100%| O|  |TAMS 0x0000000742600000| PB 0x0000000742600000| Untracked 
| 532|0x0000000742800000, 0x0000000742a00000, 0x0000000742a00000|100%| O|  |TAMS 0x0000000742800000| PB 0x0000000742800000| Untracked 
| 533|0x0000000742a00000, 0x0000000742c00000, 0x0000000742c00000|100%| O|  |TAMS 0x0000000742a00000| PB 0x0000000742a00000| Untracked 
| 534|0x0000000742c00000, 0x0000000742e00000, 0x0000000742e00000|100%| O|Cm|TAMS 0x0000000742c00000| PB 0x0000000742c00000| Complete 
| 535|0x0000000742e00000, 0x0000000743000000, 0x0000000743000000|100%| O|  |TAMS 0x0000000742e00000| PB 0x0000000742e00000| Untracked 
| 536|0x0000000743000000, 0x0000000743200000, 0x0000000743200000|100%| O|Cm|TAMS 0x0000000743000000| PB 0x0000000743000000| Complete 
| 537|0x0000000743200000, 0x0000000743400000, 0x0000000743400000|100%| O|  |TAMS 0x0000000743200000| PB 0x0000000743200000| Untracked 
| 538|0x0000000743400000, 0x0000000743600000, 0x0000000743600000|100%| O|  |TAMS 0x0000000743400000| PB 0x0000000743400000| Untracked 
| 539|0x0000000743600000, 0x0000000743800000, 0x0000000743800000|100%| O|  |TAMS 0x0000000743600000| PB 0x0000000743600000| Untracked 
| 540|0x0000000743800000, 0x0000000743a00000, 0x0000000743a00000|100%| O|  |TAMS 0x0000000743800000| PB 0x0000000743800000| Untracked 
| 541|0x0000000743a00000, 0x0000000743c00000, 0x0000000743c00000|100%| O|  |TAMS 0x0000000743a00000| PB 0x0000000743a00000| Untracked 
| 542|0x0000000743c00000, 0x0000000743e00000, 0x0000000743e00000|100%| O|  |TAMS 0x0000000743c00000| PB 0x0000000743c00000| Untracked 
| 543|0x0000000743e00000, 0x0000000744000000, 0x0000000744000000|100%| O|Cm|TAMS 0x0000000743e00000| PB 0x0000000743e00000| Complete 
| 544|0x0000000744000000, 0x0000000744200000, 0x0000000744200000|100%| O|  |TAMS 0x0000000744000000| PB 0x0000000744000000| Untracked 
| 545|0x0000000744200000, 0x0000000744400000, 0x0000000744400000|100%| O|  |TAMS 0x0000000744200000| PB 0x0000000744200000| Untracked 
| 546|0x0000000744400000, 0x0000000744600000, 0x0000000744600000|100%| O|  |TAMS 0x0000000744400000| PB 0x0000000744400000| Untracked 
| 547|0x0000000744600000, 0x0000000744800000, 0x0000000744800000|100%| O|  |TAMS 0x0000000744600000| PB 0x0000000744600000| Untracked 
| 548|0x0000000744800000, 0x0000000744a00000, 0x0000000744a00000|100%| O|  |TAMS 0x0000000744800000| PB 0x0000000744800000| Untracked 
| 549|0x0000000744a00000, 0x0000000744c00000, 0x0000000744c00000|100%| O|  |TAMS 0x0000000744a00000| PB 0x0000000744a00000| Untracked 
| 550|0x0000000744c00000, 0x0000000744e00000, 0x0000000744e00000|100%| O|  |TAMS 0x0000000744c00000| PB 0x0000000744c00000| Untracked 
| 551|0x0000000744e00000, 0x0000000745000000, 0x0000000745000000|100%| O|  |TAMS 0x0000000744e00000| PB 0x0000000744e00000| Untracked 
| 552|0x0000000745000000, 0x0000000745200000, 0x0000000745200000|100%| O|  |TAMS 0x0000000745000000| PB 0x0000000745000000| Untracked 
| 553|0x0000000745200000, 0x0000000745400000, 0x0000000745400000|100%| O|  |TAMS 0x0000000745200000| PB 0x0000000745200000| Untracked 
| 554|0x0000000745400000, 0x0000000745600000, 0x0000000745600000|100%| O|  |TAMS 0x0000000745400000| PB 0x0000000745400000| Untracked 
| 555|0x0000000745600000, 0x0000000745800000, 0x0000000745800000|100%| O|  |TAMS 0x0000000745600000| PB 0x0000000745600000| Untracked 
| 556|0x0000000745800000, 0x0000000745a00000, 0x0000000745a00000|100%| O|  |TAMS 0x0000000745800000| PB 0x0000000745800000| Untracked 
| 557|0x0000000745a00000, 0x0000000745c00000, 0x0000000745c00000|100%| O|  |TAMS 0x0000000745a00000| PB 0x0000000745a00000| Untracked 
| 558|0x0000000745c00000, 0x0000000745e00000, 0x0000000745e00000|100%| O|  |TAMS 0x0000000745c00000| PB 0x0000000745c00000| Untracked 
| 559|0x0000000745e00000, 0x0000000746000000, 0x0000000746000000|100%| O|  |TAMS 0x0000000745e00000| PB 0x0000000745e00000| Untracked 
| 560|0x0000000746000000, 0x0000000746200000, 0x0000000746200000|100%| O|  |TAMS 0x0000000746000000| PB 0x0000000746000000| Untracked 
| 561|0x0000000746200000, 0x0000000746400000, 0x0000000746400000|100%| O|  |TAMS 0x0000000746200000| PB 0x0000000746200000| Untracked 
| 562|0x0000000746400000, 0x0000000746600000, 0x0000000746600000|100%| O|  |TAMS 0x0000000746400000| PB 0x0000000746400000| Untracked 
| 563|0x0000000746600000, 0x0000000746800000, 0x0000000746800000|100%| O|  |TAMS 0x0000000746600000| PB 0x0000000746600000| Untracked 
| 564|0x0000000746800000, 0x0000000746a00000, 0x0000000746a00000|100%| O|  |TAMS 0x0000000746800000| PB 0x0000000746800000| Untracked 
| 565|0x0000000746a00000, 0x0000000746c00000, 0x0000000746c00000|100%| O|  |TAMS 0x0000000746a00000| PB 0x0000000746a00000| Untracked 
| 566|0x0000000746c00000, 0x0000000746e00000, 0x0000000746e00000|100%| O|  |TAMS 0x0000000746c00000| PB 0x0000000746c00000| Untracked 
| 567|0x0000000746e00000, 0x0000000747000000, 0x0000000747000000|100%| O|  |TAMS 0x0000000746e00000| PB 0x0000000746e00000| Untracked 
| 568|0x0000000747000000, 0x0000000747200000, 0x0000000747200000|100%| O|  |TAMS 0x0000000747000000| PB 0x0000000747000000| Untracked 
| 569|0x0000000747200000, 0x0000000747400000, 0x0000000747400000|100%| O|  |TAMS 0x0000000747200000| PB 0x0000000747200000| Untracked 
| 570|0x0000000747400000, 0x0000000747600000, 0x0000000747600000|100%| O|  |TAMS 0x0000000747400000| PB 0x0000000747400000| Untracked 
| 571|0x0000000747600000, 0x0000000747800000, 0x0000000747800000|100%| O|  |TAMS 0x0000000747600000| PB 0x0000000747600000| Untracked 
| 572|0x0000000747800000, 0x0000000747a00000, 0x0000000747a00000|100%|HS|  |TAMS 0x0000000747800000| PB 0x0000000747800000| Complete 
| 573|0x0000000747a00000, 0x0000000747c00000, 0x0000000747c00000|100%|HC|  |TAMS 0x0000000747a00000| PB 0x0000000747a00000| Complete 
| 574|0x0000000747c00000, 0x0000000747e00000, 0x0000000747e00000|100%| O|  |TAMS 0x0000000747c00000| PB 0x0000000747c00000| Untracked 
| 575|0x0000000747e00000, 0x0000000748000000, 0x0000000748000000|100%| O|  |TAMS 0x0000000747e00000| PB 0x0000000747e00000| Untracked 
| 576|0x0000000748000000, 0x0000000748200000, 0x0000000748200000|100%| O|  |TAMS 0x0000000748000000| PB 0x0000000748000000| Untracked 
| 577|0x0000000748200000, 0x0000000748400000, 0x0000000748400000|100%| O|  |TAMS 0x0000000748200000| PB 0x0000000748200000| Untracked 
| 578|0x0000000748400000, 0x0000000748600000, 0x0000000748600000|100%| O|  |TAMS 0x0000000748400000| PB 0x0000000748400000| Untracked 
| 579|0x0000000748600000, 0x0000000748800000, 0x0000000748800000|100%| O|  |TAMS 0x0000000748600000| PB 0x0000000748600000| Untracked 
| 580|0x0000000748800000, 0x0000000748a00000, 0x0000000748a00000|100%| O|  |TAMS 0x0000000748800000| PB 0x0000000748800000| Untracked 
| 581|0x0000000748a00000, 0x0000000748b99488, 0x0000000748c00000| 79%| O|  |TAMS 0x0000000748a00000| PB 0x0000000748a00000| Untracked 
| 582|0x0000000748c00000, 0x0000000748e00000, 0x0000000748e00000|100%|HS|  |TAMS 0x0000000748c00000| PB 0x0000000748c00000| Complete 
| 583|0x0000000748e00000, 0x0000000749000000, 0x0000000749000000|100%|HS|  |TAMS 0x0000000748e00000| PB 0x0000000748e00000| Complete 
| 584|0x0000000749000000, 0x0000000749200000, 0x0000000749200000|100%|HS|  |TAMS 0x0000000749000000| PB 0x0000000749000000| Complete 
| 585|0x0000000749200000, 0x0000000749400000, 0x0000000749400000|100%|HS|  |TAMS 0x0000000749200000| PB 0x0000000749200000| Complete 
| 586|0x0000000749400000, 0x0000000749600000, 0x0000000749600000|100%|HS|  |TAMS 0x0000000749400000| PB 0x0000000749400000| Complete 
| 587|0x0000000749600000, 0x0000000749800000, 0x0000000749800000|100%|HS|  |TAMS 0x0000000749600000| PB 0x0000000749600000| Complete 
| 588|0x0000000749800000, 0x0000000749a00000, 0x0000000749a00000|100%|HS|  |TAMS 0x0000000749800000| PB 0x0000000749800000| Complete 
| 589|0x0000000749a00000, 0x0000000749c00000, 0x0000000749c00000|100%|HS|  |TAMS 0x0000000749a00000| PB 0x0000000749a00000| Complete 
| 590|0x0000000749c00000, 0x0000000749e00000, 0x0000000749e00000|100%| O|  |TAMS 0x0000000749c00000| PB 0x0000000749c00000| Untracked 
| 591|0x0000000749e00000, 0x000000074a000000, 0x000000074a000000|100%| O|  |TAMS 0x0000000749e00000| PB 0x0000000749e00000| Untracked 
| 592|0x000000074a000000, 0x000000074a200000, 0x000000074a200000|100%| O|  |TAMS 0x000000074a000000| PB 0x000000074a000000| Untracked 
| 593|0x000000074a200000, 0x000000074a400000, 0x000000074a400000|100%| O|  |TAMS 0x000000074a200000| PB 0x000000074a200000| Untracked 
| 594|0x000000074a400000, 0x000000074a600000, 0x000000074a600000|100%|HS|  |TAMS 0x000000074a400000| PB 0x000000074a400000| Complete 
| 595|0x000000074a600000, 0x000000074a800000, 0x000000074a800000|100%| O|  |TAMS 0x000000074a600000| PB 0x000000074a600000| Untracked 
| 596|0x000000074a800000, 0x000000074aa00000, 0x000000074aa00000|100%|HS|  |TAMS 0x000000074a800000| PB 0x000000074a800000| Complete 
| 597|0x000000074aa00000, 0x000000074ac00000, 0x000000074ac00000|100%| O|Cm|TAMS 0x000000074aa00000| PB 0x000000074aa00000| Complete 
| 598|0x000000074ac00000, 0x000000074ae00000, 0x000000074ae00000|100%| O|Cm|TAMS 0x000000074ac00000| PB 0x000000074ac00000| Complete 
| 599|0x000000074ae00000, 0x000000074b000000, 0x000000074b000000|100%|HS|  |TAMS 0x000000074ae00000| PB 0x000000074ae00000| Complete 
| 600|0x000000074b000000, 0x000000074b200000, 0x000000074b200000|100%|HS|  |TAMS 0x000000074b000000| PB 0x000000074b000000| Complete 
| 601|0x000000074b200000, 0x000000074b400000, 0x000000074b400000|100%|HC|  |TAMS 0x000000074b200000| PB 0x000000074b200000| Complete 
| 602|0x000000074b400000, 0x000000074b600000, 0x000000074b600000|100%|HS|  |TAMS 0x000000074b400000| PB 0x000000074b400000| Complete 
| 603|0x000000074b600000, 0x000000074b800000, 0x000000074b800000|100%|HS|  |TAMS 0x000000074b600000| PB 0x000000074b600000| Complete 
| 604|0x000000074b800000, 0x000000074ba00000, 0x000000074ba00000|100%|HS|  |TAMS 0x000000074b800000| PB 0x000000074b800000| Complete 
| 605|0x000000074ba00000, 0x000000074bc00000, 0x000000074bc00000|100%| O|  |TAMS 0x000000074ba00000| PB 0x000000074ba00000| Untracked 
| 606|0x000000074bc00000, 0x000000074be00000, 0x000000074be00000|100%|HS|  |TAMS 0x000000074bc00000| PB 0x000000074bc00000| Complete 
| 607|0x000000074be00000, 0x000000074c000000, 0x000000074c000000|100%|HS|  |TAMS 0x000000074be00000| PB 0x000000074be00000| Complete 
| 608|0x000000074c000000, 0x000000074c200000, 0x000000074c200000|100%|HS|  |TAMS 0x000000074c000000| PB 0x000000074c000000| Complete 
| 609|0x000000074c200000, 0x000000074c400000, 0x000000074c400000|100%| O|  |TAMS 0x000000074c200000| PB 0x000000074c200000| Untracked 
| 610|0x000000074c400000, 0x000000074c600000, 0x000000074c600000|100%| O|  |TAMS 0x000000074c400000| PB 0x000000074c400000| Untracked 
| 611|0x000000074c600000, 0x000000074c800000, 0x000000074c800000|100%|HS|  |TAMS 0x000000074c600000| PB 0x000000074c600000| Complete 
| 612|0x000000074c800000, 0x000000074ca00000, 0x000000074ca00000|100%|HS|  |TAMS 0x000000074c800000| PB 0x000000074c800000| Complete 
| 613|0x000000074ca00000, 0x000000074cc00000, 0x000000074cc00000|100%|HS|  |TAMS 0x000000074ca00000| PB 0x000000074ca00000| Complete 
| 614|0x000000074cc00000, 0x000000074ce00000, 0x000000074ce00000|100%| O|Cm|TAMS 0x000000074cc00000| PB 0x000000074cc00000| Complete 
| 615|0x000000074ce00000, 0x000000074d000000, 0x000000074d000000|100%|HS|  |TAMS 0x000000074ce00000| PB 0x000000074ce00000| Complete 
| 616|0x000000074d000000, 0x000000074d200000, 0x000000074d200000|100%|HS|  |TAMS 0x000000074d000000| PB 0x000000074d000000| Complete 
| 617|0x000000074d200000, 0x000000074d400000, 0x000000074d400000|100%|HS|  |TAMS 0x000000074d200000| PB 0x000000074d200000| Complete 
| 618|0x000000074d400000, 0x000000074d400000, 0x000000074d600000|  0%| F|  |TAMS 0x000000074d400000| PB 0x000000074d400000| Untracked 
| 619|0x000000074d600000, 0x000000074d600000, 0x000000074d800000|  0%| F|  |TAMS 0x000000074d600000| PB 0x000000074d600000| Untracked 
| 620|0x000000074d800000, 0x000000074d800000, 0x000000074da00000|  0%| F|  |TAMS 0x000000074d800000| PB 0x000000074d800000| Untracked 
| 621|0x000000074da00000, 0x000000074da00000, 0x000000074dc00000|  0%| F|  |TAMS 0x000000074da00000| PB 0x000000074da00000| Untracked 
| 622|0x000000074dc00000, 0x000000074dc00000, 0x000000074de00000|  0%| F|  |TAMS 0x000000074dc00000| PB 0x000000074dc00000| Untracked 
| 623|0x000000074de00000, 0x000000074de00000, 0x000000074e000000|  0%| F|  |TAMS 0x000000074de00000| PB 0x000000074de00000| Untracked 
| 624|0x000000074e000000, 0x000000074e000000, 0x000000074e200000|  0%| F|  |TAMS 0x000000074e000000| PB 0x000000074e000000| Untracked 
| 625|0x000000074e200000, 0x000000074e200000, 0x000000074e400000|  0%| F|  |TAMS 0x000000074e200000| PB 0x000000074e200000| Untracked 
| 626|0x000000074e400000, 0x000000074e400000, 0x000000074e600000|  0%| F|  |TAMS 0x000000074e400000| PB 0x000000074e400000| Untracked 
| 627|0x000000074e600000, 0x000000074e600000, 0x000000074e800000|  0%| F|  |TAMS 0x000000074e600000| PB 0x000000074e600000| Untracked 
| 628|0x000000074e800000, 0x000000074e800000, 0x000000074ea00000|  0%| F|  |TAMS 0x000000074e800000| PB 0x000000074e800000| Untracked 
| 629|0x000000074ea00000, 0x000000074ea00000, 0x000000074ec00000|  0%| F|  |TAMS 0x000000074ea00000| PB 0x000000074ea00000| Untracked 
| 630|0x000000074ec00000, 0x000000074ec00000, 0x000000074ee00000|  0%| F|  |TAMS 0x000000074ec00000| PB 0x000000074ec00000| Untracked 
| 631|0x000000074ee00000, 0x000000074ee00000, 0x000000074f000000|  0%| F|  |TAMS 0x000000074ee00000| PB 0x000000074ee00000| Untracked 
| 632|0x000000074f000000, 0x000000074f000000, 0x000000074f200000|  0%| F|  |TAMS 0x000000074f000000| PB 0x000000074f000000| Untracked 
| 633|0x000000074f200000, 0x000000074f200000, 0x000000074f400000|  0%| F|  |TAMS 0x000000074f200000| PB 0x000000074f200000| Untracked 
| 634|0x000000074f400000, 0x000000074f400000, 0x000000074f600000|  0%| F|  |TAMS 0x000000074f400000| PB 0x000000074f400000| Untracked 
| 635|0x000000074f600000, 0x000000074f600000, 0x000000074f800000|  0%| F|  |TAMS 0x000000074f600000| PB 0x000000074f600000| Untracked 
| 636|0x000000074f800000, 0x000000074f800000, 0x000000074fa00000|  0%| F|  |TAMS 0x000000074f800000| PB 0x000000074f800000| Untracked 
| 637|0x000000074fa00000, 0x000000074fa00000, 0x000000074fc00000|  0%| F|  |TAMS 0x000000074fa00000| PB 0x000000074fa00000| Untracked 
| 638|0x000000074fc00000, 0x000000074fc00000, 0x000000074fe00000|  0%| F|  |TAMS 0x000000074fc00000| PB 0x000000074fc00000| Untracked 
| 639|0x000000074fe00000, 0x000000074fe00000, 0x0000000750000000|  0%| F|  |TAMS 0x000000074fe00000| PB 0x000000074fe00000| Untracked 
| 640|0x0000000750000000, 0x0000000750000000, 0x0000000750200000|  0%| F|  |TAMS 0x0000000750000000| PB 0x0000000750000000| Untracked 
| 641|0x0000000750200000, 0x0000000750200000, 0x0000000750400000|  0%| F|  |TAMS 0x0000000750200000| PB 0x0000000750200000| Untracked 
| 642|0x0000000750400000, 0x0000000750400000, 0x0000000750600000|  0%| F|  |TAMS 0x0000000750400000| PB 0x0000000750400000| Untracked 
| 643|0x0000000750600000, 0x0000000750600000, 0x0000000750800000|  0%| F|  |TAMS 0x0000000750600000| PB 0x0000000750600000| Untracked 
| 644|0x0000000750800000, 0x0000000750800000, 0x0000000750a00000|  0%| F|  |TAMS 0x0000000750800000| PB 0x0000000750800000| Untracked 
| 645|0x0000000750a00000, 0x0000000750a00000, 0x0000000750c00000|  0%| F|  |TAMS 0x0000000750a00000| PB 0x0000000750a00000| Untracked 
| 646|0x0000000750c00000, 0x0000000750c00000, 0x0000000750e00000|  0%| F|  |TAMS 0x0000000750c00000| PB 0x0000000750c00000| Untracked 
| 647|0x0000000750e00000, 0x0000000750e00000, 0x0000000751000000|  0%| F|  |TAMS 0x0000000750e00000| PB 0x0000000750e00000| Untracked 
| 648|0x0000000751000000, 0x0000000751000000, 0x0000000751200000|  0%| F|  |TAMS 0x0000000751000000| PB 0x0000000751000000| Untracked 
| 649|0x0000000751200000, 0x0000000751200000, 0x0000000751400000|  0%| F|  |TAMS 0x0000000751200000| PB 0x0000000751200000| Untracked 
| 650|0x0000000751400000, 0x0000000751400000, 0x0000000751600000|  0%| F|  |TAMS 0x0000000751400000| PB 0x0000000751400000| Untracked 
| 651|0x0000000751600000, 0x0000000751600000, 0x0000000751800000|  0%| F|  |TAMS 0x0000000751600000| PB 0x0000000751600000| Untracked 
| 652|0x0000000751800000, 0x0000000751800000, 0x0000000751a00000|  0%| F|  |TAMS 0x0000000751800000| PB 0x0000000751800000| Untracked 
| 653|0x0000000751a00000, 0x0000000751a00000, 0x0000000751c00000|  0%| F|  |TAMS 0x0000000751a00000| PB 0x0000000751a00000| Untracked 
| 654|0x0000000751c00000, 0x0000000751c00000, 0x0000000751e00000|  0%| F|  |TAMS 0x0000000751c00000| PB 0x0000000751c00000| Untracked 
| 655|0x0000000751e00000, 0x0000000751e00000, 0x0000000752000000|  0%| F|  |TAMS 0x0000000751e00000| PB 0x0000000751e00000| Untracked 
| 656|0x0000000752000000, 0x0000000752000000, 0x0000000752200000|  0%| F|  |TAMS 0x0000000752000000| PB 0x0000000752000000| Untracked 
| 657|0x0000000752200000, 0x0000000752200000, 0x0000000752400000|  0%| F|  |TAMS 0x0000000752200000| PB 0x0000000752200000| Untracked 
| 658|0x0000000752400000, 0x0000000752400000, 0x0000000752600000|  0%| F|  |TAMS 0x0000000752400000| PB 0x0000000752400000| Untracked 
| 659|0x0000000752600000, 0x0000000752600000, 0x0000000752800000|  0%| F|  |TAMS 0x0000000752600000| PB 0x0000000752600000| Untracked 
| 660|0x0000000752800000, 0x0000000752800000, 0x0000000752a00000|  0%| F|  |TAMS 0x0000000752800000| PB 0x0000000752800000| Untracked 
| 661|0x0000000752a00000, 0x0000000752a00000, 0x0000000752c00000|  0%| F|  |TAMS 0x0000000752a00000| PB 0x0000000752a00000| Untracked 
| 662|0x0000000752c00000, 0x0000000752c00000, 0x0000000752e00000|  0%| F|  |TAMS 0x0000000752c00000| PB 0x0000000752c00000| Untracked 
| 663|0x0000000752e00000, 0x0000000752e00000, 0x0000000753000000|  0%| F|  |TAMS 0x0000000752e00000| PB 0x0000000752e00000| Untracked 
| 664|0x0000000753000000, 0x0000000753000000, 0x0000000753200000|  0%| F|  |TAMS 0x0000000753000000| PB 0x0000000753000000| Untracked 
| 665|0x0000000753200000, 0x0000000753200000, 0x0000000753400000|  0%| F|  |TAMS 0x0000000753200000| PB 0x0000000753200000| Untracked 
| 666|0x0000000753400000, 0x0000000753400000, 0x0000000753600000|  0%| F|  |TAMS 0x0000000753400000| PB 0x0000000753400000| Untracked 
| 667|0x0000000753600000, 0x0000000753600000, 0x0000000753800000|  0%| F|  |TAMS 0x0000000753600000| PB 0x0000000753600000| Untracked 
| 668|0x0000000753800000, 0x0000000753800000, 0x0000000753a00000|  0%| F|  |TAMS 0x0000000753800000| PB 0x0000000753800000| Untracked 
| 669|0x0000000753a00000, 0x0000000753a00000, 0x0000000753c00000|  0%| F|  |TAMS 0x0000000753a00000| PB 0x0000000753a00000| Untracked 
| 670|0x0000000753c00000, 0x0000000753c00000, 0x0000000753e00000|  0%| F|  |TAMS 0x0000000753c00000| PB 0x0000000753c00000| Untracked 
| 671|0x0000000753e00000, 0x0000000753e00000, 0x0000000754000000|  0%| F|  |TAMS 0x0000000753e00000| PB 0x0000000753e00000| Untracked 
| 672|0x0000000754000000, 0x0000000754000000, 0x0000000754200000|  0%| F|  |TAMS 0x0000000754000000| PB 0x0000000754000000| Untracked 
| 673|0x0000000754200000, 0x0000000754200000, 0x0000000754400000|  0%| F|  |TAMS 0x0000000754200000| PB 0x0000000754200000| Untracked 
| 674|0x0000000754400000, 0x0000000754400000, 0x0000000754600000|  0%| F|  |TAMS 0x0000000754400000| PB 0x0000000754400000| Untracked 
| 675|0x0000000754600000, 0x00000007546d3bb8, 0x0000000754800000| 41%| S|CS|TAMS 0x0000000754600000| PB 0x0000000754600000| Complete 
| 676|0x0000000754800000, 0x0000000754a00000, 0x0000000754a00000|100%| S|CS|TAMS 0x0000000754800000| PB 0x0000000754800000| Complete 
| 677|0x0000000754a00000, 0x0000000754c00000, 0x0000000754c00000|100%| S|CS|TAMS 0x0000000754a00000| PB 0x0000000754a00000| Complete 
| 678|0x0000000754c00000, 0x0000000754e00000, 0x0000000754e00000|100%| S|CS|TAMS 0x0000000754c00000| PB 0x0000000754c00000| Complete 
| 679|0x0000000754e00000, 0x0000000755000000, 0x0000000755000000|100%| S|CS|TAMS 0x0000000754e00000| PB 0x0000000754e00000| Complete 
| 680|0x0000000755000000, 0x0000000755200000, 0x0000000755200000|100%| S|CS|TAMS 0x0000000755000000| PB 0x0000000755000000| Complete 
| 681|0x0000000755200000, 0x0000000755400000, 0x0000000755400000|100%| S|CS|TAMS 0x0000000755200000| PB 0x0000000755200000| Complete 
| 682|0x0000000755400000, 0x0000000755600000, 0x0000000755600000|100%| S|CS|TAMS 0x0000000755400000| PB 0x0000000755400000| Complete 
| 683|0x0000000755600000, 0x0000000755800000, 0x0000000755800000|100%| S|CS|TAMS 0x0000000755600000| PB 0x0000000755600000| Complete 
| 684|0x0000000755800000, 0x0000000755a00000, 0x0000000755a00000|100%| S|CS|TAMS 0x0000000755800000| PB 0x0000000755800000| Complete 
| 685|0x0000000755a00000, 0x0000000755c00000, 0x0000000755c00000|100%| S|CS|TAMS 0x0000000755a00000| PB 0x0000000755a00000| Complete 
| 686|0x0000000755c00000, 0x0000000755e00000, 0x0000000755e00000|100%| S|CS|TAMS 0x0000000755c00000| PB 0x0000000755c00000| Complete 
| 687|0x0000000755e00000, 0x0000000756000000, 0x0000000756000000|100%| S|CS|TAMS 0x0000000755e00000| PB 0x0000000755e00000| Complete 
| 688|0x0000000756000000, 0x0000000756200000, 0x0000000756200000|100%| S|CS|TAMS 0x0000000756000000| PB 0x0000000756000000| Complete 
| 689|0x0000000756200000, 0x0000000756400000, 0x0000000756400000|100%| S|CS|TAMS 0x0000000756200000| PB 0x0000000756200000| Complete 
| 690|0x0000000756400000, 0x0000000756600000, 0x0000000756600000|100%| S|CS|TAMS 0x0000000756400000| PB 0x0000000756400000| Complete 
| 691|0x0000000756600000, 0x0000000756800000, 0x0000000756800000|100%| S|CS|TAMS 0x0000000756600000| PB 0x0000000756600000| Complete 
| 692|0x0000000756800000, 0x0000000756a00000, 0x0000000756a00000|100%| S|CS|TAMS 0x0000000756800000| PB 0x0000000756800000| Complete 
| 693|0x0000000756a00000, 0x0000000756c00000, 0x0000000756c00000|100%| S|CS|TAMS 0x0000000756a00000| PB 0x0000000756a00000| Complete 
| 694|0x0000000756c00000, 0x0000000756e00000, 0x0000000756e00000|100%| S|CS|TAMS 0x0000000756c00000| PB 0x0000000756c00000| Complete 
| 695|0x0000000756e00000, 0x0000000757000000, 0x0000000757000000|100%| S|CS|TAMS 0x0000000756e00000| PB 0x0000000756e00000| Complete 
| 696|0x0000000757000000, 0x0000000757200000, 0x0000000757200000|100%| S|CS|TAMS 0x0000000757000000| PB 0x0000000757000000| Complete 
| 697|0x0000000757200000, 0x0000000757400000, 0x0000000757400000|100%| S|CS|TAMS 0x0000000757200000| PB 0x0000000757200000| Complete 
| 698|0x0000000757400000, 0x0000000757600000, 0x0000000757600000|100%| S|CS|TAMS 0x0000000757400000| PB 0x0000000757400000| Complete 
| 699|0x0000000757600000, 0x0000000757800000, 0x0000000757800000|100%| S|CS|TAMS 0x0000000757600000| PB 0x0000000757600000| Complete 
| 700|0x0000000757800000, 0x0000000757800000, 0x0000000757a00000|  0%| F|  |TAMS 0x0000000757800000| PB 0x0000000757800000| Untracked 
| 701|0x0000000757a00000, 0x0000000757a00000, 0x0000000757c00000|  0%| F|  |TAMS 0x0000000757a00000| PB 0x0000000757a00000| Untracked 
| 702|0x0000000757c00000, 0x0000000757e00000, 0x0000000757e00000|100%| S|CS|TAMS 0x0000000757c00000| PB 0x0000000757c00000| Complete 
| 703|0x0000000757e00000, 0x0000000758000000, 0x0000000758000000|100%| S|CS|TAMS 0x0000000757e00000| PB 0x0000000757e00000| Complete 
| 704|0x0000000758000000, 0x0000000758200000, 0x0000000758200000|100%| S|CS|TAMS 0x0000000758000000| PB 0x0000000758000000| Complete 
| 705|0x0000000758200000, 0x0000000758200000, 0x0000000758400000|  0%| F|  |TAMS 0x0000000758200000| PB 0x0000000758200000| Untracked 
| 706|0x0000000758400000, 0x0000000758400000, 0x0000000758600000|  0%| F|  |TAMS 0x0000000758400000| PB 0x0000000758400000| Untracked 
| 707|0x0000000758600000, 0x000000075865d648, 0x0000000758800000| 18%| E|  |TAMS 0x0000000758600000| PB 0x0000000758600000| Complete 
| 708|0x0000000758800000, 0x0000000758a00000, 0x0000000758a00000|100%| E|CS|TAMS 0x0000000758800000| PB 0x0000000758800000| Complete 
| 709|0x0000000758a00000, 0x0000000758c00000, 0x0000000758c00000|100%| E|CS|TAMS 0x0000000758a00000| PB 0x0000000758a00000| Complete 
| 710|0x0000000758c00000, 0x0000000758e00000, 0x0000000758e00000|100%| E|CS|TAMS 0x0000000758c00000| PB 0x0000000758c00000| Complete 
| 711|0x0000000758e00000, 0x0000000759000000, 0x0000000759000000|100%| E|  |TAMS 0x0000000758e00000| PB 0x0000000758e00000| Complete 
| 712|0x0000000759000000, 0x0000000759200000, 0x0000000759200000|100%| E|CS|TAMS 0x0000000759000000| PB 0x0000000759000000| Complete 
| 713|0x0000000759200000, 0x0000000759400000, 0x0000000759400000|100%| E|CS|TAMS 0x0000000759200000| PB 0x0000000759200000| Complete 
| 714|0x0000000759400000, 0x0000000759600000, 0x0000000759600000|100%| E|CS|TAMS 0x0000000759400000| PB 0x0000000759400000| Complete 
| 715|0x0000000759600000, 0x0000000759800000, 0x0000000759800000|100%| E|CS|TAMS 0x0000000759600000| PB 0x0000000759600000| Complete 
| 716|0x0000000759800000, 0x0000000759a00000, 0x0000000759a00000|100%| E|CS|TAMS 0x0000000759800000| PB 0x0000000759800000| Complete 
| 717|0x0000000759a00000, 0x0000000759c00000, 0x0000000759c00000|100%| E|CS|TAMS 0x0000000759a00000| PB 0x0000000759a00000| Complete 
| 718|0x0000000759c00000, 0x0000000759e00000, 0x0000000759e00000|100%| E|CS|TAMS 0x0000000759c00000| PB 0x0000000759c00000| Complete 
| 719|0x0000000759e00000, 0x000000075a000000, 0x000000075a000000|100%| E|CS|TAMS 0x0000000759e00000| PB 0x0000000759e00000| Complete 
| 720|0x000000075a000000, 0x000000075a200000, 0x000000075a200000|100%| E|CS|TAMS 0x000000075a000000| PB 0x000000075a000000| Complete 
| 721|0x000000075a200000, 0x000000075a400000, 0x000000075a400000|100%| E|CS|TAMS 0x000000075a200000| PB 0x000000075a200000| Complete 
| 722|0x000000075a400000, 0x000000075a600000, 0x000000075a600000|100%| E|CS|TAMS 0x000000075a400000| PB 0x000000075a400000| Complete 
| 723|0x000000075a600000, 0x000000075a800000, 0x000000075a800000|100%| E|CS|TAMS 0x000000075a600000| PB 0x000000075a600000| Complete 
| 724|0x000000075a800000, 0x000000075aa00000, 0x000000075aa00000|100%| E|CS|TAMS 0x000000075a800000| PB 0x000000075a800000| Complete 
| 725|0x000000075aa00000, 0x000000075ac00000, 0x000000075ac00000|100%| E|CS|TAMS 0x000000075aa00000| PB 0x000000075aa00000| Complete 
| 726|0x000000075ac00000, 0x000000075ae00000, 0x000000075ae00000|100%| E|CS|TAMS 0x000000075ac00000| PB 0x000000075ac00000| Complete 
| 727|0x000000075ae00000, 0x000000075b000000, 0x000000075b000000|100%| E|CS|TAMS 0x000000075ae00000| PB 0x000000075ae00000| Complete 
| 728|0x000000075b000000, 0x000000075b200000, 0x000000075b200000|100%| E|CS|TAMS 0x000000075b000000| PB 0x000000075b000000| Complete 
| 729|0x000000075b200000, 0x000000075b400000, 0x000000075b400000|100%| E|CS|TAMS 0x000000075b200000| PB 0x000000075b200000| Complete 
| 730|0x000000075b400000, 0x000000075b600000, 0x000000075b600000|100%| E|CS|TAMS 0x000000075b400000| PB 0x000000075b400000| Complete 
| 731|0x000000075b600000, 0x000000075b800000, 0x000000075b800000|100%| E|CS|TAMS 0x000000075b600000| PB 0x000000075b600000| Complete 
| 732|0x000000075b800000, 0x000000075ba00000, 0x000000075ba00000|100%| E|CS|TAMS 0x000000075b800000| PB 0x000000075b800000| Complete 
| 733|0x000000075ba00000, 0x000000075bc00000, 0x000000075bc00000|100%| E|CS|TAMS 0x000000075ba00000| PB 0x000000075ba00000| Complete 
| 734|0x000000075bc00000, 0x000000075be00000, 0x000000075be00000|100%| E|CS|TAMS 0x000000075bc00000| PB 0x000000075bc00000| Complete 
| 735|0x000000075be00000, 0x000000075c000000, 0x000000075c000000|100%| E|CS|TAMS 0x000000075be00000| PB 0x000000075be00000| Complete 
| 736|0x000000075c000000, 0x000000075c200000, 0x000000075c200000|100%| E|CS|TAMS 0x000000075c000000| PB 0x000000075c000000| Complete 
| 737|0x000000075c200000, 0x000000075c400000, 0x000000075c400000|100%| E|CS|TAMS 0x000000075c200000| PB 0x000000075c200000| Complete 
| 738|0x000000075c400000, 0x000000075c600000, 0x000000075c600000|100%| E|CS|TAMS 0x000000075c400000| PB 0x000000075c400000| Complete 
| 739|0x000000075c600000, 0x000000075c800000, 0x000000075c800000|100%| E|CS|TAMS 0x000000075c600000| PB 0x000000075c600000| Complete 
| 740|0x000000075c800000, 0x000000075ca00000, 0x000000075ca00000|100%| E|CS|TAMS 0x000000075c800000| PB 0x000000075c800000| Complete 
| 741|0x000000075ca00000, 0x000000075cc00000, 0x000000075cc00000|100%| E|CS|TAMS 0x000000075ca00000| PB 0x000000075ca00000| Complete 
| 742|0x000000075cc00000, 0x000000075ce00000, 0x000000075ce00000|100%| E|CS|TAMS 0x000000075cc00000| PB 0x000000075cc00000| Complete 
| 743|0x000000075ce00000, 0x000000075d000000, 0x000000075d000000|100%| E|CS|TAMS 0x000000075ce00000| PB 0x000000075ce00000| Complete 
| 744|0x000000075d000000, 0x000000075d200000, 0x000000075d200000|100%| E|CS|TAMS 0x000000075d000000| PB 0x000000075d000000| Complete 
| 745|0x000000075d200000, 0x000000075d400000, 0x000000075d400000|100%| E|CS|TAMS 0x000000075d200000| PB 0x000000075d200000| Complete 
| 746|0x000000075d400000, 0x000000075d600000, 0x000000075d600000|100%| E|CS|TAMS 0x000000075d400000| PB 0x000000075d400000| Complete 
| 747|0x000000075d600000, 0x000000075d800000, 0x000000075d800000|100%| E|CS|TAMS 0x000000075d600000| PB 0x000000075d600000| Complete 
| 748|0x000000075d800000, 0x000000075da00000, 0x000000075da00000|100%| E|CS|TAMS 0x000000075d800000| PB 0x000000075d800000| Complete 
| 749|0x000000075da00000, 0x000000075dc00000, 0x000000075dc00000|100%| E|CS|TAMS 0x000000075da00000| PB 0x000000075da00000| Complete 
| 750|0x000000075dc00000, 0x000000075de00000, 0x000000075de00000|100%| E|CS|TAMS 0x000000075dc00000| PB 0x000000075dc00000| Complete 
| 751|0x000000075de00000, 0x000000075e000000, 0x000000075e000000|100%| E|CS|TAMS 0x000000075de00000| PB 0x000000075de00000| Complete 
| 752|0x000000075e000000, 0x000000075e200000, 0x000000075e200000|100%| E|CS|TAMS 0x000000075e000000| PB 0x000000075e000000| Complete 
| 753|0x000000075e200000, 0x000000075e400000, 0x000000075e400000|100%| E|CS|TAMS 0x000000075e200000| PB 0x000000075e200000| Complete 
| 754|0x000000075e400000, 0x000000075e600000, 0x000000075e600000|100%| E|CS|TAMS 0x000000075e400000| PB 0x000000075e400000| Complete 
| 755|0x000000075e600000, 0x000000075e800000, 0x000000075e800000|100%| E|CS|TAMS 0x000000075e600000| PB 0x000000075e600000| Complete 
| 756|0x000000075e800000, 0x000000075ea00000, 0x000000075ea00000|100%| E|CS|TAMS 0x000000075e800000| PB 0x000000075e800000| Complete 
| 757|0x000000075ea00000, 0x000000075ec00000, 0x000000075ec00000|100%| E|CS|TAMS 0x000000075ea00000| PB 0x000000075ea00000| Complete 
| 758|0x000000075ec00000, 0x000000075ee00000, 0x000000075ee00000|100%| E|CS|TAMS 0x000000075ec00000| PB 0x000000075ec00000| Complete 
| 759|0x000000075ee00000, 0x000000075f000000, 0x000000075f000000|100%| E|CS|TAMS 0x000000075ee00000| PB 0x000000075ee00000| Complete 
| 760|0x000000075f000000, 0x000000075f200000, 0x000000075f200000|100%| E|CS|TAMS 0x000000075f000000| PB 0x000000075f000000| Complete 
| 761|0x000000075f200000, 0x000000075f400000, 0x000000075f400000|100%| E|CS|TAMS 0x000000075f200000| PB 0x000000075f200000| Complete 
| 762|0x000000075f400000, 0x000000075f600000, 0x000000075f600000|100%| E|CS|TAMS 0x000000075f400000| PB 0x000000075f400000| Complete 
| 763|0x000000075f600000, 0x000000075f800000, 0x000000075f800000|100%| E|CS|TAMS 0x000000075f600000| PB 0x000000075f600000| Complete 
| 764|0x000000075f800000, 0x000000075fa00000, 0x000000075fa00000|100%| E|CS|TAMS 0x000000075f800000| PB 0x000000075f800000| Complete 
| 765|0x000000075fa00000, 0x000000075fc00000, 0x000000075fc00000|100%| E|CS|TAMS 0x000000075fa00000| PB 0x000000075fa00000| Complete 
| 766|0x000000075fc00000, 0x000000075fe00000, 0x000000075fe00000|100%| E|CS|TAMS 0x000000075fc00000| PB 0x000000075fc00000| Complete 
| 767|0x000000075fe00000, 0x0000000760000000, 0x0000000760000000|100%| E|CS|TAMS 0x000000075fe00000| PB 0x000000075fe00000| Complete 
| 768|0x0000000760000000, 0x0000000760200000, 0x0000000760200000|100%| E|CS|TAMS 0x0000000760000000| PB 0x0000000760000000| Complete 
| 769|0x0000000760200000, 0x0000000760400000, 0x0000000760400000|100%| E|CS|TAMS 0x0000000760200000| PB 0x0000000760200000| Complete 
| 770|0x0000000760400000, 0x0000000760600000, 0x0000000760600000|100%| E|CS|TAMS 0x0000000760400000| PB 0x0000000760400000| Complete 
| 771|0x0000000760600000, 0x0000000760800000, 0x0000000760800000|100%| E|CS|TAMS 0x0000000760600000| PB 0x0000000760600000| Complete 
| 772|0x0000000760800000, 0x0000000760a00000, 0x0000000760a00000|100%| E|CS|TAMS 0x0000000760800000| PB 0x0000000760800000| Complete 
| 773|0x0000000760a00000, 0x0000000760c00000, 0x0000000760c00000|100%| E|CS|TAMS 0x0000000760a00000| PB 0x0000000760a00000| Complete 
| 774|0x0000000760c00000, 0x0000000760e00000, 0x0000000760e00000|100%| E|CS|TAMS 0x0000000760c00000| PB 0x0000000760c00000| Complete 
| 775|0x0000000760e00000, 0x0000000761000000, 0x0000000761000000|100%| E|CS|TAMS 0x0000000760e00000| PB 0x0000000760e00000| Complete 
| 776|0x0000000761000000, 0x0000000761200000, 0x0000000761200000|100%| E|CS|TAMS 0x0000000761000000| PB 0x0000000761000000| Complete 
| 777|0x0000000761200000, 0x0000000761400000, 0x0000000761400000|100%| E|CS|TAMS 0x0000000761200000| PB 0x0000000761200000| Complete 
| 778|0x0000000761400000, 0x0000000761600000, 0x0000000761600000|100%| E|CS|TAMS 0x0000000761400000| PB 0x0000000761400000| Complete 
| 779|0x0000000761600000, 0x0000000761800000, 0x0000000761800000|100%| E|CS|TAMS 0x0000000761600000| PB 0x0000000761600000| Complete 
| 780|0x0000000761800000, 0x0000000761a00000, 0x0000000761a00000|100%| E|CS|TAMS 0x0000000761800000| PB 0x0000000761800000| Complete 
| 781|0x0000000761a00000, 0x0000000761c00000, 0x0000000761c00000|100%| E|CS|TAMS 0x0000000761a00000| PB 0x0000000761a00000| Complete 
| 782|0x0000000761c00000, 0x0000000761e00000, 0x0000000761e00000|100%| E|CS|TAMS 0x0000000761c00000| PB 0x0000000761c00000| Complete 
| 783|0x0000000761e00000, 0x0000000762000000, 0x0000000762000000|100%| E|CS|TAMS 0x0000000761e00000| PB 0x0000000761e00000| Complete 
| 784|0x0000000762000000, 0x0000000762200000, 0x0000000762200000|100%| E|CS|TAMS 0x0000000762000000| PB 0x0000000762000000| Complete 
| 785|0x0000000762200000, 0x0000000762400000, 0x0000000762400000|100%| E|CS|TAMS 0x0000000762200000| PB 0x0000000762200000| Complete 
| 786|0x0000000762400000, 0x0000000762600000, 0x0000000762600000|100%| E|CS|TAMS 0x0000000762400000| PB 0x0000000762400000| Complete 
| 787|0x0000000762600000, 0x0000000762800000, 0x0000000762800000|100%| E|CS|TAMS 0x0000000762600000| PB 0x0000000762600000| Complete 
| 788|0x0000000762800000, 0x0000000762a00000, 0x0000000762a00000|100%| E|CS|TAMS 0x0000000762800000| PB 0x0000000762800000| Complete 
| 789|0x0000000762a00000, 0x0000000762c00000, 0x0000000762c00000|100%| E|CS|TAMS 0x0000000762a00000| PB 0x0000000762a00000| Complete 
| 790|0x0000000762c00000, 0x0000000762e00000, 0x0000000762e00000|100%| E|CS|TAMS 0x0000000762c00000| PB 0x0000000762c00000| Complete 
| 791|0x0000000762e00000, 0x0000000763000000, 0x0000000763000000|100%| E|CS|TAMS 0x0000000762e00000| PB 0x0000000762e00000| Complete 
| 792|0x0000000763000000, 0x0000000763200000, 0x0000000763200000|100%| E|CS|TAMS 0x0000000763000000| PB 0x0000000763000000| Complete 
| 793|0x0000000763200000, 0x0000000763400000, 0x0000000763400000|100%| E|CS|TAMS 0x0000000763200000| PB 0x0000000763200000| Complete 
| 794|0x0000000763400000, 0x0000000763600000, 0x0000000763600000|100%| E|CS|TAMS 0x0000000763400000| PB 0x0000000763400000| Complete 
| 795|0x0000000763600000, 0x0000000763800000, 0x0000000763800000|100%| E|CS|TAMS 0x0000000763600000| PB 0x0000000763600000| Complete 
| 796|0x0000000763800000, 0x0000000763a00000, 0x0000000763a00000|100%| E|CS|TAMS 0x0000000763800000| PB 0x0000000763800000| Complete 
| 797|0x0000000763a00000, 0x0000000763c00000, 0x0000000763c00000|100%| E|CS|TAMS 0x0000000763a00000| PB 0x0000000763a00000| Complete 
| 798|0x0000000763c00000, 0x0000000763e00000, 0x0000000763e00000|100%| E|CS|TAMS 0x0000000763c00000| PB 0x0000000763c00000| Complete 
| 799|0x0000000763e00000, 0x0000000764000000, 0x0000000764000000|100%| E|CS|TAMS 0x0000000763e00000| PB 0x0000000763e00000| Complete 
| 800|0x0000000764000000, 0x0000000764200000, 0x0000000764200000|100%| E|CS|TAMS 0x0000000764000000| PB 0x0000000764000000| Complete 
| 801|0x0000000764200000, 0x0000000764400000, 0x0000000764400000|100%| E|CS|TAMS 0x0000000764200000| PB 0x0000000764200000| Complete 
| 802|0x0000000764400000, 0x0000000764600000, 0x0000000764600000|100%| E|CS|TAMS 0x0000000764400000| PB 0x0000000764400000| Complete 
| 803|0x0000000764600000, 0x0000000764800000, 0x0000000764800000|100%| E|CS|TAMS 0x0000000764600000| PB 0x0000000764600000| Complete 
| 804|0x0000000764800000, 0x0000000764a00000, 0x0000000764a00000|100%| E|CS|TAMS 0x0000000764800000| PB 0x0000000764800000| Complete 
| 805|0x0000000764a00000, 0x0000000764c00000, 0x0000000764c00000|100%| E|CS|TAMS 0x0000000764a00000| PB 0x0000000764a00000| Complete 
| 806|0x0000000764c00000, 0x0000000764e00000, 0x0000000764e00000|100%| E|CS|TAMS 0x0000000764c00000| PB 0x0000000764c00000| Complete 
| 807|0x0000000764e00000, 0x0000000765000000, 0x0000000765000000|100%| E|CS|TAMS 0x0000000764e00000| PB 0x0000000764e00000| Complete 
| 808|0x0000000765000000, 0x0000000765200000, 0x0000000765200000|100%| E|CS|TAMS 0x0000000765000000| PB 0x0000000765000000| Complete 
| 809|0x0000000765200000, 0x0000000765400000, 0x0000000765400000|100%| E|CS|TAMS 0x0000000765200000| PB 0x0000000765200000| Complete 
| 810|0x0000000765400000, 0x0000000765600000, 0x0000000765600000|100%| E|CS|TAMS 0x0000000765400000| PB 0x0000000765400000| Complete 
| 811|0x0000000765600000, 0x0000000765800000, 0x0000000765800000|100%| E|CS|TAMS 0x0000000765600000| PB 0x0000000765600000| Complete 
| 812|0x0000000765800000, 0x0000000765a00000, 0x0000000765a00000|100%| E|CS|TAMS 0x0000000765800000| PB 0x0000000765800000| Complete 
| 813|0x0000000765a00000, 0x0000000765c00000, 0x0000000765c00000|100%| E|CS|TAMS 0x0000000765a00000| PB 0x0000000765a00000| Complete 
| 814|0x0000000765c00000, 0x0000000765e00000, 0x0000000765e00000|100%| E|CS|TAMS 0x0000000765c00000| PB 0x0000000765c00000| Complete 
| 815|0x0000000765e00000, 0x0000000766000000, 0x0000000766000000|100%| E|CS|TAMS 0x0000000765e00000| PB 0x0000000765e00000| Complete 
| 816|0x0000000766000000, 0x0000000766200000, 0x0000000766200000|100%| E|CS|TAMS 0x0000000766000000| PB 0x0000000766000000| Complete 
| 817|0x0000000766200000, 0x0000000766400000, 0x0000000766400000|100%| E|CS|TAMS 0x0000000766200000| PB 0x0000000766200000| Complete 
| 818|0x0000000766400000, 0x0000000766600000, 0x0000000766600000|100%| E|CS|TAMS 0x0000000766400000| PB 0x0000000766400000| Complete 
| 819|0x0000000766600000, 0x0000000766800000, 0x0000000766800000|100%| E|CS|TAMS 0x0000000766600000| PB 0x0000000766600000| Complete 
| 820|0x0000000766800000, 0x0000000766a00000, 0x0000000766a00000|100%| E|CS|TAMS 0x0000000766800000| PB 0x0000000766800000| Complete 
| 821|0x0000000766a00000, 0x0000000766c00000, 0x0000000766c00000|100%| E|CS|TAMS 0x0000000766a00000| PB 0x0000000766a00000| Complete 
| 822|0x0000000766c00000, 0x0000000766e00000, 0x0000000766e00000|100%| E|CS|TAMS 0x0000000766c00000| PB 0x0000000766c00000| Complete 
| 823|0x0000000766e00000, 0x0000000767000000, 0x0000000767000000|100%| E|CS|TAMS 0x0000000766e00000| PB 0x0000000766e00000| Complete 
| 824|0x0000000767000000, 0x0000000767200000, 0x0000000767200000|100%| E|CS|TAMS 0x0000000767000000| PB 0x0000000767000000| Complete 
| 825|0x0000000767200000, 0x0000000767400000, 0x0000000767400000|100%| E|CS|TAMS 0x0000000767200000| PB 0x0000000767200000| Complete 
| 826|0x0000000767400000, 0x0000000767600000, 0x0000000767600000|100%| E|CS|TAMS 0x0000000767400000| PB 0x0000000767400000| Complete 
| 827|0x0000000767600000, 0x0000000767800000, 0x0000000767800000|100%| E|CS|TAMS 0x0000000767600000| PB 0x0000000767600000| Complete 
| 828|0x0000000767800000, 0x0000000767a00000, 0x0000000767a00000|100%| E|CS|TAMS 0x0000000767800000| PB 0x0000000767800000| Complete 
| 829|0x0000000767a00000, 0x0000000767c00000, 0x0000000767c00000|100%| E|CS|TAMS 0x0000000767a00000| PB 0x0000000767a00000| Complete 
| 830|0x0000000767c00000, 0x0000000767e00000, 0x0000000767e00000|100%| E|CS|TAMS 0x0000000767c00000| PB 0x0000000767c00000| Complete 
| 831|0x0000000767e00000, 0x0000000768000000, 0x0000000768000000|100%| E|CS|TAMS 0x0000000767e00000| PB 0x0000000767e00000| Complete 
| 832|0x0000000768000000, 0x0000000768200000, 0x0000000768200000|100%| E|CS|TAMS 0x0000000768000000| PB 0x0000000768000000| Complete 
| 833|0x0000000768200000, 0x0000000768400000, 0x0000000768400000|100%| E|CS|TAMS 0x0000000768200000| PB 0x0000000768200000| Complete 
| 834|0x0000000768400000, 0x0000000768600000, 0x0000000768600000|100%| E|CS|TAMS 0x0000000768400000| PB 0x0000000768400000| Complete 
| 835|0x0000000768600000, 0x0000000768800000, 0x0000000768800000|100%| E|CS|TAMS 0x0000000768600000| PB 0x0000000768600000| Complete 
| 836|0x0000000768800000, 0x0000000768a00000, 0x0000000768a00000|100%| E|CS|TAMS 0x0000000768800000| PB 0x0000000768800000| Complete 
| 837|0x0000000768a00000, 0x0000000768c00000, 0x0000000768c00000|100%| E|CS|TAMS 0x0000000768a00000| PB 0x0000000768a00000| Complete 
| 838|0x0000000768c00000, 0x0000000768e00000, 0x0000000768e00000|100%| E|CS|TAMS 0x0000000768c00000| PB 0x0000000768c00000| Complete 
| 839|0x0000000768e00000, 0x0000000769000000, 0x0000000769000000|100%| E|CS|TAMS 0x0000000768e00000| PB 0x0000000768e00000| Complete 
| 840|0x0000000769000000, 0x0000000769200000, 0x0000000769200000|100%| E|CS|TAMS 0x0000000769000000| PB 0x0000000769000000| Complete 
| 841|0x0000000769200000, 0x0000000769400000, 0x0000000769400000|100%| E|CS|TAMS 0x0000000769200000| PB 0x0000000769200000| Complete 
| 842|0x0000000769400000, 0x0000000769600000, 0x0000000769600000|100%| E|CS|TAMS 0x0000000769400000| PB 0x0000000769400000| Complete 
| 843|0x0000000769600000, 0x0000000769800000, 0x0000000769800000|100%| E|CS|TAMS 0x0000000769600000| PB 0x0000000769600000| Complete 
| 844|0x0000000769800000, 0x0000000769a00000, 0x0000000769a00000|100%| E|CS|TAMS 0x0000000769800000| PB 0x0000000769800000| Complete 
| 845|0x0000000769a00000, 0x0000000769c00000, 0x0000000769c00000|100%| E|CS|TAMS 0x0000000769a00000| PB 0x0000000769a00000| Complete 
| 846|0x0000000769c00000, 0x0000000769e00000, 0x0000000769e00000|100%| E|CS|TAMS 0x0000000769c00000| PB 0x0000000769c00000| Complete 
| 847|0x0000000769e00000, 0x000000076a000000, 0x000000076a000000|100%| E|CS|TAMS 0x0000000769e00000| PB 0x0000000769e00000| Complete 
| 848|0x000000076a000000, 0x000000076a200000, 0x000000076a200000|100%| E|CS|TAMS 0x000000076a000000| PB 0x000000076a000000| Complete 
| 849|0x000000076a200000, 0x000000076a400000, 0x000000076a400000|100%| E|CS|TAMS 0x000000076a200000| PB 0x000000076a200000| Complete 
| 850|0x000000076a400000, 0x000000076a600000, 0x000000076a600000|100%| E|CS|TAMS 0x000000076a400000| PB 0x000000076a400000| Complete 
| 851|0x000000076a600000, 0x000000076a800000, 0x000000076a800000|100%| E|CS|TAMS 0x000000076a600000| PB 0x000000076a600000| Complete 
| 852|0x000000076a800000, 0x000000076aa00000, 0x000000076aa00000|100%| E|CS|TAMS 0x000000076a800000| PB 0x000000076a800000| Complete 
| 853|0x000000076aa00000, 0x000000076ac00000, 0x000000076ac00000|100%| E|CS|TAMS 0x000000076aa00000| PB 0x000000076aa00000| Complete 
| 854|0x000000076ac00000, 0x000000076ae00000, 0x000000076ae00000|100%| E|CS|TAMS 0x000000076ac00000| PB 0x000000076ac00000| Complete 
| 855|0x000000076ae00000, 0x000000076b000000, 0x000000076b000000|100%| E|CS|TAMS 0x000000076ae00000| PB 0x000000076ae00000| Complete 
| 856|0x000000076b000000, 0x000000076b200000, 0x000000076b200000|100%| E|CS|TAMS 0x000000076b000000| PB 0x000000076b000000| Complete 
| 857|0x000000076b200000, 0x000000076b400000, 0x000000076b400000|100%| E|CS|TAMS 0x000000076b200000| PB 0x000000076b200000| Complete 
| 858|0x000000076b400000, 0x000000076b600000, 0x000000076b600000|100%| E|CS|TAMS 0x000000076b400000| PB 0x000000076b400000| Complete 
| 859|0x000000076b600000, 0x000000076b800000, 0x000000076b800000|100%| E|CS|TAMS 0x000000076b600000| PB 0x000000076b600000| Complete 
| 860|0x000000076b800000, 0x000000076ba00000, 0x000000076ba00000|100%| E|CS|TAMS 0x000000076b800000| PB 0x000000076b800000| Complete 
| 861|0x000000076ba00000, 0x000000076bc00000, 0x000000076bc00000|100%| E|CS|TAMS 0x000000076ba00000| PB 0x000000076ba00000| Complete 
| 862|0x000000076bc00000, 0x000000076be00000, 0x000000076be00000|100%| E|CS|TAMS 0x000000076bc00000| PB 0x000000076bc00000| Complete 
| 863|0x000000076be00000, 0x000000076c000000, 0x000000076c000000|100%| E|CS|TAMS 0x000000076be00000| PB 0x000000076be00000| Complete 
| 864|0x000000076c000000, 0x000000076c200000, 0x000000076c200000|100%| E|CS|TAMS 0x000000076c000000| PB 0x000000076c000000| Complete 
| 865|0x000000076c200000, 0x000000076c400000, 0x000000076c400000|100%| E|CS|TAMS 0x000000076c200000| PB 0x000000076c200000| Complete 
| 866|0x000000076c400000, 0x000000076c600000, 0x000000076c600000|100%| E|CS|TAMS 0x000000076c400000| PB 0x000000076c400000| Complete 
| 867|0x000000076c600000, 0x000000076c800000, 0x000000076c800000|100%| E|CS|TAMS 0x000000076c600000| PB 0x000000076c600000| Complete 
| 868|0x000000076c800000, 0x000000076ca00000, 0x000000076ca00000|100%| E|CS|TAMS 0x000000076c800000| PB 0x000000076c800000| Complete 
| 869|0x000000076ca00000, 0x000000076cc00000, 0x000000076cc00000|100%| E|CS|TAMS 0x000000076ca00000| PB 0x000000076ca00000| Complete 
| 870|0x000000076cc00000, 0x000000076ce00000, 0x000000076ce00000|100%| E|CS|TAMS 0x000000076cc00000| PB 0x000000076cc00000| Complete 
| 871|0x000000076ce00000, 0x000000076d000000, 0x000000076d000000|100%| E|CS|TAMS 0x000000076ce00000| PB 0x000000076ce00000| Complete 
| 872|0x000000076d000000, 0x000000076d200000, 0x000000076d200000|100%| E|CS|TAMS 0x000000076d000000| PB 0x000000076d000000| Complete 
| 873|0x000000076d200000, 0x000000076d400000, 0x000000076d400000|100%| E|CS|TAMS 0x000000076d200000| PB 0x000000076d200000| Complete 
| 874|0x000000076d400000, 0x000000076d600000, 0x000000076d600000|100%| E|CS|TAMS 0x000000076d400000| PB 0x000000076d400000| Complete 
| 875|0x000000076d600000, 0x000000076d800000, 0x000000076d800000|100%| E|CS|TAMS 0x000000076d600000| PB 0x000000076d600000| Complete 
| 876|0x000000076d800000, 0x000000076da00000, 0x000000076da00000|100%| E|CS|TAMS 0x000000076d800000| PB 0x000000076d800000| Complete 
| 877|0x000000076da00000, 0x000000076dc00000, 0x000000076dc00000|100%| E|CS|TAMS 0x000000076da00000| PB 0x000000076da00000| Complete 
| 878|0x000000076dc00000, 0x000000076de00000, 0x000000076de00000|100%| E|CS|TAMS 0x000000076dc00000| PB 0x000000076dc00000| Complete 
| 879|0x000000076de00000, 0x000000076e000000, 0x000000076e000000|100%| E|CS|TAMS 0x000000076de00000| PB 0x000000076de00000| Complete 
| 880|0x000000076e000000, 0x000000076e200000, 0x000000076e200000|100%| E|CS|TAMS 0x000000076e000000| PB 0x000000076e000000| Complete 
| 881|0x000000076e200000, 0x000000076e400000, 0x000000076e400000|100%| E|CS|TAMS 0x000000076e200000| PB 0x000000076e200000| Complete 
| 882|0x000000076e400000, 0x000000076e600000, 0x000000076e600000|100%| E|CS|TAMS 0x000000076e400000| PB 0x000000076e400000| Complete 
| 883|0x000000076e600000, 0x000000076e800000, 0x000000076e800000|100%| E|CS|TAMS 0x000000076e600000| PB 0x000000076e600000| Complete 
| 884|0x000000076e800000, 0x000000076ea00000, 0x000000076ea00000|100%| E|CS|TAMS 0x000000076e800000| PB 0x000000076e800000| Complete 
| 885|0x000000076ea00000, 0x000000076ec00000, 0x000000076ec00000|100%| E|CS|TAMS 0x000000076ea00000| PB 0x000000076ea00000| Complete 
| 886|0x000000076ec00000, 0x000000076ee00000, 0x000000076ee00000|100%| E|CS|TAMS 0x000000076ec00000| PB 0x000000076ec00000| Complete 
| 887|0x000000076ee00000, 0x000000076f000000, 0x000000076f000000|100%| E|CS|TAMS 0x000000076ee00000| PB 0x000000076ee00000| Complete 
| 888|0x000000076f000000, 0x000000076f200000, 0x000000076f200000|100%| E|CS|TAMS 0x000000076f000000| PB 0x000000076f000000| Complete 
| 889|0x000000076f200000, 0x000000076f400000, 0x000000076f400000|100%| E|CS|TAMS 0x000000076f200000| PB 0x000000076f200000| Complete 
| 890|0x000000076f400000, 0x000000076f600000, 0x000000076f600000|100%| E|CS|TAMS 0x000000076f400000| PB 0x000000076f400000| Complete 
| 891|0x000000076f600000, 0x000000076f800000, 0x000000076f800000|100%| E|CS|TAMS 0x000000076f600000| PB 0x000000076f600000| Complete 
| 892|0x000000076f800000, 0x000000076fa00000, 0x000000076fa00000|100%| E|CS|TAMS 0x000000076f800000| PB 0x000000076f800000| Complete 
| 893|0x000000076fa00000, 0x000000076fc00000, 0x000000076fc00000|100%| E|CS|TAMS 0x000000076fa00000| PB 0x000000076fa00000| Complete 
| 894|0x000000076fc00000, 0x000000076fe00000, 0x000000076fe00000|100%| E|CS|TAMS 0x000000076fc00000| PB 0x000000076fc00000| Complete 
| 895|0x000000076fe00000, 0x0000000770000000, 0x0000000770000000|100%| E|CS|TAMS 0x000000076fe00000| PB 0x000000076fe00000| Complete 
| 896|0x0000000770000000, 0x0000000770200000, 0x0000000770200000|100%| E|CS|TAMS 0x0000000770000000| PB 0x0000000770000000| Complete 
| 897|0x0000000770200000, 0x0000000770400000, 0x0000000770400000|100%| E|CS|TAMS 0x0000000770200000| PB 0x0000000770200000| Complete 
| 898|0x0000000770400000, 0x0000000770600000, 0x0000000770600000|100%| E|CS|TAMS 0x0000000770400000| PB 0x0000000770400000| Complete 
| 899|0x0000000770600000, 0x0000000770800000, 0x0000000770800000|100%| E|CS|TAMS 0x0000000770600000| PB 0x0000000770600000| Complete 
| 900|0x0000000770800000, 0x0000000770a00000, 0x0000000770a00000|100%| E|CS|TAMS 0x0000000770800000| PB 0x0000000770800000| Complete 
| 901|0x0000000770a00000, 0x0000000770c00000, 0x0000000770c00000|100%| E|CS|TAMS 0x0000000770a00000| PB 0x0000000770a00000| Complete 
| 902|0x0000000770c00000, 0x0000000770e00000, 0x0000000770e00000|100%| E|CS|TAMS 0x0000000770c00000| PB 0x0000000770c00000| Complete 
| 903|0x0000000770e00000, 0x0000000771000000, 0x0000000771000000|100%| E|CS|TAMS 0x0000000770e00000| PB 0x0000000770e00000| Complete 
| 904|0x0000000771000000, 0x0000000771200000, 0x0000000771200000|100%| E|CS|TAMS 0x0000000771000000| PB 0x0000000771000000| Complete 
| 905|0x0000000771200000, 0x0000000771400000, 0x0000000771400000|100%| E|CS|TAMS 0x0000000771200000| PB 0x0000000771200000| Complete 
| 906|0x0000000771400000, 0x0000000771600000, 0x0000000771600000|100%| E|CS|TAMS 0x0000000771400000| PB 0x0000000771400000| Complete 
| 907|0x0000000771600000, 0x0000000771800000, 0x0000000771800000|100%| E|CS|TAMS 0x0000000771600000| PB 0x0000000771600000| Complete 
| 908|0x0000000771800000, 0x0000000771a00000, 0x0000000771a00000|100%| E|CS|TAMS 0x0000000771800000| PB 0x0000000771800000| Complete 
| 909|0x0000000771a00000, 0x0000000771c00000, 0x0000000771c00000|100%| E|CS|TAMS 0x0000000771a00000| PB 0x0000000771a00000| Complete 
| 910|0x0000000771c00000, 0x0000000771e00000, 0x0000000771e00000|100%| E|CS|TAMS 0x0000000771c00000| PB 0x0000000771c00000| Complete 
| 911|0x0000000771e00000, 0x0000000772000000, 0x0000000772000000|100%| E|CS|TAMS 0x0000000771e00000| PB 0x0000000771e00000| Complete 
| 912|0x0000000772000000, 0x0000000772200000, 0x0000000772200000|100%| E|CS|TAMS 0x0000000772000000| PB 0x0000000772000000| Complete 
| 913|0x0000000772200000, 0x0000000772400000, 0x0000000772400000|100%| E|CS|TAMS 0x0000000772200000| PB 0x0000000772200000| Complete 
| 914|0x0000000772400000, 0x0000000772600000, 0x0000000772600000|100%| E|CS|TAMS 0x0000000772400000| PB 0x0000000772400000| Complete 
| 915|0x0000000772600000, 0x0000000772800000, 0x0000000772800000|100%| E|CS|TAMS 0x0000000772600000| PB 0x0000000772600000| Complete 
| 916|0x0000000772800000, 0x0000000772a00000, 0x0000000772a00000|100%| E|CS|TAMS 0x0000000772800000| PB 0x0000000772800000| Complete 
| 917|0x0000000772a00000, 0x0000000772c00000, 0x0000000772c00000|100%| E|CS|TAMS 0x0000000772a00000| PB 0x0000000772a00000| Complete 
| 918|0x0000000772c00000, 0x0000000772e00000, 0x0000000772e00000|100%| E|CS|TAMS 0x0000000772c00000| PB 0x0000000772c00000| Complete 
| 919|0x0000000772e00000, 0x0000000773000000, 0x0000000773000000|100%| E|CS|TAMS 0x0000000772e00000| PB 0x0000000772e00000| Complete 
| 920|0x0000000773000000, 0x0000000773200000, 0x0000000773200000|100%| E|CS|TAMS 0x0000000773000000| PB 0x0000000773000000| Complete 
| 921|0x0000000773200000, 0x0000000773400000, 0x0000000773400000|100%| E|CS|TAMS 0x0000000773200000| PB 0x0000000773200000| Complete 
| 922|0x0000000773400000, 0x0000000773600000, 0x0000000773600000|100%| E|CS|TAMS 0x0000000773400000| PB 0x0000000773400000| Complete 
| 923|0x0000000773600000, 0x0000000773800000, 0x0000000773800000|100%| E|CS|TAMS 0x0000000773600000| PB 0x0000000773600000| Complete 
| 924|0x0000000773800000, 0x0000000773a00000, 0x0000000773a00000|100%| E|CS|TAMS 0x0000000773800000| PB 0x0000000773800000| Complete 
| 925|0x0000000773a00000, 0x0000000773c00000, 0x0000000773c00000|100%| E|CS|TAMS 0x0000000773a00000| PB 0x0000000773a00000| Complete 
| 926|0x0000000773c00000, 0x0000000773e00000, 0x0000000773e00000|100%| E|CS|TAMS 0x0000000773c00000| PB 0x0000000773c00000| Complete 
| 927|0x0000000773e00000, 0x0000000774000000, 0x0000000774000000|100%| E|CS|TAMS 0x0000000773e00000| PB 0x0000000773e00000| Complete 
| 928|0x0000000774000000, 0x0000000774200000, 0x0000000774200000|100%| E|CS|TAMS 0x0000000774000000| PB 0x0000000774000000| Complete 
| 929|0x0000000774200000, 0x0000000774400000, 0x0000000774400000|100%| E|CS|TAMS 0x0000000774200000| PB 0x0000000774200000| Complete 
| 930|0x0000000774400000, 0x00000007745ffff8, 0x0000000774600000| 99%| E|CS|TAMS 0x0000000774400000| PB 0x0000000774400000| Complete 
| 931|0x0000000774600000, 0x0000000774800000, 0x0000000774800000|100%| E|CS|TAMS 0x0000000774600000| PB 0x0000000774600000| Complete 
| 932|0x0000000774800000, 0x0000000774a00000, 0x0000000774a00000|100%| E|CS|TAMS 0x0000000774800000| PB 0x0000000774800000| Complete 
| 933|0x0000000774a00000, 0x0000000774c00000, 0x0000000774c00000|100%| E|CS|TAMS 0x0000000774a00000| PB 0x0000000774a00000| Complete 
| 934|0x0000000774c00000, 0x0000000774e00000, 0x0000000774e00000|100%| E|CS|TAMS 0x0000000774c00000| PB 0x0000000774c00000| Complete 
| 935|0x0000000774e00000, 0x0000000775000000, 0x0000000775000000|100%| E|CS|TAMS 0x0000000774e00000| PB 0x0000000774e00000| Complete 
| 936|0x0000000775000000, 0x0000000775200000, 0x0000000775200000|100%| E|CS|TAMS 0x0000000775000000| PB 0x0000000775000000| Complete 
| 937|0x0000000775200000, 0x0000000775400000, 0x0000000775400000|100%| E|CS|TAMS 0x0000000775200000| PB 0x0000000775200000| Complete 
| 938|0x0000000775400000, 0x0000000775600000, 0x0000000775600000|100%| E|CS|TAMS 0x0000000775400000| PB 0x0000000775400000| Complete 
| 939|0x0000000775600000, 0x0000000775800000, 0x0000000775800000|100%| E|CS|TAMS 0x0000000775600000| PB 0x0000000775600000| Complete 
| 940|0x0000000775800000, 0x0000000775a00000, 0x0000000775a00000|100%| E|CS|TAMS 0x0000000775800000| PB 0x0000000775800000| Complete 
| 941|0x0000000775a00000, 0x0000000775c00000, 0x0000000775c00000|100%| E|CS|TAMS 0x0000000775a00000| PB 0x0000000775a00000| Complete 
| 942|0x0000000775c00000, 0x0000000775e00000, 0x0000000775e00000|100%| E|CS|TAMS 0x0000000775c00000| PB 0x0000000775c00000| Complete 
| 943|0x0000000775e00000, 0x0000000776000000, 0x0000000776000000|100%| E|CS|TAMS 0x0000000775e00000| PB 0x0000000775e00000| Complete 
| 944|0x0000000776000000, 0x0000000776200000, 0x0000000776200000|100%| E|CS|TAMS 0x0000000776000000| PB 0x0000000776000000| Complete 
| 945|0x0000000776200000, 0x0000000776400000, 0x0000000776400000|100%| E|CS|TAMS 0x0000000776200000| PB 0x0000000776200000| Complete 
| 946|0x0000000776400000, 0x0000000776600000, 0x0000000776600000|100%| E|CS|TAMS 0x0000000776400000| PB 0x0000000776400000| Complete 
| 947|0x0000000776600000, 0x0000000776800000, 0x0000000776800000|100%| E|CS|TAMS 0x0000000776600000| PB 0x0000000776600000| Complete 
| 948|0x0000000776800000, 0x0000000776a00000, 0x0000000776a00000|100%| E|CS|TAMS 0x0000000776800000| PB 0x0000000776800000| Complete 
| 949|0x0000000776a00000, 0x0000000776c00000, 0x0000000776c00000|100%| E|CS|TAMS 0x0000000776a00000| PB 0x0000000776a00000| Complete 
| 950|0x0000000776c00000, 0x0000000776e00000, 0x0000000776e00000|100%| E|CS|TAMS 0x0000000776c00000| PB 0x0000000776c00000| Complete 
| 951|0x0000000776e00000, 0x0000000777000000, 0x0000000777000000|100%| E|CS|TAMS 0x0000000776e00000| PB 0x0000000776e00000| Complete 
| 952|0x0000000777000000, 0x0000000777200000, 0x0000000777200000|100%| E|CS|TAMS 0x0000000777000000| PB 0x0000000777000000| Complete 
| 953|0x0000000777200000, 0x0000000777400000, 0x0000000777400000|100%| E|CS|TAMS 0x0000000777200000| PB 0x0000000777200000| Complete 
| 954|0x0000000777400000, 0x0000000777600000, 0x0000000777600000|100%| E|CS|TAMS 0x0000000777400000| PB 0x0000000777400000| Complete 
| 955|0x0000000777600000, 0x0000000777800000, 0x0000000777800000|100%| E|CS|TAMS 0x0000000777600000| PB 0x0000000777600000| Complete 
| 956|0x0000000777800000, 0x0000000777a00000, 0x0000000777a00000|100%| E|CS|TAMS 0x0000000777800000| PB 0x0000000777800000| Complete 
| 957|0x0000000777a00000, 0x0000000777c00000, 0x0000000777c00000|100%| E|CS|TAMS 0x0000000777a00000| PB 0x0000000777a00000| Complete 
| 958|0x0000000777c00000, 0x0000000777e00000, 0x0000000777e00000|100%| E|CS|TAMS 0x0000000777c00000| PB 0x0000000777c00000| Complete 
| 959|0x0000000777e00000, 0x0000000778000000, 0x0000000778000000|100%| E|CS|TAMS 0x0000000777e00000| PB 0x0000000777e00000| Complete 
| 960|0x0000000778000000, 0x0000000778200000, 0x0000000778200000|100%| E|CS|TAMS 0x0000000778000000| PB 0x0000000778000000| Complete 
| 961|0x0000000778200000, 0x0000000778400000, 0x0000000778400000|100%| E|CS|TAMS 0x0000000778200000| PB 0x0000000778200000| Complete 
| 962|0x0000000778400000, 0x0000000778600000, 0x0000000778600000|100%| E|CS|TAMS 0x0000000778400000| PB 0x0000000778400000| Complete 
| 963|0x0000000778600000, 0x0000000778800000, 0x0000000778800000|100%| E|CS|TAMS 0x0000000778600000| PB 0x0000000778600000| Complete 
| 964|0x0000000778800000, 0x0000000778a00000, 0x0000000778a00000|100%| E|CS|TAMS 0x0000000778800000| PB 0x0000000778800000| Complete 
| 965|0x0000000778a00000, 0x0000000778c00000, 0x0000000778c00000|100%| E|CS|TAMS 0x0000000778a00000| PB 0x0000000778a00000| Complete 
| 966|0x0000000778c00000, 0x0000000778e00000, 0x0000000778e00000|100%| E|CS|TAMS 0x0000000778c00000| PB 0x0000000778c00000| Complete 
| 967|0x0000000778e00000, 0x0000000779000000, 0x0000000779000000|100%| E|CS|TAMS 0x0000000778e00000| PB 0x0000000778e00000| Complete 
| 968|0x0000000779000000, 0x0000000779200000, 0x0000000779200000|100%| E|CS|TAMS 0x0000000779000000| PB 0x0000000779000000| Complete 
| 969|0x0000000779200000, 0x0000000779400000, 0x0000000779400000|100%| E|CS|TAMS 0x0000000779200000| PB 0x0000000779200000| Complete 
| 970|0x0000000779400000, 0x0000000779600000, 0x0000000779600000|100%| E|CS|TAMS 0x0000000779400000| PB 0x0000000779400000| Complete 
| 971|0x0000000779600000, 0x0000000779800000, 0x0000000779800000|100%| E|CS|TAMS 0x0000000779600000| PB 0x0000000779600000| Complete 
| 972|0x0000000779800000, 0x0000000779a00000, 0x0000000779a00000|100%| E|CS|TAMS 0x0000000779800000| PB 0x0000000779800000| Complete 
| 973|0x0000000779a00000, 0x0000000779c00000, 0x0000000779c00000|100%| E|CS|TAMS 0x0000000779a00000| PB 0x0000000779a00000| Complete 
| 974|0x0000000779c00000, 0x0000000779e00000, 0x0000000779e00000|100%| E|CS|TAMS 0x0000000779c00000| PB 0x0000000779c00000| Complete 
| 975|0x0000000779e00000, 0x000000077a000000, 0x000000077a000000|100%| E|CS|TAMS 0x0000000779e00000| PB 0x0000000779e00000| Complete 
| 976|0x000000077a000000, 0x000000077a200000, 0x000000077a200000|100%| E|CS|TAMS 0x000000077a000000| PB 0x000000077a000000| Complete 
| 977|0x000000077a200000, 0x000000077a400000, 0x000000077a400000|100%| E|CS|TAMS 0x000000077a200000| PB 0x000000077a200000| Complete 
| 978|0x000000077a400000, 0x000000077a600000, 0x000000077a600000|100%| E|CS|TAMS 0x000000077a400000| PB 0x000000077a400000| Complete 
| 979|0x000000077a600000, 0x000000077a800000, 0x000000077a800000|100%| E|CS|TAMS 0x000000077a600000| PB 0x000000077a600000| Complete 
| 980|0x000000077a800000, 0x000000077aa00000, 0x000000077aa00000|100%| E|CS|TAMS 0x000000077a800000| PB 0x000000077a800000| Complete 
| 981|0x000000077aa00000, 0x000000077ac00000, 0x000000077ac00000|100%| E|CS|TAMS 0x000000077aa00000| PB 0x000000077aa00000| Complete 
| 982|0x000000077ac00000, 0x000000077ae00000, 0x000000077ae00000|100%| E|CS|TAMS 0x000000077ac00000| PB 0x000000077ac00000| Complete 
| 983|0x000000077ae00000, 0x000000077b000000, 0x000000077b000000|100%| E|CS|TAMS 0x000000077ae00000| PB 0x000000077ae00000| Complete 
| 984|0x000000077b000000, 0x000000077b200000, 0x000000077b200000|100%| E|CS|TAMS 0x000000077b000000| PB 0x000000077b000000| Complete 
| 985|0x000000077b200000, 0x000000077b400000, 0x000000077b400000|100%| E|CS|TAMS 0x000000077b200000| PB 0x000000077b200000| Complete 
| 986|0x000000077b400000, 0x000000077b600000, 0x000000077b600000|100%| E|CS|TAMS 0x000000077b400000| PB 0x000000077b400000| Complete 
| 987|0x000000077b600000, 0x000000077b800000, 0x000000077b800000|100%| E|CS|TAMS 0x000000077b600000| PB 0x000000077b600000| Complete 
| 988|0x000000077b800000, 0x000000077ba00000, 0x000000077ba00000|100%| E|CS|TAMS 0x000000077b800000| PB 0x000000077b800000| Complete 
| 989|0x000000077ba00000, 0x000000077bc00000, 0x000000077bc00000|100%| E|CS|TAMS 0x000000077ba00000| PB 0x000000077ba00000| Complete 
| 990|0x000000077bc00000, 0x000000077be00000, 0x000000077be00000|100%| E|CS|TAMS 0x000000077bc00000| PB 0x000000077bc00000| Complete 
| 991|0x000000077be00000, 0x000000077c000000, 0x000000077c000000|100%| E|CS|TAMS 0x000000077be00000| PB 0x000000077be00000| Complete 
| 992|0x000000077c000000, 0x000000077c200000, 0x000000077c200000|100%| E|CS|TAMS 0x000000077c000000| PB 0x000000077c000000| Complete 
| 993|0x000000077c200000, 0x000000077c400000, 0x000000077c400000|100%| E|CS|TAMS 0x000000077c200000| PB 0x000000077c200000| Complete 
| 994|0x000000077c400000, 0x000000077c600000, 0x000000077c600000|100%| E|CS|TAMS 0x000000077c400000| PB 0x000000077c400000| Complete 
| 995|0x000000077c600000, 0x000000077c800000, 0x000000077c800000|100%| E|CS|TAMS 0x000000077c600000| PB 0x000000077c600000| Complete 
| 996|0x000000077c800000, 0x000000077ca00000, 0x000000077ca00000|100%| E|CS|TAMS 0x000000077c800000| PB 0x000000077c800000| Complete 
| 997|0x000000077ca00000, 0x000000077cc00000, 0x000000077cc00000|100%| E|CS|TAMS 0x000000077ca00000| PB 0x000000077ca00000| Complete 
| 998|0x000000077cc00000, 0x000000077ce00000, 0x000000077ce00000|100%| E|CS|TAMS 0x000000077cc00000| PB 0x000000077cc00000| Complete 
| 999|0x000000077ce00000, 0x000000077d000000, 0x000000077d000000|100%| E|CS|TAMS 0x000000077ce00000| PB 0x000000077ce00000| Complete 
|1000|0x000000077d000000, 0x000000077d200000, 0x000000077d200000|100%| E|CS|TAMS 0x000000077d000000| PB 0x000000077d000000| Complete 
|1001|0x000000077d200000, 0x000000077d400000, 0x000000077d400000|100%| E|CS|TAMS 0x000000077d200000| PB 0x000000077d200000| Complete 
|1002|0x000000077d400000, 0x000000077d600000, 0x000000077d600000|100%| E|CS|TAMS 0x000000077d400000| PB 0x000000077d400000| Complete 
|1003|0x000000077d600000, 0x000000077d800000, 0x000000077d800000|100%| E|CS|TAMS 0x000000077d600000| PB 0x000000077d600000| Complete 
|1004|0x000000077d800000, 0x000000077da00000, 0x000000077da00000|100%| E|CS|TAMS 0x000000077d800000| PB 0x000000077d800000| Complete 
|1005|0x000000077da00000, 0x000000077dc00000, 0x000000077dc00000|100%| E|CS|TAMS 0x000000077da00000| PB 0x000000077da00000| Complete 
|1006|0x000000077dc00000, 0x000000077de00000, 0x000000077de00000|100%| E|CS|TAMS 0x000000077dc00000| PB 0x000000077dc00000| Complete 
|1007|0x000000077de00000, 0x000000077e000000, 0x000000077e000000|100%| E|CS|TAMS 0x000000077de00000| PB 0x000000077de00000| Complete 
|1008|0x000000077e000000, 0x000000077e200000, 0x000000077e200000|100%| E|CS|TAMS 0x000000077e000000| PB 0x000000077e000000| Complete 
|1009|0x000000077e200000, 0x000000077e400000, 0x000000077e400000|100%| E|CS|TAMS 0x000000077e200000| PB 0x000000077e200000| Complete 
|1010|0x000000077e400000, 0x000000077e600000, 0x000000077e600000|100%| E|CS|TAMS 0x000000077e400000| PB 0x000000077e400000| Complete 
|1011|0x000000077e600000, 0x000000077e800000, 0x000000077e800000|100%| E|CS|TAMS 0x000000077e600000| PB 0x000000077e600000| Complete 
|1012|0x000000077e800000, 0x000000077ea00000, 0x000000077ea00000|100%| E|CS|TAMS 0x000000077e800000| PB 0x000000077e800000| Complete 
|1013|0x000000077ea00000, 0x000000077ec00000, 0x000000077ec00000|100%| E|CS|TAMS 0x000000077ea00000| PB 0x000000077ea00000| Complete 
|1014|0x000000077ec00000, 0x000000077ee00000, 0x000000077ee00000|100%| E|CS|TAMS 0x000000077ec00000| PB 0x000000077ec00000| Complete 
|1015|0x000000077ee00000, 0x000000077f000000, 0x000000077f000000|100%| E|CS|TAMS 0x000000077ee00000| PB 0x000000077ee00000| Complete 
|1016|0x000000077f000000, 0x000000077f200000, 0x000000077f200000|100%| E|CS|TAMS 0x000000077f000000| PB 0x000000077f000000| Complete 
|1017|0x000000077f200000, 0x000000077f400000, 0x000000077f400000|100%| E|CS|TAMS 0x000000077f200000| PB 0x000000077f200000| Complete 
|1018|0x000000077f400000, 0x000000077f600000, 0x000000077f600000|100%| E|CS|TAMS 0x000000077f400000| PB 0x000000077f400000| Complete 
|1019|0x000000077f600000, 0x000000077f800000, 0x000000077f800000|100%| E|CS|TAMS 0x000000077f600000| PB 0x000000077f600000| Complete 
|1020|0x000000077f800000, 0x000000077fa00000, 0x000000077fa00000|100%| E|CS|TAMS 0x000000077f800000| PB 0x000000077f800000| Complete 
|1021|0x000000077fa00000, 0x000000077fc00000, 0x000000077fc00000|100%| E|CS|TAMS 0x000000077fa00000| PB 0x000000077fa00000| Complete 
|1022|0x000000077fc00000, 0x000000077fe00000, 0x000000077fe00000|100%| E|CS|TAMS 0x000000077fc00000| PB 0x000000077fc00000| Complete 
|1023|0x000000077fe00000, 0x0000000780000000, 0x0000000780000000|100%| E|CS|TAMS 0x000000077fe00000| PB 0x000000077fe00000| Complete 
|1024|0x0000000780000000, 0x0000000780200000, 0x0000000780200000|100%| E|CS|TAMS 0x0000000780000000| PB 0x0000000780000000| Complete 
|1025|0x0000000780200000, 0x0000000780400000, 0x0000000780400000|100%| E|CS|TAMS 0x0000000780200000| PB 0x0000000780200000| Complete 
|1026|0x0000000780400000, 0x0000000780600000, 0x0000000780600000|100%| E|CS|TAMS 0x0000000780400000| PB 0x0000000780400000| Complete 
|1027|0x0000000780600000, 0x0000000780800000, 0x0000000780800000|100%| E|CS|TAMS 0x0000000780600000| PB 0x0000000780600000| Complete 
|1028|0x0000000780800000, 0x0000000780a00000, 0x0000000780a00000|100%| E|CS|TAMS 0x0000000780800000| PB 0x0000000780800000| Complete 
|1029|0x0000000780a00000, 0x0000000780c00000, 0x0000000780c00000|100%| E|CS|TAMS 0x0000000780a00000| PB 0x0000000780a00000| Complete 
|1030|0x0000000780c00000, 0x0000000780e00000, 0x0000000780e00000|100%| E|CS|TAMS 0x0000000780c00000| PB 0x0000000780c00000| Complete 
|1031|0x0000000780e00000, 0x0000000781000000, 0x0000000781000000|100%| E|CS|TAMS 0x0000000780e00000| PB 0x0000000780e00000| Complete 
|1032|0x0000000781000000, 0x0000000781200000, 0x0000000781200000|100%| E|CS|TAMS 0x0000000781000000| PB 0x0000000781000000| Complete 
|1033|0x0000000781200000, 0x0000000781400000, 0x0000000781400000|100%| E|CS|TAMS 0x0000000781200000| PB 0x0000000781200000| Complete 
|1034|0x0000000781400000, 0x0000000781600000, 0x0000000781600000|100%| E|CS|TAMS 0x0000000781400000| PB 0x0000000781400000| Complete 
|1035|0x0000000781600000, 0x0000000781800000, 0x0000000781800000|100%| E|CS|TAMS 0x0000000781600000| PB 0x0000000781600000| Complete 
|1036|0x0000000781800000, 0x0000000781a00000, 0x0000000781a00000|100%| E|CS|TAMS 0x0000000781800000| PB 0x0000000781800000| Complete 
|1037|0x0000000781a00000, 0x0000000781c00000, 0x0000000781c00000|100%| E|CS|TAMS 0x0000000781a00000| PB 0x0000000781a00000| Complete 
|1038|0x0000000781c00000, 0x0000000781e00000, 0x0000000781e00000|100%| E|CS|TAMS 0x0000000781c00000| PB 0x0000000781c00000| Complete 
|1039|0x0000000781e00000, 0x0000000782000000, 0x0000000782000000|100%| E|CS|TAMS 0x0000000781e00000| PB 0x0000000781e00000| Complete 
|1040|0x0000000782000000, 0x0000000782200000, 0x0000000782200000|100%| E|CS|TAMS 0x0000000782000000| PB 0x0000000782000000| Complete 
|1041|0x0000000782200000, 0x0000000782400000, 0x0000000782400000|100%| E|CS|TAMS 0x0000000782200000| PB 0x0000000782200000| Complete 
|1042|0x0000000782400000, 0x0000000782600000, 0x0000000782600000|100%| E|CS|TAMS 0x0000000782400000| PB 0x0000000782400000| Complete 
|1043|0x0000000782600000, 0x0000000782800000, 0x0000000782800000|100%| E|CS|TAMS 0x0000000782600000| PB 0x0000000782600000| Complete 
|1044|0x0000000782800000, 0x0000000782a00000, 0x0000000782a00000|100%| E|CS|TAMS 0x0000000782800000| PB 0x0000000782800000| Complete 
|1045|0x0000000782a00000, 0x0000000782c00000, 0x0000000782c00000|100%| E|CS|TAMS 0x0000000782a00000| PB 0x0000000782a00000| Complete 
|1046|0x0000000782c00000, 0x0000000782e00000, 0x0000000782e00000|100%| E|CS|TAMS 0x0000000782c00000| PB 0x0000000782c00000| Complete 
|1047|0x0000000782e00000, 0x0000000783000000, 0x0000000783000000|100%| E|CS|TAMS 0x0000000782e00000| PB 0x0000000782e00000| Complete 
|1048|0x0000000783000000, 0x0000000783200000, 0x0000000783200000|100%| E|CS|TAMS 0x0000000783000000| PB 0x0000000783000000| Complete 
|1049|0x0000000783200000, 0x0000000783400000, 0x0000000783400000|100%| E|CS|TAMS 0x0000000783200000| PB 0x0000000783200000| Complete 
|1050|0x0000000783400000, 0x0000000783600000, 0x0000000783600000|100%| E|CS|TAMS 0x0000000783400000| PB 0x0000000783400000| Complete 
|1051|0x0000000783600000, 0x0000000783800000, 0x0000000783800000|100%| E|CS|TAMS 0x0000000783600000| PB 0x0000000783600000| Complete 
|1052|0x0000000783800000, 0x0000000783a00000, 0x0000000783a00000|100%| E|CS|TAMS 0x0000000783800000| PB 0x0000000783800000| Complete 
|1053|0x0000000783a00000, 0x0000000783c00000, 0x0000000783c00000|100%| E|CS|TAMS 0x0000000783a00000| PB 0x0000000783a00000| Complete 
|1054|0x0000000783c00000, 0x0000000783e00000, 0x0000000783e00000|100%| E|CS|TAMS 0x0000000783c00000| PB 0x0000000783c00000| Complete 
|1055|0x0000000783e00000, 0x0000000784000000, 0x0000000784000000|100%| E|CS|TAMS 0x0000000783e00000| PB 0x0000000783e00000| Complete 
|1056|0x0000000784000000, 0x0000000784200000, 0x0000000784200000|100%| E|CS|TAMS 0x0000000784000000| PB 0x0000000784000000| Complete 
|1057|0x0000000784200000, 0x0000000784400000, 0x0000000784400000|100%| E|CS|TAMS 0x0000000784200000| PB 0x0000000784200000| Complete 
|1058|0x0000000784400000, 0x0000000784600000, 0x0000000784600000|100%| E|CS|TAMS 0x0000000784400000| PB 0x0000000784400000| Complete 
|1059|0x0000000784600000, 0x0000000784800000, 0x0000000784800000|100%| E|CS|TAMS 0x0000000784600000| PB 0x0000000784600000| Complete 
|1060|0x0000000784800000, 0x0000000784a00000, 0x0000000784a00000|100%| E|CS|TAMS 0x0000000784800000| PB 0x0000000784800000| Complete 
|1061|0x0000000784a00000, 0x0000000784c00000, 0x0000000784c00000|100%| E|CS|TAMS 0x0000000784a00000| PB 0x0000000784a00000| Complete 
|1062|0x0000000784c00000, 0x0000000784e00000, 0x0000000784e00000|100%| E|CS|TAMS 0x0000000784c00000| PB 0x0000000784c00000| Complete 
|1063|0x0000000784e00000, 0x0000000785000000, 0x0000000785000000|100%| E|CS|TAMS 0x0000000784e00000| PB 0x0000000784e00000| Complete 
|1064|0x0000000785000000, 0x0000000785200000, 0x0000000785200000|100%| E|CS|TAMS 0x0000000785000000| PB 0x0000000785000000| Complete 
|1065|0x0000000785200000, 0x0000000785400000, 0x0000000785400000|100%| E|CS|TAMS 0x0000000785200000| PB 0x0000000785200000| Complete 
|1066|0x0000000785400000, 0x0000000785600000, 0x0000000785600000|100%| E|CS|TAMS 0x0000000785400000| PB 0x0000000785400000| Complete 
|1067|0x0000000785600000, 0x0000000785800000, 0x0000000785800000|100%| E|CS|TAMS 0x0000000785600000| PB 0x0000000785600000| Complete 
|1068|0x0000000785800000, 0x0000000785a00000, 0x0000000785a00000|100%| E|CS|TAMS 0x0000000785800000| PB 0x0000000785800000| Complete 
|1069|0x0000000785a00000, 0x0000000785c00000, 0x0000000785c00000|100%| E|CS|TAMS 0x0000000785a00000| PB 0x0000000785a00000| Complete 
|1070|0x0000000785c00000, 0x0000000785e00000, 0x0000000785e00000|100%| E|CS|TAMS 0x0000000785c00000| PB 0x0000000785c00000| Complete 
|1071|0x0000000785e00000, 0x0000000786000000, 0x0000000786000000|100%| E|CS|TAMS 0x0000000785e00000| PB 0x0000000785e00000| Complete 
|1072|0x0000000786000000, 0x0000000786200000, 0x0000000786200000|100%| E|CS|TAMS 0x0000000786000000| PB 0x0000000786000000| Complete 
|2039|0x00000007fee00000, 0x00000007ff000000, 0x00000007ff000000|100%| E|CS|TAMS 0x00000007fee00000| PB 0x00000007fee00000| Complete 
|2040|0x00000007ff000000, 0x00000007ff200000, 0x00000007ff200000|100%| E|CS|TAMS 0x00000007ff000000| PB 0x00000007ff000000| Complete 
|2041|0x00000007ff200000, 0x00000007ff400000, 0x00000007ff400000|100%| E|CS|TAMS 0x00000007ff200000| PB 0x00000007ff200000| Complete 
|2042|0x00000007ff400000, 0x00000007ff600000, 0x00000007ff600000|100%| E|CS|TAMS 0x00000007ff400000| PB 0x00000007ff400000| Complete 
|2043|0x00000007ff600000, 0x00000007ff800000, 0x00000007ff800000|100%| E|CS|TAMS 0x00000007ff600000| PB 0x00000007ff600000| Complete 
|2044|0x00000007ff800000, 0x00000007ffa00000, 0x00000007ffa00000|100%| E|CS|TAMS 0x00000007ff800000| PB 0x00000007ff800000| Complete 
|2045|0x00000007ffa00000, 0x00000007ffc00000, 0x00000007ffc00000|100%| E|CS|TAMS 0x00000007ffa00000| PB 0x00000007ffa00000| Complete 
|2046|0x00000007ffc00000, 0x00000007ffe00000, 0x00000007ffe00000|100%| E|CS|TAMS 0x00000007ffc00000| PB 0x00000007ffc00000| Complete 
|2047|0x00000007ffe00000, 0x0000000800000000, 0x0000000800000000|100%| E|CS|TAMS 0x00000007ffe00000| PB 0x00000007ffe00000| Complete 

Card table byte_map: [0x000001e300f70000,0x000001e301770000] _byte_map_base: 0x000001e2fd770000

Marking Bits: (CMBitMap*) 0x000001e36dd5a910
 Bits: [0x000001e301770000, 0x000001e305770000)

Polling page: 0x000001e36bb60000

Metaspace:

Usage:
  Non-class:    237.79 MB used.
      Class:     33.76 MB used.
       Both:    271.55 MB used.

Virtual space:
  Non-class space:      256.00 MB reserved,     239.62 MB ( 94%) committed,  4 nodes.
      Class space:        1.00 GB reserved,      35.38 MB (  3%) committed,  1 nodes.
             Both:        1.25 GB reserved,     275.00 MB ( 21%) committed. 

Chunk freelists:
   Non-Class:  15.61 MB
       Class:  12.44 MB
        Both:  28.05 MB

MaxMetaspaceSize: 2.00 GB
CompressedClassSpaceSize: 1.00 GB
Initial GC threshold: 21.00 MB
Current GC threshold: 447.31 MB
CDS: off
 - commit_granule_bytes: 65536.
 - commit_granule_words: 8192.
 - virtual_space_node_default_size: 8388608.
 - enlarge_chunks_in_place: 1.
 - use_allocation_guard: 0.


Internal statistics:

num_allocs_failed_limit: 12.
num_arena_births: 6698.
num_arena_deaths: 334.
num_vsnodes_births: 5.
num_vsnodes_deaths: 0.
num_space_committed: 4417.
num_space_uncommitted: 12.
num_chunks_returned_to_freelist: 797.
num_chunks_taken_from_freelist: 18934.
num_chunk_merges: 181.
num_chunk_splits: 12739.
num_chunks_enlarged: 8849.
num_inconsistent_stats: 0.

CodeHeap 'non-profiled nmethods': size=119168Kb used=25726Kb max_used=32850Kb free=93441Kb
 bounds [0x000001e3789e0000, 0x000001e37aa20000, 0x000001e37fe40000]
CodeHeap 'profiled nmethods': size=119104Kb used=33889Kb max_used=61798Kb free=85215Kb
 bounds [0x000001e370e40000, 0x000001e374aa0000, 0x000001e378290000]
CodeHeap 'non-nmethods': size=7488Kb used=3947Kb max_used=5182Kb free=3540Kb
 bounds [0x000001e378290000, 0x000001e3787d0000, 0x000001e3789e0000]
CodeCache: size=245760Kb, used=63562Kb, max_used=99830Kb, free=182196Kb
 total_blobs=17770, nmethods=16403, adapters=1265, full_count=0
Compilation: enabled, stopped_count=0, restarted_count=0

Compilation events (20 events):
Event: 455.663 Thread 0x000001e30896e850 84991       1       org.gradle.execution.plan.CompositeNodeGroup::getFinalizerGroups (5 bytes)
Event: 455.663 Thread 0x000001e30896e850 nmethod 84991 0x000001e378f3e110 code [0x000001e378f3e2a0, 0x000001e378f3e370]
Event: 455.664 Thread 0x000001e330654070 84992       4       org.gradle.execution.plan.DefaultFinalizedExecutionPlan$$Lambda/0x000000080164f440::accept (16 bytes)
Event: 455.664 Thread 0x000001e30896dc80 nmethod 84974 0x000001e379ad9690 code [0x000001e379ad9880, 0x000001e379ada030]
Event: 455.664 Thread 0x000001e30896e850 84993       3       com.google.common.collect.Iterables::concat (7 bytes)
Event: 455.664 Thread 0x000001e30896e850 nmethod 84993 0x000001e372200b90 code [0x000001e372200d80, 0x000001e372201428]
Event: 455.665 Thread 0x000001e324965cd0 nmethod 84986 0x000001e372d99510 code [0x000001e372d999c0, 0x000001e372d9b960]
Event: 455.665 Thread 0x000001e30896e850 84994       3       com.google.common.collect.FluentIterable::concat (20 bytes)
Event: 455.665 Thread 0x000001e324965cd0 84995       3       org.gradle.execution.plan.TaskNode::getHardSuccessors (16 bytes)
Event: 455.665 Thread 0x000001e30896e850 nmethod 84994 0x000001e371e3cb10 code [0x000001e371e3cce0, 0x000001e371e3d330]
Event: 455.665 Thread 0x000001e324965cd0 nmethod 84995 0x000001e37165db90 code [0x000001e37165ddc0, 0x000001e37165e878]
Event: 455.666 Thread 0x000001e3306532d0 nmethod 84973 0x000001e378bfcf10 code [0x000001e378bfd100, 0x000001e378bfd958]
Event: 455.667 Thread 0x000001e3306539a0 nmethod 84965 0x000001e37947e110 code [0x000001e37947e420, 0x000001e37947ee70]
Event: 455.669 Thread 0x000001e30896e850 84996       3       org.gradle.api.internal.file.DefaultFileTreeElement::open (8 bytes)
Event: 455.670 Thread 0x000001e30896e850 nmethod 84996 0x000001e37246b490 code [0x000001e37246b640, 0x000001e37246b780]
Event: 455.673 Thread 0x000001e330654070 nmethod 84992 0x000001e379279a90 code [0x000001e379279cc0, 0x000001e37927a430]
Event: 455.685 Thread 0x000001e3306532d0 84997       4       org.gradle.internal.operations.BuildOperationState::setRunning (9 bytes)
Event: 455.686 Thread 0x000001e3306532d0 nmethod 84997 0x000001e378f4c510 code [0x000001e378f4c6a0, 0x000001e378f4c758]
Event: 455.702 Thread 0x000001e30896dc80 84998       4       java.util.concurrent.atomic.AtomicReference::<init> (5 bytes)
Event: 455.703 Thread 0x000001e30896dc80 nmethod 84998 0x000001e378f4e290 code [0x000001e378f4e420, 0x000001e378f4e4a8]

GC Heap History (20 events):
Event: 439.768 GC heap before
{Heap before GC invocations=362 (full 0):
 garbage-first heap   total 2215936K, used 2053872K [0x0000000700000000, 0x0000000800000000)
  region size 2048K, 391 young (800768K), 20 survivors (40960K)
 Metaspace       used 270823K, committed 274304K, reserved 1310720K
  class space    used 33835K, committed 35456K, reserved 1048576K
}
Event: 439.786 GC heap after
{Heap after GC invocations=363 (full 0):
 garbage-first heap   total 2215936K, used 1297732K [0x0000000700000000, 0x0000000800000000)
  region size 2048K, 23 young (47104K), 23 survivors (47104K)
 Metaspace       used 270823K, committed 274304K, reserved 1310720K
  class space    used 33835K, committed 35456K, reserved 1048576K
}
Event: 442.114 GC heap before
{Heap before GC invocations=363 (full 0):
 garbage-first heap   total 2215936K, used 2053444K [0x0000000700000000, 0x0000000800000000)
  region size 2048K, 393 young (804864K), 23 survivors (47104K)
 Metaspace       used 270843K, committed 274304K, reserved 1310720K
  class space    used 33836K, committed 35456K, reserved 1048576K
}
Event: 442.132 GC heap after
{Heap after GC invocations=364 (full 0):
 garbage-first heap   total 2215936K, used 1282263K [0x0000000700000000, 0x0000000800000000)
  region size 2048K, 27 young (55296K), 27 survivors (55296K)
 Metaspace       used 270843K, committed 274304K, reserved 1310720K
  class space    used 33836K, committed 35456K, reserved 1048576K
}
Event: 443.485 GC heap before
{Heap before GC invocations=364 (full 0):
 garbage-first heap   total 2215936K, used 1673431K [0x0000000700000000, 0x0000000800000000)
  region size 2048K, 220 young (450560K), 27 survivors (55296K)
 Metaspace       used 270843K, committed 274304K, reserved 1310720K
  class space    used 33836K, committed 35456K, reserved 1048576K
}
Event: 443.501 GC heap after
{Heap after GC invocations=365 (full 0):
 garbage-first heap   total 2215936K, used 1283287K [0x0000000700000000, 0x0000000800000000)
  region size 2048K, 28 young (57344K), 28 survivors (57344K)
 Metaspace       used 270843K, committed 274304K, reserved 1310720K
  class space    used 33836K, committed 35456K, reserved 1048576K
}
Event: 445.018 GC heap before
{Heap before GC invocations=366 (full 0):
 garbage-first heap   total 2215936K, used 2045143K [0x0000000700000000, 0x0000000800000000)
  region size 2048K, 399 young (817152K), 28 survivors (57344K)
 Metaspace       used 270843K, committed 274304K, reserved 1310720K
  class space    used 33836K, committed 35456K, reserved 1048576K
}
Event: 445.031 GC heap after
{Heap after GC invocations=367 (full 0):
 garbage-first heap   total 2215936K, used 1262687K [0x0000000700000000, 0x0000000800000000)
  region size 2048K, 15 young (30720K), 15 survivors (30720K)
 Metaspace       used 270843K, committed 274304K, reserved 1310720K
  class space    used 33836K, committed 35456K, reserved 1048576K
}
Event: 446.720 GC heap before
{Heap before GC invocations=367 (full 0):
 garbage-first heap   total 2215936K, used 2073695K [0x0000000700000000, 0x0000000800000000)
  region size 2048K, 409 young (837632K), 15 survivors (30720K)
 Metaspace       used 271235K, committed 274816K, reserved 1310720K
  class space    used 33862K, committed 35520K, reserved 1048576K
}
Event: 446.737 GC heap after
{Heap after GC invocations=368 (full 0):
 garbage-first heap   total 2215936K, used 1263504K [0x0000000700000000, 0x0000000800000000)
  region size 2048K, 23 young (47104K), 23 survivors (47104K)
 Metaspace       used 271235K, committed 274816K, reserved 1310720K
  class space    used 33862K, committed 35520K, reserved 1048576K
}
Event: 448.235 GC heap before
{Heap before GC invocations=368 (full 0):
 garbage-first heap   total 2215936K, used 2051984K [0x0000000700000000, 0x0000000800000000)
  region size 2048K, 409 young (837632K), 23 survivors (47104K)
 Metaspace       used 271261K, committed 274816K, reserved 1310720K
  class space    used 33862K, committed 35520K, reserved 1048576K
}
Event: 448.248 GC heap after
{Heap after GC invocations=369 (full 0):
 garbage-first heap   total 2215936K, used 1257716K [0x0000000700000000, 0x0000000800000000)
  region size 2048K, 21 young (43008K), 21 survivors (43008K)
 Metaspace       used 271261K, committed 274816K, reserved 1310720K
  class space    used 33862K, committed 35520K, reserved 1048576K
}
Event: 450.007 GC heap before
{Heap before GC invocations=370 (full 0):
 garbage-first heap   total 2215936K, used 2056436K [0x0000000700000000, 0x0000000800000000)
  region size 2048K, 412 young (843776K), 21 survivors (43008K)
 Metaspace       used 271261K, committed 274816K, reserved 1310720K
  class space    used 33862K, committed 35520K, reserved 1048576K
}
Event: 450.023 GC heap after
{Heap after GC invocations=371 (full 0):
 garbage-first heap   total 2215936K, used 1265336K [0x0000000700000000, 0x0000000800000000)
  region size 2048K, 26 young (53248K), 26 survivors (53248K)
 Metaspace       used 271261K, committed 274816K, reserved 1310720K
  class space    used 33862K, committed 35520K, reserved 1048576K
}
Event: 451.381 GC heap before
{Heap before GC invocations=371 (full 0):
 garbage-first heap   total 2215936K, used 2047672K [0x0000000700000000, 0x0000000800000000)
  region size 2048K, 408 young (835584K), 26 survivors (53248K)
 Metaspace       used 271261K, committed 274816K, reserved 1310720K
  class space    used 33862K, committed 35520K, reserved 1048576K
}
Event: 451.401 GC heap after
{Heap after GC invocations=372 (full 0):
 garbage-first heap   total 2215936K, used 1261970K [0x0000000700000000, 0x0000000800000000)
  region size 2048K, 30 young (61440K), 30 survivors (61440K)
 Metaspace       used 271261K, committed 274816K, reserved 1310720K
  class space    used 33862K, committed 35520K, reserved 1048576K
}
Event: 452.535 GC heap before
{Heap before GC invocations=372 (full 0):
 garbage-first heap   total 2215936K, used 2040210K [0x0000000700000000, 0x0000000800000000)
  region size 2048K, 410 young (839680K), 30 survivors (61440K)
 Metaspace       used 271261K, committed 274816K, reserved 1310720K
  class space    used 33862K, committed 35520K, reserved 1048576K
}
Event: 452.552 GC heap after
{Heap after GC invocations=373 (full 0):
 garbage-first heap   total 2215936K, used 1266716K [0x0000000700000000, 0x0000000800000000)
  region size 2048K, 30 young (61440K), 30 survivors (61440K)
 Metaspace       used 271261K, committed 274816K, reserved 1310720K
  class space    used 33862K, committed 35520K, reserved 1048576K
}
Event: 454.086 GC heap before
{Heap before GC invocations=374 (full 0):
 garbage-first heap   total 2215936K, used 2036764K [0x0000000700000000, 0x0000000800000000)
  region size 2048K, 407 young (833536K), 30 survivors (61440K)
 Metaspace       used 271261K, committed 274816K, reserved 1310720K
  class space    used 33862K, committed 35520K, reserved 1048576K
}
Event: 454.103 GC heap after
{Heap after GC invocations=375 (full 0):
 garbage-first heap   total 2215936K, used 1270196K [0x0000000700000000, 0x0000000800000000)
  region size 2048K, 28 young (57344K), 28 survivors (57344K)
 Metaspace       used 271261K, committed 274816K, reserved 1310720K
  class space    used 33862K, committed 35520K, reserved 1048576K
}

Dll operation events (3 events):
Event: 0.009 Loaded shared library C:\Program Files\Android\Android Studio\jbr\bin\java.dll
Event: 0.013 Loaded shared library C:\Program Files\Android\Android Studio\jbr\bin\zip.dll
Event: 0.454 Loaded shared library C:\Program Files\Android\Android Studio\jbr\bin\verify.dll

Deoptimization events (20 events):
Event: 455.654 Thread 0x000001e3236ec770 Uncommon trap: trap_request=0xffffff45 fr.pc=0x000001e379fdb400 relative=0x0000000000000060
Event: 455.654 Thread 0x000001e3236ec770 Uncommon trap: reason=unstable_if action=reinterpret pc=0x000001e379fdb400 method=sun.nio.fs.WindowsPath.toAbsolutePath()Lsun/nio/fs/WindowsPath; @ 4 c2
Event: 455.654 Thread 0x000001e3236ec770 DEOPT PACKING pc=0x000001e379fdb400 sp=0x0000008b85ffbae0
Event: 455.654 Thread 0x000001e3236ec770 DEOPT UNPACKING pc=0x000001e3782e46a2 sp=0x0000008b85ffba10 mode 2
Event: 455.659 Thread 0x000001e312a7ef60 Uncommon trap: trap_request=0xffffff45 fr.pc=0x000001e37a6ea734 relative=0x0000000000000b34
Event: 455.659 Thread 0x000001e312a7ef60 Uncommon trap: reason=unstable_if action=reinterpret pc=0x000001e37a6ea734 method=org.gradle.execution.plan.edges.DependencySuccessorsOnlyNodeSet.getState(Lorg/gradle/execution/plan/Node;)Lorg/gradle/execution/plan/Node$DependenciesState; @ 21 c2
Event: 455.659 Thread 0x000001e312a7ef60 DEOPT PACKING pc=0x000001e37a6ea734 sp=0x0000008bfcffeaf0
Event: 455.659 Thread 0x000001e312a7ef60 DEOPT UNPACKING pc=0x000001e3782e46a2 sp=0x0000008bfcffead0 mode 2
Event: 455.659 Thread 0x000001e312a7ef60 Uncommon trap: trap_request=0xffffff45 fr.pc=0x000001e378b9a5f0 relative=0x00000000000000d0
Event: 455.659 Thread 0x000001e312a7ef60 Uncommon trap: reason=unstable_if action=reinterpret pc=0x000001e378b9a5f0 method=org.gradle.execution.plan.Node.doCheckDependenciesComplete()Lorg/gradle/execution/plan/Node$DependenciesState; @ 22 c2
Event: 455.659 Thread 0x000001e312a7ef60 DEOPT PACKING pc=0x000001e378b9a5f0 sp=0x0000008bfcffeb70
Event: 455.659 Thread 0x000001e312a7ef60 DEOPT UNPACKING pc=0x000001e3782e46a2 sp=0x0000008bfcffeaf8 mode 2
Event: 455.661 Thread 0x000001e312a7ef60 Uncommon trap: trap_request=0xffffff45 fr.pc=0x000001e3795c95a4 relative=0x0000000000000084
Event: 455.661 Thread 0x000001e312a7ef60 Uncommon trap: reason=unstable_if action=reinterpret pc=0x000001e3795c95a4 method=org.gradle.execution.plan.Node.isComplete()Z @ 7 c2
Event: 455.661 Thread 0x000001e312a7ef60 DEOPT PACKING pc=0x000001e3795c95a4 sp=0x0000008bfcffebe0
Event: 455.661 Thread 0x000001e312a7ef60 DEOPT UNPACKING pc=0x000001e3782e46a2 sp=0x0000008bfcffeb68 mode 2
Event: 455.664 Thread 0x000001e312a7ef60 Uncommon trap: trap_request=0xffffff45 fr.pc=0x000001e378c2d78c relative=0x000000000000006c
Event: 455.664 Thread 0x000001e312a7ef60 Uncommon trap: reason=unstable_if action=reinterpret pc=0x000001e378c2d78c method=org.gradle.execution.plan.Node.allDependenciesSuccessful()Z @ 7 c2
Event: 455.664 Thread 0x000001e312a7ef60 DEOPT PACKING pc=0x000001e378c2d78c sp=0x0000008bfcffe950
Event: 455.664 Thread 0x000001e312a7ef60 DEOPT UNPACKING pc=0x000001e3782e46a2 sp=0x0000008bfcffe8d8 mode 2

Classes loaded (20 events):
Event: 454.978 Loading class javax/management/InstanceNotFoundException
Event: 454.979 Loading class javax/management/InstanceNotFoundException done
Event: 454.997 Loading class sun/reflect/misc/MethodUtil
Event: 454.998 Loading class sun/reflect/misc/MethodUtil done
Event: 454.998 Loading class sun/reflect/misc/MethodUtil$1
Event: 454.998 Loading class sun/reflect/misc/MethodUtil$1 done
Event: 455.172 Loading class java/util/stream/ReferencePipeline$15
Event: 455.172 Loading class java/util/stream/ReferencePipeline$15 done
Event: 455.173 Loading class java/util/stream/ReferencePipeline$15$1
Event: 455.177 Loading class java/util/stream/ReferencePipeline$15$1 done
Event: 455.179 Loading class java/util/jar/JarInputStream
Event: 455.180 Loading class java/util/jar/JarInputStream done
Event: 455.238 Loading class java/util/TreeMap$AscendingSubMap
Event: 455.238 Loading class java/util/TreeMap$AscendingSubMap done
Event: 455.238 Loading class java/util/TreeMap$NavigableSubMap$SubMapKeyIterator
Event: 455.239 Loading class java/util/TreeMap$NavigableSubMap$SubMapKeyIterator done
Event: 455.655 Loading class java/lang/Throwable$WrappedPrintWriter
Event: 455.655 Loading class java/lang/Throwable$PrintStreamOrWriter
Event: 455.655 Loading class java/lang/Throwable$PrintStreamOrWriter done
Event: 455.655 Loading class java/lang/Throwable$WrappedPrintWriter done

Classes unloaded (20 events):
Event: 414.477 Thread 0x000001e3088d98e0 Unloading class 0x000000080221b478 'jdk/internal/jimage/ImageHeader'
Event: 414.477 Thread 0x000001e3088d98e0 Unloading class 0x000000080221b210 'jdk/internal/jimage/BasicImageReader$2'
Event: 414.477 Thread 0x000001e3088d98e0 Unloading class 0x000000080221afa8 'jdk/internal/jimage/BasicImageReader$1'
Event: 414.477 Thread 0x000001e3088d98e0 Unloading class 0x000000080221ad08 'jdk/internal/jimage/ImageReader$Resource'
Event: 414.477 Thread 0x000001e3088d98e0 Unloading class 0x000000080221aa68 'jdk/internal/jimage/ImageReader$LinkNode'
Event: 414.477 Thread 0x000001e3088d98e0 Unloading class 0x000000080221a7c8 'jdk/internal/jimage/ImageReader$Directory'
Event: 414.477 Thread 0x000001e3088d98e0 Unloading class 0x000000080221a528 'jdk/internal/jimage/ImageReader$Node'
Event: 414.477 Thread 0x000001e3088d98e0 Unloading class 0x000000080221a2f8 'jdk/internal/jimage/ImageStrings'
Event: 414.477 Thread 0x000001e3088d98e0 Unloading class 0x000000080221a000 'jdk/internal/jimage/ImageReader$SharedImageReader'
Event: 414.477 Thread 0x000001e3088d98e0 Unloading class 0x0000000802219be0 'jdk/internal/jimage/BasicImageReader'
Event: 414.477 Thread 0x000001e3088d98e0 Unloading class 0x0000000802219988 'jdk/internal/jimage/ImageReader'
Event: 414.477 Thread 0x000001e3088d98e0 Unloading class 0x0000000802219728 'jdk/internal/jrtfs/SystemImage$2'
Event: 414.477 Thread 0x000001e3088d98e0 Unloading class 0x00000008022194d8 'jdk/internal/jrtfs/SystemImage$$Lambda+0x00000008022194d8'
Event: 414.477 Thread 0x000001e3088d98e0 Unloading class 0x0000000802219270 'jdk/internal/jrtfs/ExplodedImage'
Event: 414.477 Thread 0x000001e3088d98e0 Unloading class 0x0000000802219000 'jdk/internal/jrtfs/SystemImage$1'
Event: 414.477 Thread 0x000001e3088d98e0 Unloading class 0x0000000802218ca0 'jdk/internal/jrtfs/SystemImage'
Event: 414.477 Thread 0x000001e3088d98e0 Unloading class 0x0000000802218a08 'jdk/internal/jrtfs/JrtFileStore'
Event: 414.477 Thread 0x000001e3088d98e0 Unloading class 0x0000000802218658 'jdk/internal/jrtfs/JrtPath'
Event: 414.477 Thread 0x000001e3088d98e0 Unloading class 0x0000000802218328 'jdk/internal/jrtfs/JrtFileSystem'
Event: 414.477 Thread 0x000001e3088d98e0 Unloading class 0x0000000802218000 'jdk/internal/jrtfs/JrtFileSystemProvider'

Classes redefined (0 events):
No events

Internal exceptions (20 events):
Event: 455.483 Thread 0x000001e30f54b210 Exception <a 'sun/nio/fs/WindowsException'{0x000000075c5c68e8}> (0x000000075c5c68e8) 
thrown [s\src\hotspot\share\prims\jni.cpp, line 537]
Event: 455.489 Thread 0x000001e3159e7d70 Exception <a 'sun/nio/fs/WindowsException'{0x000000075bfc42d0}> (0x000000075bfc42d0) 
thrown [s\src\hotspot\share\prims\jni.cpp, line 537]
Event: 455.489 Thread 0x000001e3159e7d70 Exception <a 'sun/nio/fs/WindowsException'{0x000000075bfc51e0}> (0x000000075bfc51e0) 
thrown [s\src\hotspot\share\prims\jni.cpp, line 537]
Event: 455.489 Thread 0x000001e3159e7d70 Exception <a 'sun/nio/fs/WindowsException'{0x000000075bfc5338}> (0x000000075bfc5338) 
thrown [s\src\hotspot\share\prims\jni.cpp, line 537]
Event: 455.490 Thread 0x000001e3159e7d70 Exception <a 'sun/nio/fs/WindowsException'{0x000000075bfca498}> (0x000000075bfca498) 
thrown [s\src\hotspot\share\prims\jni.cpp, line 537]
Event: 455.490 Thread 0x000001e3159e7d70 Exception <a 'sun/nio/fs/WindowsException'{0x000000075bfca620}> (0x000000075bfca620) 
thrown [s\src\hotspot\share\prims\jni.cpp, line 537]
Event: 455.493 Thread 0x000001e30f54bf30 Exception <a 'sun/nio/fs/WindowsException'{0x000000075c366ea0}> (0x000000075c366ea0) 
thrown [s\src\hotspot\share\prims\jni.cpp, line 537]
Event: 455.496 Thread 0x000001e30f54bf30 Exception <a 'sun/nio/fs/WindowsException'{0x000000075c367dc0}> (0x000000075c367dc0) 
thrown [s\src\hotspot\share\prims\jni.cpp, line 537]
Event: 455.496 Thread 0x000001e30f54bf30 Exception <a 'sun/nio/fs/WindowsException'{0x000000075c367f28}> (0x000000075c367f28) 
thrown [s\src\hotspot\share\prims\jni.cpp, line 537]
Event: 455.497 Thread 0x000001e30f54bf30 Exception <a 'sun/nio/fs/WindowsException'{0x000000075c36d0b0}> (0x000000075c36d0b0) 
thrown [s\src\hotspot\share\prims\jni.cpp, line 537]
Event: 455.497 Thread 0x000001e30f54bf30 Exception <a 'sun/nio/fs/WindowsException'{0x000000075c36d248}> (0x000000075c36d248) 
thrown [s\src\hotspot\share\prims\jni.cpp, line 537]
Event: 455.627 Thread 0x000001e312a7ef60 Exception <a 'sun/nio/fs/WindowsException'{0x0000000758ec6538}> (0x0000000758ec6538) 
thrown [s\src\hotspot\share\prims\jni.cpp, line 537]
Event: 455.627 Thread 0x000001e312a7ef60 Exception <a 'sun/nio/fs/WindowsException'{0x0000000758ec7470}> (0x0000000758ec7470) 
thrown [s\src\hotspot\share\prims\jni.cpp, line 537]
Event: 455.627 Thread 0x000001e312a7ef60 Exception <a 'sun/nio/fs/WindowsException'{0x0000000758ec75f0}> (0x0000000758ec75f0) 
thrown [s\src\hotspot\share\prims\jni.cpp, line 537]
Event: 455.627 Thread 0x000001e312a7ef60 Exception <a 'sun/nio/fs/WindowsException'{0x0000000758ec8740}> (0x0000000758ec8740) 
thrown [s\src\hotspot\share\prims\jni.cpp, line 537]
Event: 455.627 Thread 0x000001e312a7ef60 Exception <a 'sun/nio/fs/WindowsException'{0x0000000758ec9688}> (0x0000000758ec9688) 
thrown [s\src\hotspot\share\prims\jni.cpp, line 537]
Event: 455.627 Thread 0x000001e312a7ef60 Exception <a 'sun/nio/fs/WindowsException'{0x0000000758ec9818}> (0x0000000758ec9818) 
thrown [s\src\hotspot\share\prims\jni.cpp, line 537]
Event: 455.637 Thread 0x000001e312a7ef60 Exception <a 'sun/nio/fs/WindowsException'{0x0000000758c37dc0}> (0x0000000758c37dc0) 
thrown [s\src\hotspot\share\prims\jni.cpp, line 537]
Event: 455.643 Thread 0x000001e312a7ef60 Exception <a 'java/lang/OutOfMemoryError'{0x0000000758c4fe18}> (0x0000000758c4fe18) 
thrown [s\src\hotspot\share\prims\jni.cpp, line 572]
Event: 455.654 Thread 0x000001e3236ec770 Exception <a 'sun/nio/fs/WindowsException'{0x0000000758a645a0}> (0x0000000758a645a0) 
thrown [s\src\hotspot\share\prims\jni.cpp, line 537]

ZGC Phase Switch (0 events):
No events

VM Operations (20 events):
Event: 452.535 Executing VM operation: G1CollectForAllocation (G1 Evacuation Pause)
Event: 452.535 Executing VM operation: G1CollectForAllocation (G1 Evacuation Pause) done
Event: 452.535 Executing VM operation: G1CollectForAllocation (GCLocker Initiated GC)
Event: 452.552 Executing VM operation: G1CollectForAllocation (GCLocker Initiated GC) done
Event: 453.551 Executing VM operation: G1PauseRemark
Event: 453.567 Executing VM operation: G1PauseRemark done
Event: 453.907 Executing VM operation: G1PauseCleanup
Event: 453.907 Executing VM operation: G1PauseCleanup done
Event: 454.086 Executing VM operation: G1CollectForAllocation (G1 Evacuation Pause)
Event: 454.086 Executing VM operation: G1CollectForAllocation (G1 Evacuation Pause) done
Event: 454.086 Executing VM operation: G1CollectForAllocation (GCLocker Initiated GC)
Event: 454.103 Executing VM operation: G1CollectForAllocation (GCLocker Initiated GC) done
Event: 454.705 Executing VM operation: HandshakeAllThreads (Deoptimize)
Event: 454.706 Executing VM operation: HandshakeAllThreads (Deoptimize) done
Event: 455.081 Executing VM operation: ICBufferFull
Event: 455.081 Executing VM operation: ICBufferFull done
Event: 455.191 Executing VM operation: HandshakeAllThreads (Deoptimize)
Event: 455.192 Executing VM operation: HandshakeAllThreads (Deoptimize) done
Event: 455.649 Executing VM operation: HandshakeAllThreads (Deoptimize)
Event: 455.650 Executing VM operation: HandshakeAllThreads (Deoptimize) done

Memory protections (0 events):
No events

Nmethod flushes (20 events):
Event: 453.563 Thread 0x000001e3088d98e0 flushing  nmethod 0x000001e37475e290
Event: 453.563 Thread 0x000001e3088d98e0 flushing  nmethod 0x000001e374760010
Event: 453.563 Thread 0x000001e3088d98e0 flushing  nmethod 0x000001e374761290
Event: 453.563 Thread 0x000001e3088d98e0 flushing  nmethod 0x000001e3747f5d90
Event: 453.563 Thread 0x000001e3088d98e0 flushing  nmethod 0x000001e3747f6410
Event: 453.563 Thread 0x000001e3088d98e0 flushing  nmethod 0x000001e3747f7490
Event: 453.563 Thread 0x000001e3088d98e0 flushing  nmethod 0x000001e3747f8410
Event: 453.563 Thread 0x000001e3088d98e0 flushing  nmethod 0x000001e3748e3c10
Event: 453.563 Thread 0x000001e3088d98e0 flushing  nmethod 0x000001e3748f0590
Event: 453.563 Thread 0x000001e3088d98e0 flushing  nmethod 0x000001e3749ef290
Event: 453.563 Thread 0x000001e3088d98e0 flushing  nmethod 0x000001e3749fa790
Event: 453.563 Thread 0x000001e3088d98e0 flushing  nmethod 0x000001e3745ddf90
Event: 453.563 Thread 0x000001e3088d98e0 flushing  nmethod 0x000001e3745f3d10
Event: 453.563 Thread 0x000001e3088d98e0 flushing  nmethod 0x000001e37482b110
Event: 453.563 Thread 0x000001e3088d98e0 flushing  nmethod 0x000001e37482bb90
Event: 453.563 Thread 0x000001e3088d98e0 flushing  nmethod 0x000001e37482cb10
Event: 453.563 Thread 0x000001e3088d98e0 flushing  nmethod 0x000001e37482d290
Event: 453.563 Thread 0x000001e3088d98e0 flushing  nmethod 0x000001e374957310
Event: 453.563 Thread 0x000001e3088d98e0 flushing  nmethod 0x000001e374a23d10
Event: 453.563 Thread 0x000001e3088d98e0 flushing  nmethod 0x000001e374a30410

Events (20 events):
Event: 445.940 Thread 0x000001e30896e850 Thread added: 0x000001e32d93c010
Event: 445.953 Thread 0x000001e30896e850 Thread added: 0x000001e32d93e220
Event: 446.378 Thread 0x000001e30896e850 Thread added: 0x000001e32ffadb40
Event: 446.389 Thread 0x000001e30896e850 Thread added: 0x000001e32ffae210
Event: 446.390 Thread 0x000001e30896e850 Thread added: 0x000001e32ffae8e0
Event: 446.672 Thread 0x000001e32ffae210 Thread added: 0x000001e331c97a90
Event: 446.741 Thread 0x000001e314376300 Thread exited: 0x000001e314376300
Event: 446.909 Thread 0x000001e331c97a90 Thread exited: 0x000001e331c97a90
Event: 447.032 Thread 0x000001e32d93e220 Thread exited: 0x000001e32d93e220
Event: 447.076 Thread 0x000001e32d93c010 Thread exited: 0x000001e32d93c010
Event: 448.248 Thread 0x000001e32ffae8e0 Thread exited: 0x000001e32ffae8e0
Event: 448.248 Thread 0x000001e32ffae210 Thread exited: 0x000001e32ffae210
Event: 448.477 Thread 0x000001e32ffadb40 Thread exited: 0x000001e32ffadb40
Event: 453.619 Thread 0x000001e30896e850 Thread added: 0x000001e330654070
Event: 453.620 Thread 0x000001e30896e850 Thread added: 0x000001e330654740
Event: 454.040 Thread 0x000001e330654740 Thread exited: 0x000001e330654740
Event: 454.811 Thread 0x000001e30896e850 Thread added: 0x000001e31412b4d0
Event: 454.836 Thread 0x000001e30896e850 Thread added: 0x000001e3306532d0
Event: 454.837 Thread 0x000001e30896e850 Thread added: 0x000001e3306539a0
Event: 455.364 Thread 0x000001e330654070 Thread added: 0x000001e324965cd0


Dynamic libraries:
0x00007ff618120000 - 0x00007ff61812a000 	C:\Program Files\Android\Android Studio\jbr\bin\java.exe
0x00007ffcec180000 - 0x00007ffcec3e7000 	C:\WINDOWS\SYSTEM32\ntdll.dll
0x00007ffceb340000 - 0x00007ffceb409000 	C:\WINDOWS\System32\KERNEL32.DLL
0x00007ffce8c80000 - 0x00007ffce9074000 	C:\WINDOWS\System32\KERNELBASE.dll
0x00007ffce99b0000 - 0x00007ffce9afb000 	C:\WINDOWS\System32\ucrtbase.dll
0x00007ffc88700000 - 0x00007ffc88718000 	C:\Program Files\Android\Android Studio\jbr\bin\jli.dll
0x00007ffc86420000 - 0x00007ffc8643b000 	C:\Program Files\Android\Android Studio\jbr\bin\VCRUNTIME140.dll
0x00007ffceaaa0000 - 0x00007ffceac65000 	C:\WINDOWS\System32\USER32.dll
0x00007ffce9080000 - 0x00007ffce90a7000 	C:\WINDOWS\System32\win32u.dll
0x00007ffce7c50000 - 0x00007ffce7ee3000 	C:\WINDOWS\WinSxS\amd64_microsoft.windows.common-controls_6595b64144ccf1df_6.0.26100.8115_none_3e075c82e3354f9c\COMCTL32.dll
0x00007ffcebb60000 - 0x00007ffcebb8b000 	C:\WINDOWS\System32\GDI32.dll
0x00007ffcea9f0000 - 0x00007ffceaa99000 	C:\WINDOWS\System32\msvcrt.dll
0x00007ffce9b00000 - 0x00007ffce9c2b000 	C:\WINDOWS\System32\gdi32full.dll
0x00007ffce9c30000 - 0x00007ffce9cd3000 	C:\WINDOWS\System32\msvcp_win.dll
0x00007ffceb600000 - 0x00007ffceb632000 	C:\WINDOWS\System32\IMM32.DLL
0x00007ffcc8ff0000 - 0x00007ffcc8ffc000 	C:\Program Files\Android\Android Studio\jbr\bin\vcruntime140_1.dll
0x00007ffc55480000 - 0x00007ffc5550d000 	C:\Program Files\Android\Android Studio\jbr\bin\msvcp140.dll
0x00007ffbeb820000 - 0x00007ffbec4b6000 	C:\Program Files\Android\Android Studio\jbr\bin\server\jvm.dll
0x00007ffceacc0000 - 0x00007ffcead76000 	C:\WINDOWS\System32\ADVAPI32.dll
0x00007ffcebab0000 - 0x00007ffcebb57000 	C:\WINDOWS\System32\sechost.dll
0x00007ffcebc90000 - 0x00007ffcebda8000 	C:\WINDOWS\System32\RPCRT4.dll
0x00007ffce9f10000 - 0x00007ffce9f90000 	C:\WINDOWS\System32\WS2_32.dll
0x00007ffce88b0000 - 0x00007ffce890e000 	C:\WINDOWS\SYSTEM32\POWRPROF.dll
0x00007ffcdb6a0000 - 0x00007ffcdb6d6000 	C:\WINDOWS\SYSTEM32\WINMM.dll
0x00007ffce2370000 - 0x00007ffce237b000 	C:\WINDOWS\SYSTEM32\VERSION.dll
0x00007ffce8890000 - 0x00007ffce88a4000 	C:\WINDOWS\SYSTEM32\UMPDC.dll
0x00007ffce6eb0000 - 0x00007ffce6ecb000 	C:\WINDOWS\SYSTEM32\kernel.appcore.dll
0x00007ffcc31f0000 - 0x00007ffcc31fa000 	C:\Program Files\Android\Android Studio\jbr\bin\jimage.dll
0x00007ffce8200000 - 0x00007ffce8442000 	C:\WINDOWS\SYSTEM32\DBGHELP.DLL
0x00007ffcebdb0000 - 0x00007ffcec132000 	C:\WINDOWS\System32\combase.dll
0x00007ffcea020000 - 0x00007ffcea0f8000 	C:\WINDOWS\System32\OLEAUT32.dll
0x00007ffce80f0000 - 0x00007ffce812b000 	C:\WINDOWS\SYSTEM32\dbgcore.DLL
0x00007ffce9e60000 - 0x00007ffce9f05000 	C:\WINDOWS\System32\bcryptPrimitives.dll
0x00007ffcad740000 - 0x00007ffcad74e000 	C:\Program Files\Android\Android Studio\jbr\bin\instrument.dll
0x00007ffc86400000 - 0x00007ffc86420000 	C:\Program Files\Android\Android Studio\jbr\bin\java.dll
0x00007ffc85b00000 - 0x00007ffc85b18000 	C:\Program Files\Android\Android Studio\jbr\bin\zip.dll
0x00007ffcea280000 - 0x00007ffcea9e7000 	C:\WINDOWS\System32\SHELL32.dll
0x00007ffce8b10000 - 0x00007ffce8c7a000 	C:\WINDOWS\System32\wintypes.dll
0x00007ffce90b0000 - 0x00007ffce9918000 	C:\WINDOWS\System32\windows.storage.dll
0x00007ffceb240000 - 0x00007ffceb338000 	C:\WINDOWS\System32\SHCORE.dll
0x00007ffceb640000 - 0x00007ffceb6a6000 	C:\WINDOWS\System32\shlwapi.dll
0x00007ffce8970000 - 0x00007ffce8999000 	C:\WINDOWS\SYSTEM32\profapi.dll
0x00007ffcb8550000 - 0x00007ffcb8560000 	C:\Program Files\Android\Android Studio\jbr\bin\net.dll
0x00007ffce2450000 - 0x00007ffce257d000 	C:\WINDOWS\SYSTEM32\WINHTTP.dll
0x00007ffce73e0000 - 0x00007ffce744c000 	C:\WINDOWS\system32\mswsock.dll
0x00007ffc854a0000 - 0x00007ffc854b6000 	C:\Program Files\Android\Android Studio\jbr\bin\nio.dll
0x00007ffcae590000 - 0x00007ffcae5a0000 	C:\Program Files\Android\Android Studio\jbr\bin\verify.dll
0x00007ffcabc10000 - 0x00007ffcabc37000 	C:\Users\avipa\.gradle\native\1def1411415f61bf3af743bc5b6707747c0891f09f0c88961ee8f79bc544acac\windows-amd64\native-platform.dll
0x0000000052310000 - 0x0000000052383000 	C:\Users\avipa\.gradle\native\0.2.5\x86_64-windows-gnu\gradle-fileevents.dll
0x00007ffcad8d0000 - 0x00007ffcad8d9000 	C:\Program Files\Android\Android Studio\jbr\bin\management.dll
0x00007ffcad820000 - 0x00007ffcad82b000 	C:\Program Files\Android\Android Studio\jbr\bin\management_ext.dll
0x00007ffcea100000 - 0x00007ffcea108000 	C:\WINDOWS\System32\PSAPI.DLL
0x00007ffce8570000 - 0x00007ffce858b000 	C:\WINDOWS\SYSTEM32\CRYPTSP.dll
0x00007ffce7520000 - 0x00007ffce7559000 	C:\WINDOWS\system32\rsaenh.dll
0x00007ffce7490000 - 0x00007ffce74c3000 	C:\WINDOWS\SYSTEM32\USERENV.dll
0x00007ffce8940000 - 0x00007ffce896a000 	C:\WINDOWS\SYSTEM32\bcrypt.dll
0x00007ffce79b0000 - 0x00007ffce79bc000 	C:\WINDOWS\SYSTEM32\CRYPTBASE.dll
0x00007ffce6960000 - 0x00007ffce6992000 	C:\WINDOWS\SYSTEM32\IPHLPAPI.DLL
0x00007ffceba40000 - 0x00007ffceba4a000 	C:\WINDOWS\System32\NSI.dll
0x00007ffcad780000 - 0x00007ffcad789000 	C:\Program Files\Android\Android Studio\jbr\bin\extnet.dll
0x00007ffc84610000 - 0x00007ffc84618000 	C:\WINDOWS\system32\wshunix.dll
0x0000000052290000 - 0x0000000052303000 	C:\Users\avipa\AppData\Local\Temp\native-platform89495424708772324dir\gradle-fileevents.dll
0x00007ffce69a0000 - 0x00007ffce6ad2000 	C:\WINDOWS\SYSTEM32\DNSAPI.dll
0x00007ffce1270000 - 0x00007ffce127b000 	C:\Windows\System32\rasadhlp.dll
0x00007ffce2bc0000 - 0x00007ffce2c46000 	C:\WINDOWS\System32\fwpuclnt.dll
0x00007ffcc8e00000 - 0x00007ffcc8e18000 	C:\WINDOWS\system32\napinsp.dll
0x00007ffcc8de0000 - 0x00007ffcc8df3000 	C:\WINDOWS\System32\winrnr.dll
0x00007ffcc8db0000 - 0x00007ffcc8dd2000 	C:\WINDOWS\system32\nlansp_c.dll
0x00007ffcc8d90000 - 0x00007ffcc8da6000 	C:\WINDOWS\system32\wshbth.dll
0x00007ffcc3500000 - 0x00007ffcc3507000 	C:\Program Files\Android\Android Studio\jbr\bin\rmi.dll
0x00007ffce81c0000 - 0x00007ffce81f6000 	C:\WINDOWS\SYSTEM32\ntmarta.dll

JVMTI agents:
C:\Users\avipa\.gradle\wrapper\dists\gradle-8.12-all\ejduaidbjup3bmmkhw3rie4zb\gradle-8.12\lib\agents\gradle-instrumentation-agent-8.12.jar path:C:\Program Files\Android\Android Studio\jbr\bin\instrument.dll, loaded, initialized, instrumentlib options:none

dbghelp: loaded successfully - version: 4.0.5 - missing functions: none
symbol engine: initialized successfully - sym options: 0x614 - pdb path: .;C:\Program Files\Android\Android Studio\jbr\bin;C:\WINDOWS\SYSTEM32;C:\WINDOWS\WinSxS\amd64_microsoft.windows.common-controls_6595b64144ccf1df_6.0.26100.8115_none_3e075c82e3354f9c;C:\Program Files\Android\Android Studio\jbr\bin\server;C:\Users\avipa\.gradle\native\1def1411415f61bf3af743bc5b6707747c0891f09f0c88961ee8f79bc544acac\windows-amd64;C:\Users\avipa\.gradle\native\0.2.5\x86_64-windows-gnu;C:\Users\avipa\AppData\Local\Temp\native-platform89495424708772324dir

VM Arguments:
jvm_args: --add-opens=java.base/java.lang=ALL-UNNAMED --add-opens=java.base/java.lang.invoke=ALL-UNNAMED --add-opens=java.base/java.util=ALL-UNNAMED --add-opens=java.prefs/java.util.prefs=ALL-UNNAMED --add-exports=jdk.compiler/com.sun.tools.javac.api=ALL-UNNAMED --add-exports=jdk.compiler/com.sun.tools.javac.util=ALL-UNNAMED --add-opens=java.base/java.util=ALL-UNNAMED --add-opens=java.prefs/java.util.prefs=ALL-UNNAMED --add-opens=java.base/java.nio.charset=ALL-UNNAMED --add-opens=java.base/java.net=ALL-UNNAMED --add-opens=java.base/java.util.concurrent.atomic=ALL-UNNAMED --add-opens=java.xml/javax.xml.namespace=ALL-UNNAMED -XX:MaxMetaspaceSize=2G -XX:+HeapDumpOnOutOfMemoryError -Xmx4G -Dfile.encoding=UTF-8 -Duser.country=IN -Duser.language=en -Duser.variant -javaagent:C:\Users\avipa\.gradle\wrapper\dists\gradle-8.12-all\ejduaidbjup3bmmkhw3rie4zb\gradle-8.12\lib\agents\gradle-instrumentation-agent-8.12.jar 
java_command: org.gradle.launcher.daemon.bootstrap.GradleDaemon 8.12
java_class_path (initial): C:\Users\avipa\.gradle\wrapper\dists\gradle-8.12-all\ejduaidbjup3bmmkhw3rie4zb\gradle-8.12\lib\gradle-daemon-main-8.12.jar
Launcher Type: SUN_STANDARD

[Global flags]
     intx CICompilerCount                          = 12                                        {product} {ergonomic}
     uint ConcGCThreads                            = 3                                         {product} {ergonomic}
     uint G1ConcRefinementThreads                  = 13                                        {product} {ergonomic}
   size_t G1HeapRegionSize                         = 2097152                                   {product} {ergonomic}
    uintx GCDrainStackTargetSize                   = 64                                        {product} {ergonomic}
     bool HeapDumpOnOutOfMemoryError               = true                                   {manageable} {command line}
   size_t InitialHeapSize                          = 266338304                                 {product} {ergonomic}
   size_t MarkStackSize                            = 4194304                                   {product} {ergonomic}
   size_t MaxHeapSize                              = 4294967296                                {product} {command line}
   size_t MaxMetaspaceSize                         = 2147483648                                {product} {command line}
   size_t MaxNewSize                               = 2575302656                                {product} {ergonomic}
   size_t MinHeapDeltaBytes                        = 2097152                                   {product} {ergonomic}
   size_t MinHeapSize                              = 8388608                                   {product} {ergonomic}
    uintx NonNMethodCodeHeapSize                   = 7602480                                {pd product} {ergonomic}
    uintx NonProfiledCodeHeapSize                  = 122027880                              {pd product} {ergonomic}
    uintx ProfiledCodeHeapSize                     = 122027880                              {pd product} {ergonomic}
    uintx ReservedCodeCacheSize                    = 251658240                              {pd product} {ergonomic}
     bool SegmentedCodeCache                       = true                                      {product} {ergonomic}
   size_t SoftMaxHeapSize                          = 4294967296                             {manageable} {ergonomic}
     bool UseCompressedOops                        = true                           {product lp64_product} {ergonomic}
     bool UseG1GC                                  = true                                      {product} {ergonomic}
     bool UseLargePagesIndividualAllocation        = false                                  {pd product} {ergonomic}

Logging:
Log output configuration:
 #0: stdout all=warning uptime,level,tags foldmultilines=false
 #1: stderr all=off uptime,level,tags foldmultilines=false

Environment Variables:
JAVA_HOME=C:\Program Files\Android\Android Studio\jbr
CLASSPATH=C:\Users\avipa\gloup_user\android\\gradle\wrapper\gradle-wrapper.jar
PATH=C:\Program Files\Android\Android Studio\jbr\bin;c:\Users\avipa\AppData\Local\Programs\cursor\resources\app\resources\helpers;C:\Program Files\Microsoft\jdk-17.0.17.10-hotspot\bin;C:\Program Files\Python311\Scripts\;C:\Program Files\Python311\;C:\Python313\Scripts\;C:\Python313\;C:\Program Files\Common Files\Oracle\Java\javapath;C:\Program Files (x86)\Common Files\Oracle\Java\java8path;C:\Program Files (x86)\Common Files\Oracle\Java\javapath;C:\WINDOWS\system32;C:\WINDOWS;C:\WINDOWS\System32\Wbem;C:\WINDOWS\System32\WindowsPowerShell\v1.0\;C:\WINDOWS\System32\OpenSSH\;C:\Program Files (x86)\NVIDIA Corporation\PhysX\Common;C:\Program Files\dotnet\;C:\Program Files\Git\cmd;C:\Program Files\flutter\bin;;C:\Program Files\Docker\Docker\resources\bin;C:\Program Files\nodejs\;C:\ProgramData\chocolatey\bin;C:\Program Files\NVIDIA Corporation\NVIDIA App\NvDLISR;C:\Program Files\cursor\resources\app\bin;C:\Program Files\PuTTY\;C:\Program Files\MySQL\MySQL Shell 8.0\bin\;c:\Users\avipa\AppData\Local\Programs\Trae\bin;C:\Users\avipa\anaconda3;C:\Users\avipa\anaconda3\Library\mingw-w64\bin;C:\Users\avipa\anaconda3\Library\usr\bin;C:\Users\avipa\anaconda3\Library\bin;C:\Users\avipa\anaconda3\Scripts;C:\Users\avipa\AppData\Local\Microsoft\WindowsApps;C:\Users\avipa\AppData\Local\Programs\Microsoft VS Code\bin;C:\Users\avipa\AppData\Roaming\npm;C:\Users\avipa\AppData\Local\Python\bin;C:\Users\avipa\AppData\Local\Programs\Antigravity\bin;C:\Users\avipa\AppData\Local\Programs\cursor\resources\app\bin;C:\Users\avipa\AppData\Local\Programs\Ollama;C:\Users\avipa\.bun\bin;C:\Users\avipa\AppData\Local\Programs\Antigravity IDE\bin;C:\Program Files\flutter\bin\mingit\cmd
USERNAME=avipa
TERM=dumb
OS=Windows_NT
PROCESSOR_IDENTIFIER=AMD64 Family 25 Model 68 Stepping 1, AuthenticAMD
TMP=C:\Users\avipa\AppData\Local\Temp
TEMP=C:\Users\avipa\AppData\Local\Temp




Periodic native trim disabled

JNI global refs:
JNI global refs: 39, weak refs: 0

JNI global refs memory usage: 835, weak refs: 833

Process memory usage:
Resident Set Size: 2906692K (17% of 16591540K total physical memory with 1035400K free physical memory)

OOME stack traces (most recent first):
Classloader memory used:
Loader org.gradle.internal.classloader.VisitableURLClassLoader                         : 129M
Loader org.gradle.internal.classloader.VisitableURLClassLoader$InstrumentingVisitableURLClassLoader: 53183K
Loader bootstrap                                                                       : 41348K
Loader org.gradle.initialization.MixInLegacyTypesClassLoader                           : 17508K
Loader java.net.URLClassLoader                                                         : 15239K
Loader jdk.internal.loader.ClassLoaders$AppClassLoader                                 : 11335K
Loader org.gradle.groovy.scripts.internal.DefaultScriptCompilationHandler$ScriptClassLoader: 2684K
Loader jdk.internal.jrtfs.JrtFileSystemProvider$JrtFsLoader                            : 1543K
Loader jdk.internal.loader.ClassLoaders$PlatformClassLoader                            : 1168K
Loader jdk.internal.reflect.DelegatingClassLoader                                      : 855K
Loader org.gradle.internal.classloader.VisitableURLClassLoader                         : 179K
Loader org.codehaus.groovy.runtime.callsite.CallSiteClassLoader                        : 77152B
Loader sun.reflect.misc.MethodUtil                                                     : 2984B

Classes loaded by more than one classloader:
Class Program                                                                         : loaded 7 times (x 72B)
Class jdk.internal.jimage.ImageLocation                                               : loaded 6 times (x 90B)
Class jdk.internal.jimage.ImageStrings                                                : loaded 6 times (x 70B)
Class jdk.internal.jimage.ImageReader$Directory                                       : loaded 6 times (x 84B)
Class jdk.internal.jrtfs.SystemImage                                                  : loaded 6 times (x 74B)
Class jdk.internal.jimage.ImageReader$SharedImageReader$LocationVisitor               : loaded 6 times (x 70B)
Class jdk.internal.jimage.ImageBufferCache$1                                          : loaded 6 times (x 83B)
Class jdk.internal.jimage.ImageBufferCache$2                                          : loaded 6 times (x 91B)
Class jdk.internal.jrtfs.JrtPath                                                      : loaded 6 times (x 118B)
Class jdk.internal.jimage.ImageBufferCache                                            : loaded 6 times (x 71B)
Class jdk.internal.jrtfs.JrtFileSystem                                                : loaded 6 times (x 102B)
Class jdk.internal.jrtfs.JrtFileAttributes                                            : loaded 6 times (x 83B)
Class jdk.internal.jimage.ImageReader$Resource                                        : loaded 6 times (x 84B)
Class jdk.internal.jimage.ImageHeader                                                 : loaded 6 times (x 71B)
Class jdk.internal.jimage.decompressor.Decompressor                                   : loaded 6 times (x 72B)
Class jdk.internal.jimage.BasicImageReader$1                                          : loaded 6 times (x 77B)
Class jdk.internal.jrtfs.JrtDirectoryStream                                           : loaded 6 times (x 89B)
Class jdk.internal.jimage.ImageReader$Node                                            : loaded 6 times (x 84B)
Class jdk.internal.jrtfs.SystemImage$1                                                : loaded 6 times (x 78B)
Class jdk.internal.jimage.ImageReader$SharedImageReader                               : loaded 6 times (x 95B)
Class jdk.internal.jrtfs.SystemImage$2                                                : loaded 6 times (x 76B)
Class jdk.internal.jrtfs.JrtFileSystemProvider                                        : loaded 6 times (x 101B)
Class jdk.internal.jimage.ImageReader                                                 : loaded 6 times (x 75B)
Class jdk.internal.jrtfs.JrtDirectoryStream$1                                         : loaded 6 times (x 83B)
Class jdk.internal.jimage.BasicImageReader                                            : loaded 6 times (x 95B)
Class jdk.internal.jimage.ImageStringsReader                                          : loaded 6 times (x 80B)
Class jdk.internal.jrtfs.ExplodedImage                                                : loaded 5 times (x 77B)
Class jdk.internal.jimage.BasicImageReader$2                                          : loaded 5 times (x 77B)
Class jdk.internal.jimage.ImageReader$LinkNode                                        : loaded 5 times (x 84B)
Class jdk.internal.jrtfs.JrtFileStore                                                 : loaded 5 times (x 83B)
Class kotlin.UninitializedPropertyAccessException                                     : loaded 4 times (x 82B)
Class kotlin.Pair                                                                     : loaded 4 times (x 72B)
Class kotlin.collections.CollectionsKt__ReversedViewsKt                               : loaded 4 times (x 71B)
Class kotlin.collections.CollectionsKt                                                : loaded 4 times (x 71B)
Class kotlin.collections.CollectionsKt__IteratorsJVMKt                                : loaded 4 times (x 71B)
Class kotlin.sequences.SequencesKt__SequenceBuilderKt                                 : loaded 4 times (x 71B)
Class org.jetbrains.kotlin.name.FqNameUnsafe                                          : loaded 4 times (x 72B)
Class kotlin.sequences.FilteringSequence$iterator$1                                   : loaded 4 times (x 79B)
Class kotlin.enums.EnumEntriesList                                                    : loaded 4 times (x 223B)
Class kotlin.jvm.internal.FunctionBase                                                : loaded 4 times (x 70B)
Class kotlin.reflect.KFunction                                                        : loaded 4 times (x 70B)
Class kotlin.collections.CollectionsKt__CollectionsJVMKt                              : loaded 4 times (x 71B)
Class kotlin.jvm.internal.CollectionToArray                                           : loaded 4 times (x 71B)
Class kotlin.sequences.SequencesKt                                                    : loaded 4 times (x 71B)
Class org.jetbrains.kotlin.cli.common.messages.MessageCollector                       : loaded 4 times (x 70B)
Class kotlin.collections.CollectionsKt__IteratorsKt                                   : loaded 4 times (x 71B)
Class org.jetbrains.kotlin.build.report.metrics.BuildMetricsReporter                  : loaded 4 times (x 70B)
Class org.jetbrains.kotlin.build.report.metrics.GradleBuildTime$Companion             : loaded 4 times (x 71B)
Class org.jetbrains.kotlin.utils.CollectionsKt                                        : loaded 4 times (x 71B)
Class org.jetbrains.kotlin.build.report.metrics.GradleBuildTime                       : loaded 4 times (x 86B)
Class kotlin.LazyKt__LazyJVMKt                                                        : loaded 4 times (x 71B)
Class kotlin.collections.CollectionsKt__MutableCollectionsKt                          : loaded 4 times (x 71B)
Class org.jetbrains.kotlin.config.ApiVersion                                          : loaded 4 times (x 86B)
Class kotlin.Function                                                                 : loaded 4 times (x 70B)
Class kotlin.jvm.internal.FunctionReference                                           : loaded 4 times (x 122B)
Class kotlin.collections.ArraysKt__ArraysKt                                           : loaded 4 times (x 71B)
Class kotlin.collections.ArraysKt___ArraysJvmKt                                       : loaded 4 times (x 71B)
Class kotlin.jvm.internal.CallableReference                                           : loaded 4 times (x 106B)
Class org.jetbrains.kotlin.build.report.metrics.BuildTime                             : loaded 4 times (x 70B)
Class kotlin.jvm.internal.markers.KMappedMarker                                       : loaded 4 times (x 70B)
Class kotlin.enums.EnumEntries                                                        : loaded 4 times (x 70B)
Class org.jetbrains.kotlin.name.FqName                                                : loaded 4 times (x 72B)
Class org.jetbrains.kotlin.build.report.metrics.DoNothingBuildMetricsReporter         : loaded 4 times (x 86B)
Class [Lorg.jetbrains.kotlin.cli.common.CompilerSystemProperties;                     : loaded 4 times (x 69B)
Class org.jetbrains.kotlin.name.ClassId$Companion                                     : loaded 4 times (x 71B)
Class kotlin.reflect.KCallable                                                        : loaded 4 times (x 70B)
Class org.jetbrains.kotlin.name.ClassId                                               : loaded 4 times (x 72B)
Class kotlin.collections.EmptyList                                                    : loaded 4 times (x 174B)
Class org.jetbrains.kotlin.name.Name                                                  : loaded 4 times (x 75B)
Class kotlin.SynchronizedLazyImpl                                                     : loaded 4 times (x 76B)
Class kotlin.collections.MapsKt__MapsJVMKt                                            : loaded 4 times (x 71B)
Class org.jetbrains.kotlin.cli.common.CompilerSystemProperties                        : loaded 4 times (x 80B)
Class kotlin.sequences.SequencesKt__SequencesJVMKt                                    : loaded 4 times (x 71B)
Class kotlin.collections.AbstractList                                                 : loaded 4 times (x 197B)
Class kotlin.collections.AbstractCollection                                           : loaded 4 times (x 117B)
Class kotlin.jvm.KotlinReflectionNotSupportedError                                    : loaded 4 times (x 82B)
Class kotlin.LazyKt__LazyKt                                                           : loaded 4 times (x 71B)
Class kotlin.UNINITIALIZED_VALUE                                                      : loaded 4 times (x 71B)
Class kotlin.NoWhenBranchMatchedException                                             : loaded 4 times (x 82B)
Class kotlin.sequences.SequencesKt__SequencesKt                                       : loaded 4 times (x 71B)
Class kotlin.Lazy                                                                     : loaded 4 times (x 70B)
Class kotlin.sequences.Sequence                                                       : loaded 4 times (x 70B)
Class kotlin.sequences.FilteringSequence                                              : loaded 4 times (x 75B)
Class [Lorg.jetbrains.kotlin.build.report.metrics.GradleBuildTime;                    : loaded 4 times (x 69B)
Class kotlin.collections.CollectionsKt___CollectionsJvmKt                             : loaded 4 times (x 71B)
Class kotlin.TuplesKt                                                                 : loaded 4 times (x 71B)
Class kotlin.sequences.SequencesKt___SequencesJvmKt                                   : loaded 4 times (x 71B)
Class kotlin.jvm.internal.CallableReference$NoReceiver                                : loaded 4 times (x 71B)
Class kotlin.jvm.functions.Function0                                                  : loaded 4 times (x 70B)
Class kotlin.jvm.functions.Function1                                                  : loaded 4 times (x 70B)
Class kotlin.jvm.functions.Function2                                                  : loaded 4 times (x 70B)
Class kotlin.collections.MapsKt___MapsJvmKt                                           : loaded 4 times (x 71B)
Class kotlin.collections.MapsKt__MapsKt                                               : loaded 4 times (x 71B)
Class kotlin.collections.CollectionsKt___CollectionsKt                                : loaded 4 times (x 71B)
Class kotlin.collections.ArraysKt__ArraysJVMKt                                        : loaded 4 times (x 71B)
Class kotlin.reflect.KDeclarationContainer                                            : loaded 4 times (x 70B)
Class [Lorg.jetbrains.kotlin.build.report.metrics.BuildTime;                          : loaded 4 times (x 69B)
Class kotlin.collections.MapsKt___MapsKt                                              : loaded 4 times (x 71B)
Class kotlin.collections.ArraysKt___ArraysKt                                          : loaded 4 times (x 71B)
Class kotlin.collections.AbstractList$Companion                                       : loaded 4 times (x 71B)
Class kotlin.sequences.SequencesKt___SequencesKt                                      : loaded 4 times (x 71B)
Class kotlin.collections.MapsKt__MapWithDefaultKt                                     : loaded 4 times (x 71B)
Class kotlin.LazyKt                                                                   : loaded 4 times (x 71B)
Class kotlin.collections.CollectionsKt__MutableCollectionsJVMKt                       : loaded 4 times (x 71B)
Class kotlin.enums.EnumEntriesKt                                                      : loaded 4 times (x 71B)
Class kotlin.reflect.KAnnotatedElement                                                : loaded 4 times (x 70B)
Class kotlin.jvm.internal.Intrinsics                                                  : loaded 4 times (x 71B)
Class kotlin.collections.MapsKt                                                       : loaded 4 times (x 71B)
Class kotlin.collections.CollectionsKt__IterablesKt                                   : loaded 4 times (x 71B)
Class kotlin.collections.ArraysKt                                                     : loaded 4 times (x 71B)
Class kotlin.collections.CollectionsKt__CollectionsKt                                 : loaded 4 times (x 71B)
Class org.jetbrains.kotlin.cli.common.CompilerSystemProperties$Companion              : loaded 4 times (x 71B)
Class kotlin.KotlinNullPointerException                                               : loaded 4 times (x 83B)
Class kotlin.NotImplementedError                                                      : loaded 4 times (x 82B)
Class com.google.common.base.CharMatcher$Negated                                      : loaded 3 times (x 113B)
Class org.jetbrains.org.objectweb.asm.tree.TypeAnnotationNode                         : loaded 3 times (x 80B)
Class org.jetbrains.kotlin.metadata.ProtoBuf$Modality$1                               : loaded 3 times (x 74B)
Class org.jetbrains.kotlin.resolve.scopes.receivers.Receiver                          : loaded 3 times (x 70B)
Class org.jetbrains.kotlin.metadata.jvm.JvmProtoBuf$1                                 : loaded 3 times (x 71B)
Class org.jetbrains.kotlin.metadata.ProtoBuf$VersionRequirement                       : loaded 3 times (x 116B)
Class org.jetbrains.kotlin.load.kotlin.FileBasedKotlinClass$InnerClassesInfo          : loaded 3 times (x 74B)
Class org.jetbrains.kotlin.metadata.ProtoBuf$Type$Argument                            : loaded 3 times (x 110B)
Class kotlin.ranges.RangesKt___RangesKt                                               : loaded 3 times (x 71B)
Class com.google.common.collect.Hashing                                               : loaded 3 times (x 71B)
Class com.google.common.base.Preconditions                                            : loaded 3 times (x 71B)
Class org.jetbrains.org.objectweb.asm.Frame                                           : loaded 3 times (x 73B)
Class [Lorg.jetbrains.kotlin.metadata.ProtoBuf$Effect$EffectType;                     : loaded 3 times (x 69B)
Class org.jetbrains.kotlin.metadata.ProtoBuf$Effect$EffectType                        : loaded 3 times (x 82B)
Class org.jetbrains.org.objectweb.asm.Opcodes                                         : loaded 3 times (x 70B)
Class org.jetbrains.kotlin.descriptors.annotations.Annotated                          : loaded 3 times (x 70B)
Class org.jetbrains.org.objectweb.asm.Label                                           : loaded 3 times (x 72B)
Class org.jetbrains.org.objectweb.asm.Attribute                                       : loaded 3 times (x 75B)
Class org.jetbrains.kotlin.metadata.jvm.deserialization.BitEncoding                   : loaded 3 times (x 71B)
Class org.jetbrains.kotlin.protobuf.WireFormat                                        : loaded 3 times (x 71B)
Class org.jetbrains.kotlin.metadata.jvm.deserialization.JvmNameResolverBase$WhenMappings: loaded 3 times (x 71B)
Class org.jetbrains.kotlin.descriptors.Visibilities$Local                             : loaded 3 times (x 79B)
Class com.google.common.base.CharMatcher$SingleWidth                                  : loaded 3 times (x 112B)
Class com.google.common.collect.ImmutableSet$RegularSetBuilderImpl                    : loaded 3 times (x 77B)
Class kotlin.text.StringsKt___StringsKt                                               : loaded 3 times (x 71B)
Class org.jetbrains.kotlin.metadata.ProtoBuf$Contract                                 : loaded 3 times (x 107B)
Class org.jetbrains.kotlin.metadata.ProtoBuf$VersionRequirementTable$1                : loaded 3 times (x 144B)
Class com.google.common.base.CharMatcher$Whitespace                                   : loaded 3 times (x 112B)
Class com.google.common.base.Splitter$1$1                                             : loaded 3 times (x 86B)
Class [Lorg.jetbrains.org.objectweb.asm.AnnotationVisitor;                            : loaded 3 times (x 69B)
Class org.jetbrains.kotlin.descriptors.SourceElement$1                                : loaded 3 times (x 74B)
Class [Lorg.jetbrains.org.objectweb.asm.Symbol;                                       : loaded 3 times (x 69B)
Class org.jetbrains.kotlin.metadata.jvm.JvmProtoBuf$JvmPropertySignature$Builder      : loaded 3 times (x 141B)
Class com.google.common.base.CharMatcher                                              : loaded 3 times (x 111B)
Class org.jetbrains.kotlin.name.FqNameUnsafe$1                                        : loaded 3 times (x 74B)
Class kotlin.io.FilesKt                                                               : loaded 3 times (x 71B)
Class org.jetbrains.org.objectweb.asm.tree.InvokeDynamicInsnNode                      : loaded 3 times (x 78B)
Class org.jetbrains.kotlin.config.LanguageVersionSettings                             : loaded 3 times (x 70B)
Class org.jetbrains.kotlin.metadata.ProtoBuf$Expression$1                             : loaded 3 times (x 144B)
Class org.jetbrains.kotlin.metadata.ProtoBuf$Type$Argument$Projection                 : loaded 3 times (x 82B)
Class org.jetbrains.kotlin.descriptors.DescriptorVisibility                           : loaded 3 times (x 78B)
Class com.google.common.base.CharMatcher$None                                         : loaded 3 times (x 112B)
Class org.jetbrains.kotlin.metadata.jvm.deserialization.JvmNameResolver               : loaded 3 times (x 80B)
Class org.jetbrains.org.objectweb.asm.ClassVisitor                                    : loaded 3 times (x 87B)
Class org.jetbrains.kotlin.metadata.ProtoBuf$EnumEntry$1                              : loaded 3 times (x 144B)
Class com.google.common.base.CharMatcher$JavaLowerCase                                : loaded 3 times (x 111B)
Class com.google.common.collect.SortedMapDifference                                   : loaded 3 times (x 70B)
Class kotlin.collections.SetsKt__SetsKt                                               : loaded 3 times (x 71B)
Class org.jetbrains.kotlin.config.MavenComparableVersion$Item                         : loaded 3 times (x 70B)
Class kotlin.text.StringsKt___StringsJvmKt                                            : loaded 3 times (x 71B)
Class org.jetbrains.kotlin.metadata.deserialization.BinaryVersion                     : loaded 3 times (x 74B)
Class org.jetbrains.org.objectweb.asm.tree.LocalVariableAnnotationNode                : loaded 3 times (x 81B)
Class org.jetbrains.org.objectweb.asm.SymbolTable$Entry                               : loaded 3 times (x 74B)
Class org.jetbrains.kotlin.protobuf.ByteString$Output                                 : loaded 3 times (x 86B)
Class com.google.common.base.CharMatcher$JavaIsoControl                               : loaded 3 times (x 112B)
Class org.jetbrains.org.objectweb.asm.tree.FieldInsnNode                              : loaded 3 times (x 79B)
Class org.jetbrains.org.objectweb.asm.tree.MultiANewArrayInsnNode                     : loaded 3 times (x 79B)
Class org.jetbrains.org.objectweb.asm.tree.IincInsnNode                               : loaded 3 times (x 78B)
Class org.jetbrains.kotlin.metadata.jvm.deserialization.JvmNameResolverBase           : loaded 3 times (x 80B)
Class kotlin.collections.EmptySet                                                     : loaded 3 times (x 122B)
Class org.jetbrains.kotlin.protobuf.RopeByteString                                    : loaded 3 times (x 110B)
Class com.google.common.base.CharMatcher$Digit                                        : loaded 3 times (x 112B)
Class com.google.common.base.AbstractIterator$1                                       : loaded 3 times (x 71B)
Class com.google.common.base.CharMatcher$1                                            : loaded 3 times (x 113B)
Class com.google.common.base.CharMatcher$NamedFastMatcher                             : loaded 3 times (x 112B)
Class org.jetbrains.kotlin.metadata.ProtoBuf$Type$Argument$1                          : loaded 3 times (x 144B)
Class org.jetbrains.kotlin.config.LanguageVersion                                     : loaded 3 times (x 91B)
Class org.jetbrains.kotlin.metadata.deserialization.Flags$EnumLiteFlagField           : loaded 3 times (x 76B)
Class org.jetbrains.kotlin.metadata.jvm.JvmProtoBuf$StringTableTypesOrBuilder         : loaded 3 times (x 70B)
Class kotlin.jvm.functions.Function3                                                  : loaded 3 times (x 70B)
Class org.jetbrains.org.objectweb.asm.tree.FrameNode                                  : loaded 3 times (x 79B)
Class org.jetbrains.kotlin.protobuf.Internal$EnumLite                                 : loaded 3 times (x 70B)
Class org.jetbrains.org.objectweb.asm.ClassReader                                     : loaded 3 times (x 91B)
Class org.jetbrains.kotlin.serialization.deserialization.ProtoEnumFlags               : loaded 3 times (x 71B)
Class com.google.common.base.CharMatcher$NegatedFastMatcher                           : loaded 3 times (x 113B)
Class org.jetbrains.kotlin.metadata.ProtoBuf$ExpressionOrBuilder                      : loaded 3 times (x 70B)
Class [Lorg.jetbrains.kotlin.load.kotlin.header.KotlinClassHeader$Kind;               : loaded 3 times (x 69B)
Class [Lorg.jetbrains.kotlin.metadata.jvm.JvmProtoBuf$StringTableTypes$Record$Operation;: loaded 3 times (x 69B)
Class com.google.common.base.Predicate                                                : loaded 3 times (x 70B)
Class [Lorg.jetbrains.kotlin.metadata.ProtoBuf$Type$Argument$Projection;              : loaded 3 times (x 69B)
Class com.google.common.collect.ImmutableMap                                          : loaded 3 times (x 120B)
Class org.jetbrains.org.objectweb.asm.tree.TypeInsnNode                               : loaded 3 times (x 78B)
Class org.jetbrains.kotlin.metadata.ProtoBuf$Annotation                               : loaded 3 times (x 109B)
Class org.jetbrains.kotlin.protobuf.CodedOutputStream                                 : loaded 3 times (x 72B)
Class [Lorg.jetbrains.kotlin.metadata.ProtoBuf$VersionRequirement$VersionKind;        : loaded 3 times (x 69B)
Class com.google.common.base.CharMatcher$FastMatcher                                  : loaded 3 times (x 111B)
Class org.jetbrains.kotlin.cli.common.messages.GradleStyleMessageRenderer             : loaded 3 times (x 78B)
Class com.google.common.collect.Sets                                                  : loaded 3 times (x 71B)
Class org.jetbrains.org.objectweb.asm.RecordComponentWriter                           : loaded 3 times (x 78B)
Class Settings_gradle                                                                 : loaded 3 times (x 128B)
Class kotlin.collections.ArraysUtilJVM                                                : loaded 3 times (x 71B)
Class org.jetbrains.kotlin.cli.common.messages.MessageCollector$Companion$NONE$1      : loaded 3 times (x 76B)
Class [Lorg.jetbrains.kotlin.config.LanguageOrApiVersion;                             : loaded 3 times (x 69B)
Class com.google.common.collect.ImmutableEnumMap                                      : loaded 3 times (x 125B)
Class [Lorg.jetbrains.kotlin.descriptors.CallableMemberDescriptor$Kind;               : loaded 3 times (x 69B)
Class org.jetbrains.kotlin.metadata.ProtoBuf$EnumEntry                                : loaded 3 times (x 118B)
Class org.jetbrains.kotlin.metadata.jvm.deserialization.JvmMetadataVersion            : loaded 3 times (x 74B)
Class kotlin.text.StringsKt__AppendableKt                                             : loaded 3 times (x 71B)
Class kotlin.ranges.RangesKt                                                          : loaded 3 times (x 71B)
Class org.jetbrains.kotlin.cli.common.ModuleVisibilityHelperImpl                      : loaded 3 times (x 74B)
Class [Lorg.jetbrains.kotlin.utils.DescriptionAware;                                  : loaded 3 times (x 69B)
Class org.jetbrains.kotlin.load.kotlin.header.KotlinClassHeader$Kind$Companion        : loaded 3 times (x 71B)
Class org.jetbrains.kotlin.protobuf.MessageLite                                       : loaded 3 times (x 70B)
Class org.jetbrains.kotlin.protobuf.SmallSortedMap$EmptySet                           : loaded 3 times (x 71B)
Class kotlin.Unit                                                                     : loaded 3 times (x 71B)
Class com.google.common.base.CharMatcher$Or                                           : loaded 3 times (x 112B)
Class org.jetbrains.kotlin.descriptors.ValidateableDescriptor                         : loaded 3 times (x 70B)
Class org.jetbrains.kotlin.config.MavenComparableVersion$ListItem                     : loaded 3 times (x 218B)
Class org.jetbrains.kotlin.metadata.ProtoBuf$EnumEntryOrBuilder                       : loaded 3 times (x 70B)
Class org.jetbrains.org.objectweb.asm.tree.AbstractInsnNode                           : loaded 3 times (x 78B)
Class org.jetbrains.kotlin.protobuf.SmallSortedMap                                    : loaded 3 times (x 130B)
Class org.jetbrains.kotlin.descriptors.DeclarationDescriptorWithVisibility            : loaded 3 times (x 70B)
Class com.google.common.collect.Sets$1                                                : loaded 3 times (x 139B)
Class com.google.common.base.Splitter                                                 : loaded 3 times (x 72B)
Class org.jetbrains.kotlin.util.ModuleVisibilityHelper                                : loaded 3 times (x 70B)
Class org.jetbrains.kotlin.descriptors.DescriptorVisibilities$1                       : loaded 3 times (x 79B)
Class [Lkotlin.reflect.KCallable;                                                     : loaded 3 times (x 69B)
Class org.jetbrains.kotlin.protobuf.CodedOutputStream$ByteBufferOutputStream          : loaded 3 times (x 86B)
Class kotlin.jvm.internal.FunctionReferenceImpl                                       : loaded 3 times (x 122B)
Class org.jetbrains.kotlin.metadata.jvm.JvmProtoBuf$JvmPropertySignature$1            : loaded 3 times (x 144B)
Class org.jetbrains.kotlin.metadata.jvm.JvmProtoBuf                                   : loaded 3 times (x 71B)
Class org.jetbrains.kotlin.metadata.ProtoBuf$ConstructorOrBuilder                     : loaded 3 times (x 70B)
Class org.jetbrains.kotlin.metadata.ProtoBuf$Visibility                               : loaded 3 times (x 82B)
Class org.jetbrains.kotlin.metadata.ProtoBuf$Effect$1                                 : loaded 3 times (x 144B)
Class com.google.common.base.CharMatcher$Ascii                                        : loaded 3 times (x 112B)
Class com.google.common.base.CharMatcher$BitSetMatcher                                : loaded 3 times (x 112B)
Class com.google.common.collect.ImmutableSet                                          : loaded 3 times (x 145B)
Class org.jetbrains.kotlin.config.ApiVersion$Companion                                : loaded 3 times (x 71B)
Class org.jetbrains.org.objectweb.asm.MethodWriter                                    : loaded 3 times (x 105B)
Class kotlin.comparisons.ComparisonsKt___ComparisonsKt                                : loaded 3 times (x 71B)
Class kotlin.comparisons.ComparisonsKt                                                : loaded 3 times (x 71B)
Class org.jetbrains.kotlin.metadata.ProtoBuf$TypeAlias$1                              : loaded 3 times (x 144B)
Class org.jetbrains.org.objectweb.asm.Handler                                         : loaded 3 times (x 72B)
Class org.jetbrains.kotlin.metadata.ProtoBuf$Annotation$Argument$ValueOrBuilder       : loaded 3 times (x 70B)
Class com.google.common.base.AbstractIterator                                         : loaded 3 times (x 80B)
Class org.jetbrains.kotlin.metadata.jvm.deserialization.JvmMetadataVersion$Companion  : loaded 3 times (x 71B)
Class kotlin.collections.SetsKt___SetsKt                                              : loaded 3 times (x 71B)
Class kotlin.ranges.RangesKt__RangesKt                                                : loaded 3 times (x 71B)
Class kotlin.comparisons.ComparisonsKt__ComparisonsKt                                 : loaded 3 times (x 71B)
Class org.jetbrains.kotlin.metadata.ProtoBuf$ValueParameter                           : loaded 3 times (x 128B)
Class org.jetbrains.kotlin.metadata.ProtoBuf$ClassOrBuilder                           : loaded 3 times (x 70B)
Class kotlin.text.StringsKt__StringBuilderKt                                          : loaded 3 times (x 71B)
Class com.google.common.collect.Sets$2                                                : loaded 3 times (x 139B)
Class org.jetbrains.kotlin.descriptors.DescriptorVisibilities$12                      : loaded 3 times (x 76B)
Class com.google.common.math.IntMath$1                                                : loaded 3 times (x 71B)
Class org.jetbrains.kotlin.descriptors.DescriptorVisibilities$2                       : loaded 3 times (x 79B)
Class org.jetbrains.kotlin.metadata.ProtoBuf$Modality                                 : loaded 3 times (x 82B)
Class org.jetbrains.kotlin.metadata.jvm.JvmProtoBuf$JvmFieldSignature                 : loaded 3 times (x 108B)
Class org.jetbrains.kotlin.protobuf.ExtensionRegistryLite                             : loaded 3 times (x 74B)
Class kotlin.text.StringsKt__StringNumberConversionsJVMKt                             : loaded 3 times (x 71B)
Class com.google.common.collect.Maps$BiMapConverter                                   : loaded 3 times (x 90B)
Class org.jetbrains.kotlin.metadata.deserialization.BinaryVersion$Companion           : loaded 3 times (x 71B)
Class org.jetbrains.kotlin.descriptors.DescriptorVisibilities$11                      : loaded 3 times (x 76B)
Class org.jetbrains.kotlin.cli.common.messages.MessageRenderer                        : loaded 3 times (x 70B)
Class kotlin.text.StringsKt__StringBuilderJVMKt                                       : loaded 3 times (x 71B)
Class org.jetbrains.org.objectweb.asm.tree.LineNumberNode                             : loaded 3 times (x 79B)
Class org.jetbrains.kotlin.metadata.ProtoBuf$TypeParameter$1                          : loaded 3 times (x 144B)
Class kotlin.collections.ArrayAsCollection                                            : loaded 3 times (x 105B)
Class org.jetbrains.kotlin.descriptors.DescriptorVisibilities$10                      : loaded 3 times (x 76B)
Class org.jetbrains.kotlin.metadata.ProtoBuf$Expression$ConstantValue$1               : loaded 3 times (x 74B)
Class com.google.common.base.CharMatcher$Invisible                                    : loaded 3 times (x 112B)
Class com.google.common.collect.Sets$SetView                                          : loaded 3 times (x 138B)
Class com.google.common.collect.ImmutableSet$Builder                                  : loaded 3 times (x 85B)
Class org.jetbrains.kotlin.load.kotlin.header.ReadKotlinClassHeaderAnnotationVisitor  : loaded 3 times (x 80B)
Class org.jetbrains.kotlin.protobuf.LazyField                                         : loaded 3 times (x 83B)
Class org.jetbrains.kotlin.metadata.ProtoBuf$VersionRequirementTable                  : loaded 3 times (x 107B)
Class org.jetbrains.kotlin.metadata.ProtoBuf$Effect$InvocationKind                    : loaded 3 times (x 82B)
Class com.google.common.base.CharMatcher$InRange                                      : loaded 3 times (x 111B)
Class [Lorg.jetbrains.kotlin.metadata.ProtoBuf$Expression$ConstantValue;              : loaded 3 times (x 69B)
Class org.jetbrains.kotlin.metadata.ProtoBuf$Effect                                   : loaded 3 times (x 113B)
Class com.google.common.collect.Maps$8                                                : loaded 3 times (x 82B)
Class org.jetbrains.kotlin.protobuf.GeneratedMessageLite$ExtendableMessageOrBuilder   : loaded 3 times (x 70B)
Class org.jetbrains.kotlin.config.LanguageVersion$Companion                           : loaded 3 times (x 71B)
Class com.google.common.collect.Sets$3                                                : loaded 3 times (x 139B)
Class org.jetbrains.kotlin.metadata.ProtoBuf$FunctionOrBuilder                        : loaded 3 times (x 70B)
Class com.google.common.base.AbstractIterator$State                                   : loaded 3 times (x 79B)
Class org.jetbrains.kotlin.protobuf.GeneratedMessageLite$1                            : loaded 3 times (x 71B)
Class org.jetbrains.kotlin.metadata.jvm.deserialization.ClassMapperLite               : loaded 3 times (x 71B)
Class org.jetbrains.kotlin.descriptors.DescriptorVisibilities$3                       : loaded 3 times (x 79B)
Class org.jetbrains.kotlin.metadata.ProtoBuf$MemberKind                               : loaded 3 times (x 82B)
Class org.jetbrains.kotlin.metadata.jvm.deserialization.JvmNameResolverBase$Companion : loaded 3 times (x 71B)
Class kotlin.text.StringsKt__RegexExtensionsKt                                        : loaded 3 times (x 71B)
Class org.jetbrains.kotlin.load.java.JvmAnnotationNames                               : loaded 3 times (x 71B)
Class org.jetbrains.kotlin.metadata.ProtoBuf$Function                                 : loaded 3 times (x 149B)
Class kotlin.collections.EmptyIterator                                                : loaded 3 times (x 89B)
Class org.jetbrains.org.objectweb.asm.tree.InsnNode                                   : loaded 3 times (x 78B)
Class org.jetbrains.org.objectweb.asm.Symbol                                          : loaded 3 times (x 73B)
Class org.jetbrains.kotlin.metadata.ProtoBuf$TypeTable$1                              : loaded 3 times (x 144B)
Class org.jetbrains.kotlin.metadata.deserialization.Flags                             : loaded 3 times (x 71B)
Class org.jetbrains.kotlin.metadata.ProtoBuf$Effect$InvocationKind$1                  : loaded 3 times (x 74B)
Class org.jetbrains.kotlin.load.kotlin.header.KotlinClassHeader                       : loaded 3 times (x 72B)
Class org.jetbrains.kotlin.serialization.deserialization.ProtoEnumFlagsUtilsKt$WhenMappings: loaded 3 times (x 71B)
Class org.jetbrains.kotlin.descriptors.DelegatedDescriptorVisibility                  : loaded 3 times (x 79B)
Class [Lkotlin.jvm.functions.Function1;                                               : loaded 3 times (x 69B)
Class org.jetbrains.org.objectweb.asm.ModuleVisitor                                   : loaded 3 times (x 80B)
Class org.jetbrains.kotlin.metadata.jvm.JvmProtoBuf$JvmFieldSignatureOrBuilder        : loaded 3 times (x 70B)
Class org.jetbrains.kotlin.metadata.ProtoBuf$VersionRequirementTableOrBuilder         : loaded 3 times (x 70B)
Class org.jetbrains.kotlin.metadata.jvm.JvmProtoBuf$JvmMethodSignature$Builder        : loaded 3 times (x 134B)
Class org.jetbrains.kotlin.resolve.scopes.receivers.ReceiverValue                     : loaded 3 times (x 70B)
Class kotlin.jvm.internal.DefaultConstructorMarker                                    : loaded 3 times (x 71B)
Class com.google.common.base.CharMatcher$JavaUpperCase                                : loaded 3 times (x 111B)
Class com.google.common.collect.Maps                                                  : loaded 3 times (x 71B)
Class kotlin.io.FileSystemException                                                   : loaded 3 times (x 82B)
Class org.jetbrains.kotlin.load.kotlin.KotlinJvmBinaryClass$AnnotationArgumentVisitor : loaded 3 times (x 70B)
Class com.google.common.collect.Sets$4                                                : loaded 3 times (x 139B)
Class org.jetbrains.kotlin.descriptors.DescriptorVisibilities$4                       : loaded 3 times (x 79B)
Class [Lorg.jetbrains.kotlin.protobuf.WireFormat$JavaType;                            : loaded 3 times (x 69B)
Class org.jetbrains.org.objectweb.asm.tree.TableSwitchInsnNode                        : loaded 3 times (x 79B)
Class [Lorg.jetbrains.org.objectweb.asm.Attribute;                                    : loaded 3 times (x 69B)
Class org.jetbrains.kotlin.load.kotlin.header.KotlinClassHeader$Kind                  : loaded 3 times (x 79B)
Class org.jetbrains.kotlin.metadata.jvm.deserialization.JvmMemberSignature            : loaded 3 times (x 74B)
Class org.jetbrains.kotlin.metadata.ProtoBuf$Constructor                              : loaded 3 times (x 124B)
Class [Lorg.jetbrains.kotlin.metadata.ProtoBuf$TypeParameter$Variance;                : loaded 3 times (x 69B)
Class org.jetbrains.kotlin.metadata.ProtoBuf$TypeAlias                                : loaded 3 times (x 137B)
Class org.jetbrains.kotlin.load.kotlin.FileBasedKotlinClass                           : loaded 3 times (x 88B)
Class org.jetbrains.kotlin.protobuf.WireFormat$FieldType                              : loaded 3 times (x 83B)
Class org.jetbrains.kotlin.metadata.ProtoBuf$AnnotationOrBuilder                      : loaded 3 times (x 70B)
Class org.jetbrains.org.objectweb.asm.RecordComponentVisitor                          : loaded 3 times (x 77B)
Class org.jetbrains.kotlin.descriptors.Visibility                                     : loaded 3 times (x 79B)
Class org.jetbrains.kotlin.protobuf.RopeByteString$RopeInputStream                    : loaded 3 times (x 92B)
Class org.jetbrains.kotlin.load.kotlin.header.ReadKotlinClassHeaderAnnotationVisitor$KotlinMetadataArgumentVisitor: loaded 3 times (x 86B)
Class org.jetbrains.kotlin.protobuf.MessageLiteOrBuilder                              : loaded 3 times (x 70B)
Class org.jetbrains.kotlin.metadata.jvm.JvmProtoBuf$JvmMethodSignature                : loaded 3 times (x 108B)
Class org.jetbrains.kotlin.metadata.ProtoBuf$TypeTable                                : loaded 3 times (x 109B)
Class org.jetbrains.kotlin.metadata.jvm.JvmProtoBuf$JvmFieldSignature$1               : loaded 3 times (x 144B)
Class org.jetbrains.kotlin.metadata.jvm.deserialization.UtfEncodingKt                 : loaded 3 times (x 71B)
Class org.jetbrains.org.objectweb.asm.TypePath                                        : loaded 3 times (x 72B)
Class org.jetbrains.kotlin.protobuf.CodedInputStream                                  : loaded 3 times (x 72B)
Class org.jetbrains.kotlin.descriptors.DescriptorVisibilities$5                       : loaded 3 times (x 79B)
Class org.jetbrains.org.objectweb.asm.MethodTooLargeException                         : loaded 3 times (x 83B)
Class org.jetbrains.kotlin.metadata.jvm.JvmProtoBuf$JvmPropertySignatureOrBuilder     : loaded 3 times (x 70B)
Class org.jetbrains.org.objectweb.asm.Context                                         : loaded 3 times (x 72B)
Class org.jetbrains.kotlin.protobuf.GeneratedMessageLite$ExtendableMessage            : loaded 3 times (x 113B)
Class org.jetbrains.org.objectweb.asm.Type                                            : loaded 3 times (x 72B)
Class org.jetbrains.kotlin.metadata.ProtoBuf$Property                                 : loaded 3 times (x 148B)
Class org.jetbrains.kotlin.metadata.ProtoBuf$TypeParameterOrBuilder                   : loaded 3 times (x 70B)
Class org.jetbrains.kotlin.descriptors.CallableMemberDescriptor$Kind                  : loaded 3 times (x 79B)
Class org.jetbrains.kotlin.cli.common.messages.CompilerMessageSeverity                : loaded 3 times (x 79B)
Class kotlin.sequences.ConstrainedOnceSequence                                        : loaded 3 times (x 75B)
Class com.google.common.base.Function                                                 : loaded 3 times (x 70B)
Class org.jetbrains.kotlin.metadata.ProtoBuf$1                                        : loaded 3 times (x 71B)
Class org.jetbrains.kotlin.load.kotlin.header.ReadKotlinClassHeaderAnnotationVisitor$KotlinMetadataArgumentVisitor$2: loaded 3 times (x 85B)
Class org.jetbrains.org.objectweb.asm.tree.AnnotationNode                             : loaded 3 times (x 79B)
Class org.jetbrains.kotlin.metadata.jvm.JvmProtoBuf$StringTableTypes$Record$1         : loaded 3 times (x 144B)
Class org.jetbrains.kotlin.metadata.ProtoBuf$VersionRequirement$1                     : loaded 3 times (x 144B)
Class com.google.common.base.CharMatcher$JavaDigit                                    : loaded 3 times (x 111B)
Class org.jetbrains.kotlin.load.kotlin.header.ReadKotlinClassHeaderAnnotationVisitor$KotlinMetadataArgumentVisitor$1: loaded 3 times (x 85B)
Class org.jetbrains.kotlin.metadata.ProtoBuf$Class$1                                  : loaded 3 times (x 144B)
Class org.jetbrains.kotlin.protobuf.ExtensionRegistryLite$ObjectIntPair               : loaded 3 times (x 72B)
Class org.jetbrains.kotlin.descriptors.Visibilities$Public                            : loaded 3 times (x 79B)
Class com.google.common.math.IntMath                                                  : loaded 3 times (x 71B)
Class org.jetbrains.kotlin.mpp.DeclarationSymbolMarker                                : loaded 3 times (x 70B)
Class org.jetbrains.org.objectweb.asm.tree.ParameterNode                              : loaded 3 times (x 73B)
Class com.google.common.base.CommonPattern                                            : loaded 3 times (x 74B)
Class org.jetbrains.org.objectweb.asm.CurrentFrame                                    : loaded 3 times (x 73B)
Class org.jetbrains.kotlin.protobuf.MessageLite$Builder                               : loaded 3 times (x 70B)
Class com.google.common.collect.MapDifference                                         : loaded 3 times (x 70B)
Class com.google.common.base.Splitter$1                                               : loaded 3 times (x 77B)
Class com.google.common.collect.ImmutableSet$EmptySetBuilderImpl                      : loaded 3 times (x 76B)
Class org.jetbrains.kotlin.metadata.ProtoBuf$Annotation$Argument$Value                : loaded 3 times (x 127B)
Class org.jetbrains.kotlin.descriptors.DescriptorVisibilities$6                       : loaded 3 times (x 79B)
Class org.jetbrains.kotlin.protobuf.CodedOutputStream$OutOfSpaceException             : loaded 3 times (x 82B)
Class kotlin.text.StringsKt__RegexExtensionsJVMKt                                     : loaded 3 times (x 71B)
Class com.google.common.base.CharMatcher$IsNot                                        : loaded 3 times (x 111B)
Class [Lorg.jetbrains.kotlin.protobuf.Internal$EnumLite;                              : loaded 3 times (x 69B)
Class org.jetbrains.kotlin.metadata.ProtoBuf$Expression$ConstantValue                 : loaded 3 times (x 82B)
Class com.google.common.collect.ImmutableList                                         : loaded 3 times (x 206B)
Class com.google.common.base.CharMatcher$JavaLetter                                   : loaded 3 times (x 111B)
Class org.jetbrains.kotlin.cli.common.CompilerSystemProperties$value$2                : loaded 3 times (x 125B)
Class org.jetbrains.kotlin.cli.common.CompilerSystemProperties$value$1                : loaded 3 times (x 125B)
Class org.jetbrains.kotlin.metadata.jvm.JvmProtoBuf$StringTableTypes$Record$Operation : loaded 3 times (x 82B)
Class kotlin.text.StringsKt__StringNumberConversionsKt                                : loaded 3 times (x 71B)
Class kotlin.io.FilesKt__FileReadWriteKt                                              : loaded 3 times (x 71B)
Class org.jetbrains.kotlin.protobuf.AbstractParser                                    : loaded 3 times (x 144B)
Class org.jetbrains.kotlin.metadata.ProtoBuf$Annotation$1                             : loaded 3 times (x 144B)
Class org.jetbrains.kotlin.metadata.ProtoBuf$VersionRequirement$VersionKind$1         : loaded 3 times (x 74B)
Class org.jetbrains.kotlin.metadata.ProtoBuf$VersionRequirement$Level$1               : loaded 3 times (x 74B)
Class org.jetbrains.org.objectweb.asm.tree.Util                                       : loaded 3 times (x 71B)
Class com.google.common.collect.Maps$EntryTransformer                                 : loaded 3 times (x 70B)
Class [Lorg.jetbrains.kotlin.config.LanguageVersion;                                  : loaded 3 times (x 69B)
Class org.jetbrains.kotlin.descriptors.Visibilities$Private                           : loaded 3 times (x 79B)
Class [Lorg.jetbrains.kotlin.metadata.ProtoBuf$Modality;                              : loaded 3 times (x 69B)
Class kotlin.text.StringsKt                                                           : loaded 3 times (x 71B)
Class com.google.common.collect.ImmutableEnumSet                                      : loaded 3 times (x 146B)
Class com.google.common.collect.ImmutableAsList                                       : loaded 3 times (x 209B)
Class org.jetbrains.kotlin.protobuf.FieldSet$1                                        : loaded 3 times (x 71B)
Class org.jetbrains.kotlin.descriptors.DescriptorVisibilities$7                       : loaded 3 times (x 79B)
Class kotlin._Assertions                                                              : loaded 3 times (x 71B)
Class org.jetbrains.org.objectweb.asm.tree.LdcInsnNode                                : loaded 3 times (x 78B)
Class org.jetbrains.kotlin.load.kotlin.KotlinJvmBinaryClass$AnnotationVisitor         : loaded 3 times (x 70B)
Class org.jetbrains.kotlin.metadata.jvm.deserialization.JvmProtoBufUtil               : loaded 3 times (x 71B)
Class org.jetbrains.org.objectweb.asm.AnnotationWriter                                : loaded 3 times (x 78B)
Class org.jetbrains.kotlin.metadata.ProtoBuf$Function$1                               : loaded 3 times (x 144B)
Class kotlin.collections.IndexedValue                                                 : loaded 3 times (x 72B)
Class org.jetbrains.kotlin.metadata.deserialization.Flags$BooleanFlagField            : loaded 3 times (x 76B)
Class org.jetbrains.kotlin.metadata.ProtoBuf$Annotation$Argument$1                    : loaded 3 times (x 144B)
Class org.jetbrains.kotlin.cli.common.messages.CompilerMessageSeverity$Companion      : loaded 3 times (x 71B)
Class com.google.common.collect.Lists                                                 : loaded 3 times (x 71B)
Class com.google.common.base.CharMatcher$Any                                          : loaded 3 times (x 112B)
Class com.google.common.collect.ImmutableSet$CachingAsList                            : loaded 3 times (x 147B)
Class com.google.common.base.Converter                                                : loaded 3 times (x 90B)
Class com.google.common.collect.ImmutableSet$SetBuilderImpl                           : loaded 3 times (x 76B)
Class org.jetbrains.kotlin.metadata.ProtoBuf$Class$Kind$1                             : loaded 3 times (x 74B)
Class kotlin.io.FilesKt__UtilsKt                                                      : loaded 3 times (x 71B)
Class org.jetbrains.kotlin.metadata.ProtoBuf$Expression                               : loaded 3 times (x 120B)
Class org.jetbrains.kotlin.protobuf.SmallSortedMap$Entry                              : loaded 3 times (x 88B)
Class com.google.common.collect.ImmutableCollection                                   : loaded 3 times (x 125B)
Class com.google.common.base.CharMatcher$AnyOf                                        : loaded 3 times (x 112B)
Class org.jetbrains.kotlin.metadata.ProtoBuf$Package$1                                : loaded 3 times (x 144B)
Class org.jetbrains.org.objectweb.asm.SymbolTable                                     : loaded 3 times (x 72B)
Class org.jetbrains.org.objectweb.asm.tree.UnsupportedClassVersionException           : loaded 3 times (x 82B)
Class org.jetbrains.kotlin.util.capitalizeDecapitalize.CapitalizeDecapitalizeKt       : loaded 3 times (x 71B)
Class com.google.common.collect.ImmutableCollection$Builder                           : loaded 3 times (x 76B)
Class org.jetbrains.kotlin.metadata.ProtoBuf$Annotation$ArgumentOrBuilder             : loaded 3 times (x 70B)
Class org.jetbrains.kotlin.descriptors.DescriptorVisibilities$8                       : loaded 3 times (x 79B)
Class org.jetbrains.org.objectweb.asm.ModuleWriter                                    : loaded 3 times (x 81B)
Class org.jetbrains.kotlin.metadata.ProtoBuf$MemberKind$1                             : loaded 3 times (x 74B)
Class org.jetbrains.kotlin.metadata.jvm.JvmProtoBuf$StringTableTypes$RecordOrBuilder  : loaded 3 times (x 70B)
Class [Lorg.jetbrains.org.objectweb.asm.SymbolTable$Entry;                            : loaded 3 times (x 69B)
Class org.jetbrains.kotlin.resolve.jvm.JvmClassName                                   : loaded 3 times (x 76B)
Class org.jetbrains.kotlin.load.kotlin.FileBasedKotlinClass$3$1                       : loaded 3 times (x 77B)
Class org.jetbrains.kotlin.metadata.jvm.JvmProtoBuf$JvmMethodSignature$1              : loaded 3 times (x 144B)
Class org.jetbrains.kotlin.protobuf.WireFormat$FieldType$4                            : loaded 3 times (x 83B)
Class org.jetbrains.kotlin.metadata.ProtoBuf$Type$1                                   : loaded 3 times (x 144B)
Class org.jetbrains.kotlin.metadata.ProtoBuf$Contract$1                               : loaded 3 times (x 144B)
Class [Lorg.jetbrains.org.objectweb.asm.Type;                                         : loaded 3 times (x 69B)
Class org.jetbrains.kotlin.metadata.ProtoBuf$VersionRequirementOrBuilder              : loaded 3 times (x 70B)
Class org.jetbrains.kotlin.metadata.ProtoBuf$VersionRequirement$Level                 : loaded 3 times (x 82B)
Class org.jetbrains.kotlin.descriptors.Visibilities$Internal                          : loaded 3 times (x 79B)
Class [Lorg.jetbrains.kotlin.metadata.ProtoBuf$Annotation$Argument$Value$Type;        : loaded 3 times (x 69B)
Class com.google.common.base.CharMatcher$ForPredicate                                 : loaded 3 times (x 112B)
Class org.jetbrains.org.objectweb.asm.AnnotationVisitor                               : loaded 3 times (x 77B)
Class org.jetbrains.kotlin.protobuf.WireFormat$FieldType$3                            : loaded 3 times (x 83B)
Class com.google.common.base.Splitter$SplittingIterator                               : loaded 3 times (x 84B)
Class com.google.common.collect.ImmutableSet$JdkBackedSetBuilderImpl                  : loaded 3 times (x 76B)
Class org.jetbrains.kotlin.protobuf.WireFormat$FieldType$2                            : loaded 3 times (x 83B)
Class [Lorg.jetbrains.kotlin.protobuf.WireFormat$FieldType;                           : loaded 3 times (x 69B)
Class org.jetbrains.kotlin.metadata.ProtoBuf$ValueParameter$1                         : loaded 3 times (x 144B)
Class org.jetbrains.kotlin.metadata.ProtoBuf$TypeParameter                            : loaded 3 times (x 130B)
Class org.jetbrains.kotlin.protobuf.FieldSet$FieldDescriptorLite                      : loaded 3 times (x 70B)
Class org.jetbrains.kotlin.utils.DescriptionAware                                     : loaded 3 times (x 70B)
Class org.jetbrains.kotlin.protobuf.AbstractMessageLite                               : loaded 3 times (x 98B)
Class org.jetbrains.kotlin.metadata.jvm.JvmProtoBuf$StringTableTypes$Record           : loaded 3 times (x 119B)
Class org.jetbrains.kotlin.protobuf.GeneratedMessageLite$ExtendableBuilder            : loaded 3 times (x 138B)
Class org.jetbrains.kotlin.descriptors.DescriptorVisibilities$9                       : loaded 3 times (x 79B)
Class org.jetbrains.kotlin.metadata.jvm.JvmProtoBuf$StringTableTypes                  : loaded 3 times (x 110B)
Class kotlin.comparisons.ComparisonsKt___ComparisonsJvmKt                             : loaded 3 times (x 71B)
Class [Lorg.jetbrains.kotlin.cli.common.messages.CompilerMessageSeverity;             : loaded 3 times (x 69B)
Class org.jetbrains.kotlin.protobuf.ByteString                                        : loaded 3 times (x 108B)
Class org.jetbrains.kotlin.metadata.jvm.JvmProtoBuf$JvmMethodSignatureOrBuilder       : loaded 3 times (x 70B)
Class org.jetbrains.kotlin.protobuf.WireFormat$FieldType$1                            : loaded 3 times (x 83B)
Class org.jetbrains.kotlin.protobuf.GeneratedMessageLite$Builder                      : loaded 3 times (x 128B)
Class org.jetbrains.kotlin.metadata.ProtoBuf$Class$Kind                               : loaded 3 times (x 82B)
Class org.jetbrains.org.objectweb.asm.tree.LocalVariableNode                          : loaded 3 times (x 73B)
Class org.jetbrains.kotlin.metadata.ProtoBuf$Annotation$Argument                      : loaded 3 times (x 108B)
Class kotlin.io.FilesKt__FileTreeWalkKt                                               : loaded 3 times (x 71B)
Class org.jetbrains.kotlin.load.kotlin.FileBasedKotlinClass$4                         : loaded 3 times (x 87B)
Class com.google.common.collect.SingletonImmutableSet                                 : loaded 3 times (x 146B)
Class [Lorg.jetbrains.org.objectweb.asm.Label;                                        : loaded 3 times (x 69B)
Class com.google.common.collect.ImmutableMap$IteratorBasedImmutableMap                : loaded 3 times (x 125B)
Class org.jetbrains.kotlin.load.kotlin.FileBasedKotlinClass$3                         : loaded 3 times (x 77B)
Class org.jetbrains.org.objectweb.asm.ClassWriter                                     : loaded 3 times (x 104B)
Class org.jetbrains.kotlin.metadata.ProtoBuf$Type                                     : loaded 3 times (x 145B)
Class org.jetbrains.kotlin.metadata.ProtoBuf$Property$1                               : loaded 3 times (x 144B)
Class org.jetbrains.kotlin.metadata.ProtoBuf$Class                                    : loaded 3 times (x 180B)
Class org.jetbrains.kotlin.protobuf.FieldSet                                          : loaded 3 times (x 72B)
Class org.jetbrains.kotlin.load.kotlin.FileBasedKotlinClass$2                         : loaded 3 times (x 87B)
Class org.jetbrains.kotlin.protobuf.GeneratedMessageLite$GeneratedExtension           : loaded 3 times (x 79B)
Class org.jetbrains.kotlin.config.LanguageOrApiVersion                                : loaded 3 times (x 70B)
Class com.google.common.collect.UnmodifiableIterator                                  : loaded 3 times (x 80B)
Class org.jetbrains.kotlin.metadata.ProtoBuf$Type$ArgumentOrBuilder                   : loaded 3 times (x 70B)
Class com.google.common.base.Splitter$5                                               : loaded 3 times (x 80B)
Class org.jetbrains.kotlin.load.kotlin.FileBasedKotlinClass$OuterAndInnerName         : loaded 3 times (x 72B)
Class org.jetbrains.kotlin.metadata.jvm.JvmProtoBuf$StringTableTypes$1                : loaded 3 times (x 144B)
Class org.jetbrains.kotlin.metadata.ProtoBuf$PropertyOrBuilder                        : loaded 3 times (x 70B)
Class org.jetbrains.org.objectweb.asm.tree.LabelNode                                  : loaded 3 times (x 80B)
Class org.jetbrains.kotlin.metadata.ProtoBuf$Constructor$1                            : loaded 3 times (x 144B)
Class org.jetbrains.kotlin.metadata.ProtoBuf$ContractOrBuilder                        : loaded 3 times (x 70B)
Class kotlin.jvm.internal.Lambda                                                      : loaded 3 times (x 75B)
Class [Lorg.jetbrains.kotlin.metadata.ProtoBuf$Visibility;                            : loaded 3 times (x 69B)
Class kotlin.sequences.SequencesKt__SequencesKt$asSequence$$inlined$Sequence$1        : loaded 3 times (x 75B)
Class org.jetbrains.kotlin.load.kotlin.FileBasedKotlinClass$1                         : loaded 3 times (x 87B)
Class org.jetbrains.kotlin.metadata.deserialization.TypeTable                         : loaded 3 times (x 72B)
Class com.google.common.base.JdkPattern                                               : loaded 3 times (x 75B)
Class org.jetbrains.org.objectweb.asm.TypeReference                                   : loaded 3 times (x 80B)
Class org.jetbrains.kotlin.cli.common.messages.CompilerMessageSourceLocation          : loaded 3 times (x 70B)
Class com.google.common.base.CharMatcher$IsEither                                     : loaded 3 times (x 111B)
Class kotlin.text.StringsKt__IndentKt                                                 : loaded 3 times (x 71B)
Class kotlin.collections.SetsKt                                                       : loaded 3 times (x 71B)
Class org.jetbrains.kotlin.load.kotlin.KotlinJvmBinaryClass$AnnotationArrayArgumentVisitor: loaded 3 times (x 70B)
Class org.jetbrains.org.objectweb.asm.tree.LookupSwitchInsnNode                       : loaded 3 times (x 78B)
Class [Lorg.jetbrains.org.objectweb.asm.AnnotationWriter;                             : loaded 3 times (x 69B)
Class org.jetbrains.kotlin.descriptors.DescriptorVisibilities                         : loaded 3 times (x 71B)
Class org.jetbrains.kotlin.descriptors.DeclarationDescriptor                          : loaded 3 times (x 70B)
Class kotlin.text.StringsKt__StringsJVMKt                                             : loaded 3 times (x 71B)
Class [Lcom.google.common.base.AbstractIterator$State;                                : loaded 3 times (x 69B)
Class org.jetbrains.kotlin.protobuf.SmallSortedMap$EmptySet$2                         : loaded 3 times (x 78B)
Class kotlin.io.NoSuchFileException                                                   : loaded 3 times (x 82B)
Class org.jetbrains.org.objectweb.asm.ByteVector                                      : loaded 3 times (x 78B)
Class [Lkotlin.Function;                                                              : loaded 3 times (x 69B)
Class org.jetbrains.kotlin.load.kotlin.header.ReadKotlinClassHeaderAnnotationVisitor$CollectStringArrayAnnotationVisitor: loaded 3 times (x 85B)
Class org.jetbrains.kotlin.metadata.ProtoBuf$ValueParameterOrBuilder                  : loaded 3 times (x 70B)
Class org.jetbrains.kotlin.metadata.jvm.JvmProtoBuf$JvmPropertySignature              : loaded 3 times (x 114B)
Class org.jetbrains.kotlin.metadata.ProtoBuf$PackageOrBuilder                         : loaded 3 times (x 70B)
Class org.jetbrains.kotlin.descriptors.Visibilities$Protected                         : loaded 3 times (x 79B)
Class org.jetbrains.kotlin.protobuf.AbstractMessageLite$Builder$LimitedInputStream    : loaded 3 times (x 92B)
Class org.jetbrains.kotlin.protobuf.SmallSortedMap$EmptySet$1                         : loaded 3 times (x 78B)
Class org.jetbrains.kotlin.metadata.ProtoBuf$Type$Argument$Projection$1               : loaded 3 times (x 74B)
Class com.google.common.collect.RegularImmutableSet                                   : loaded 3 times (x 148B)
Class kotlin.io.ByteStreamsKt                                                         : loaded 3 times (x 71B)
Class org.jetbrains.org.objectweb.asm.MethodVisitor                                   : loaded 3 times (x 104B)
Class org.jetbrains.org.objectweb.asm.tree.VarInsnNode                                : loaded 3 times (x 78B)
Class org.jetbrains.org.objectweb.asm.FieldWriter                                     : loaded 3 times (x 77B)
Class [Lkotlin.reflect.KAnnotatedElement;                                             : loaded 3 times (x 69B)
Class org.jetbrains.kotlin.metadata.ProtoBuf$Annotation$Argument$Value$Type$1         : loaded 3 times (x 74B)
Class org.jetbrains.kotlin.protobuf.LazyFieldLite                                     : loaded 3 times (x 82B)
Class org.jetbrains.kotlin.protobuf.LiteralByteString                                 : loaded 3 times (x 112B)
Class kotlin.collections.IndexingIterator                                             : loaded 3 times (x 79B)
Class com.google.common.base.NullnessCasts                                            : loaded 3 times (x 71B)
Class [Lorg.jetbrains.kotlin.metadata.ProtoBuf$Class$Kind;                            : loaded 3 times (x 69B)
Class [Lorg.jetbrains.kotlin.metadata.ProtoBuf$MemberKind;                            : loaded 3 times (x 69B)
Class [Lorg.jetbrains.org.objectweb.asm.tree.AbstractInsnNode;                        : loaded 3 times (x 69B)
Class org.jetbrains.kotlin.metadata.ProtoBuf$TypeAliasOrBuilder                       : loaded 3 times (x 70B)
Class org.jetbrains.kotlin.metadata.ProtoBuf$Package                                  : loaded 3 times (x 129B)
Class kotlin.io.CloseableKt                                                           : loaded 3 times (x 71B)
Class org.jetbrains.kotlin.metadata.ProtoBuf$TypeTableOrBuilder                       : loaded 3 times (x 70B)
Class kotlin.io.FileAlreadyExistsException                                            : loaded 3 times (x 82B)
Class org.jetbrains.kotlin.metadata.deserialization.Flags$FlagField                   : loaded 3 times (x 73B)
Class kotlin.internal.ProgressionUtilKt                                               : loaded 3 times (x 71B)
Class kotlin.collections.SetsKt__SetsJVMKt                                            : loaded 3 times (x 71B)
Class org.jetbrains.kotlin.protobuf.ByteString$ByteIterator                           : loaded 3 times (x 70B)
Class org.jetbrains.kotlin.metadata.ProtoBuf$TypeOrBuilder                            : loaded 3 times (x 70B)
Class org.jetbrains.org.objectweb.asm.FieldVisitor                                    : loaded 3 times (x 76B)
Class org.jetbrains.kotlin.protobuf.InvalidProtocolBufferException                    : loaded 3 times (x 84B)
Class org.jetbrains.org.objectweb.asm.tree.JumpInsnNode                               : loaded 3 times (x 78B)
Class org.jetbrains.kotlin.protobuf.GeneratedMessageLite$ExtensionDescriptor          : loaded 3 times (x 84B)
Class org.jetbrains.kotlin.metadata.deserialization.NameResolver                      : loaded 3 times (x 70B)
Class kotlin.collections.IndexingIterable                                             : loaded 3 times (x 79B)
Class org.jetbrains.kotlin.metadata.jvm.JvmProtoBuf$StringTableTypes$Record$Operation$1: loaded 3 times (x 74B)
Class org.jetbrains.kotlin.metadata.ProtoBuf$Visibility$1                             : loaded 3 times (x 74B)
Class org.jetbrains.kotlin.metadata.ProtoBuf$VersionRequirement$VersionKind           : loaded 3 times (x 82B)
Class org.jetbrains.kotlin.serialization.deserialization.ProtoEnumFlagsUtilsKt        : loaded 3 times (x 71B)
Class org.jetbrains.kotlin.descriptors.Named                                          : loaded 3 times (x 70B)
Class [Lorg.jetbrains.kotlin.metadata.ProtoBuf$Effect$InvocationKind;                 : loaded 3 times (x 69B)
Class com.google.common.math.MathPreconditions                                        : loaded 3 times (x 71B)
Class com.google.common.base.Splitter$Strategy                                        : loaded 3 times (x 70B)
Class org.jetbrains.kotlin.config.MavenComparableVersion$IntegerItem                  : loaded 3 times (x 80B)
Class org.jetbrains.kotlin.metadata.deserialization.ProtoTypeTableUtilKt              : loaded 3 times (x 71B)
Class com.google.common.collect.RegularImmutableAsList                                : loaded 3 times (x 216B)
Class org.jetbrains.kotlin.metadata.deserialization.ProtoBufUtilKt                    : loaded 3 times (x 71B)
Class kotlin.io.TerminateException                                                    : loaded 3 times (x 82B)
Class kotlin.io.FilesKt__FilePathComponentsKt                                         : loaded 3 times (x 71B)
Class [Lorg.jetbrains.kotlin.descriptors.DescriptorVisibility;                        : loaded 3 times (x 69B)
Class org.jetbrains.kotlin.metadata.ProtoBuf$TypeParameter$Variance                   : loaded 3 times (x 82B)
Class org.jetbrains.kotlin.metadata.jvm.deserialization.JvmNameResolverKt             : loaded 3 times (x 71B)
Class org.jetbrains.kotlin.protobuf.UninitializedMessageException                     : loaded 3 times (x 84B)
Class org.jetbrains.kotlin.descriptors.Visibilities$InvisibleFake                     : loaded 3 times (x 79B)
Class org.jetbrains.org.objectweb.asm.tree.TryCatchBlockNode                          : loaded 3 times (x 74B)
Class org.jetbrains.kotlin.metadata.ProtoBuf$Annotation$Argument$Value$1              : loaded 3 times (x 144B)
Class org.jetbrains.kotlin.protobuf.BoundedByteString                                 : loaded 3 times (x 112B)
Class org.jetbrains.kotlin.metadata.ProtoBuf$EffectOrBuilder                          : loaded 3 times (x 70B)
Class org.jetbrains.kotlin.metadata.ProtoBuf$Effect$EffectType$1                      : loaded 3 times (x 74B)
Class kotlin.collections.CollectionsKt__IteratorsJVMKt$iterator$1                     : loaded 3 times (x 79B)
Class com.google.common.collect.BiMap                                                 : loaded 3 times (x 70B)
Class org.jetbrains.kotlin.protobuf.SmallSortedMap$1                                  : loaded 3 times (x 130B)
Class org.jetbrains.org.objectweb.asm.tree.IntInsnNode                                : loaded 3 times (x 78B)
Class org.jetbrains.kotlin.descriptors.Visibilities$PrivateToThis                     : loaded 3 times (x 79B)
Class org.jetbrains.kotlin.metadata.ProtoBuf$Property$Builder                         : loaded 3 times (x 173B)
Class kotlin.text.StringsKt__StringsKt                                                : loaded 3 times (x 71B)
Class com.google.common.base.CharMatcher$RangesMatcher                                : loaded 3 times (x 112B)
Class org.jetbrains.kotlin.protobuf.AbstractMessageLite$Builder                       : loaded 3 times (x 122B)
Class org.jetbrains.kotlin.protobuf.Internal$EnumLiteMap                              : loaded 3 times (x 70B)
Class org.jetbrains.org.objectweb.asm.tree.InsnList                                   : loaded 3 times (x 103B)
Class org.jetbrains.kotlin.protobuf.GeneratedMessageLite                              : loaded 3 times (x 101B)
Class com.google.common.base.CharMatcher$And                                          : loaded 3 times (x 112B)
Class org.jetbrains.kotlin.descriptors.SourceElement                                  : loaded 3 times (x 70B)
Class org.jetbrains.kotlin.cli.common.messages.MessageCollector$Companion             : loaded 3 times (x 71B)
Class org.jetbrains.kotlin.metadata.ProtoBuf$TypeParameter$Variance$1                 : loaded 3 times (x 74B)
Class org.jetbrains.kotlin.metadata.jvm.deserialization.JvmMemberSignature$Method     : loaded 3 times (x 75B)
Class org.jetbrains.org.objectweb.asm.ClassTooLargeException                          : loaded 3 times (x 83B)
Class org.jetbrains.kotlin.protobuf.WireFormat$JavaType                               : loaded 3 times (x 79B)
Class [Lorg.jetbrains.kotlin.metadata.ProtoBuf$VersionRequirement$Level;              : loaded 3 times (x 69B)
Class com.google.common.base.CharMatcher$JavaLetterOrDigit                            : loaded 3 times (x 111B)
Class org.jetbrains.kotlin.config.MavenComparableVersion                              : loaded 3 times (x 78B)
Class org.jetbrains.kotlin.metadata.ProtoBuf$Annotation$Argument$Value$Type           : loaded 3 times (x 82B)
Class org.jetbrains.kotlin.load.kotlin.KotlinJvmBinaryClass                           : loaded 3 times (x 70B)
Class org.jetbrains.org.objectweb.asm.tree.MethodNode                                 : loaded 3 times (x 109B)
Class org.jetbrains.kotlin.protobuf.Parser                                            : loaded 3 times (x 70B)
Class org.jetbrains.org.objectweb.asm.tree.MethodInsnNode                             : loaded 3 times (x 79B)
Class org.jetbrains.kotlin.descriptors.Visibilities$Inherited                         : loaded 3 times (x 79B)
Class org.jetbrains.kotlin.descriptors.Visibilities$Unknown                           : loaded 3 times (x 79B)
Class org.jetbrains.kotlin.metadata.ProtoBuf$Annotation$Builder                       : loaded 3 times (x 136B)
Class com.google.common.base.CharMatcher$Is                                           : loaded 3 times (x 111B)
Class com.google.common.collect.Lists$StringAsImmutableList                           : loaded 3 times (x 207B)
Class com.google.common.collect.Iterators                                             : loaded 2 times (x 71B)
Class it.unimi.dsi.fastutil.Function                                                  : loaded 2 times (x 70B)
Class com.google.common.util.concurrent.AbstractFuture$Trusted                        : loaded 2 times (x 70B)
Class org.jetbrains.kotlin.gradle.plugin.HasProject                                   : loaded 2 times (x 70B)
Class org.jetbrains.kotlin.gradle.utils.GradleUtilsKt                                 : loaded 2 times (x 71B)
Class org.jetbrains.kotlin.gradle.plugin.PropertiesProvider$PropertyNames             : loaded 2 times (x 71B)
Class org.jetbrains.kotlin.gradle.plugin.VariantImplementationFactories$Parameters_Decorated: loaded 2 times (x 134B)
Class org.jetbrains.kotlin.gradle.utils.SingleAction$PerformedActions                 : loaded 2 times (x 72B)
Class org.jetbrains.kotlin.gradle.tasks.KotlinCompileTool                             : loaded 2 times (x 70B)
Class org.jetbrains.kotlin.gradle.report.BuildMetricsService$Companion                : loaded 2 times (x 71B)
Class org.jetbrains.kotlin.gradle.internal.properties.NativePropertiesLoader$jvmArgs$1: loaded 2 times (x 75B)
Class org.jetbrains.kotlin.gradle.dsl.DefaultToolchainSupport_Decorated               : loaded 2 times (x 124B)
Class org.jetbrains.kotlin.config.Services                                            : loaded 2 times (x 72B)
Class org.jetbrains.kotlin.gradle.tasks.AbstractKotlinCompile$execute$1$1             : loaded 2 times (x 79B)
Class com.google.common.collect.ExplicitOrdering                                      : loaded 2 times (x 115B)
Class com.google.common.io.ByteSink$AsCharSink                                        : loaded 2 times (x 80B)
Class org.jetbrains.kotlin.gradle.tasks.configuration.AbstractKotlinCompileConfig$2$3 : loaded 2 times (x 75B)
Class org.jetbrains.kotlin.gradle.tasks.configuration.BaseKotlinCompileConfig         : loaded 2 times (x 72B)
Class org.jetbrains.kotlin.gradle.plugin.mpp.compilationImpl.factory.KotlinCompilationImplFactory$KotlinCompilationTaskNamesContainerFactory: loaded 2 times (x 70B)
Class org.jetbrains.kotlin.gradle.internal.KotlinDependenciesManagementKt$CustomizeKotlinDependenciesSetupAction$1$coreLibrariesVersion$1: loaded 2 times (x 79B)
Class org.jetbrains.kotlin.gradle.plugin.diagnostics.checkers.CInteropInputChecker$runChecks$1: loaded 2 times (x 88B)
Class org.jetbrains.kotlin.gradle.ExperimentalKotlinGradlePluginApi                   : loaded 2 times (x 70B)
Class org.jetbrains.kotlin.gradle.internal.properties.NativePropertiesLoader          : loaded 2 times (x 86B)
Class org.jetbrains.kotlin.statistics.metrics.NumberAnonymizationPolicy$SAFE          : loaded 2 times (x 85B)
Class org.jetbrains.kotlin.gradle.plugin.statistics.BuildFusService                   : loaded 2 times (x 84B)
Class com.google.common.util.concurrent.UncheckedExecutionException                   : loaded 2 times (x 82B)
Class [Lorg.jetbrains.kotlin.config.LanguageFeature$Kind;                             : loaded 2 times (x 69B)
Class org.jetbrains.kotlin.config.LanguageFeature$Kind                                : loaded 2 times (x 79B)
Class org.jetbrains.kotlin.gradle.plugin.sources.FragmentConsistencyChecker           : loaded 2 times (x 72B)
Class org.jetbrains.kotlin.gradle.targets.js.npm.NpmDependencyExtensionDelegate       : loaded 2 times (x 167B)
Class com.google.common.collect.Range                                                 : loaded 2 times (x 87B)
Class org.jetbrains.kotlin.incremental.classpathDiff.KotlinClassSnapshot              : loaded 2 times (x 74B)
Class org.jetbrains.kotlin.gradle.tasks.configuration.BaseKotlinCompileConfig$1$classpathConfiguration$1: loaded 2 times (x 75B)
Class org.jetbrains.kotlin.build.report.metrics.BuildTimes$Companion                  : loaded 2 times (x 71B)
Class com.google.common.base.Optional                                                 : loaded 2 times (x 80B)
Class org.jetbrains.kotlin.daemon.client.BasicCompilerServicesWithResultsFacadeServerKt$WhenMappings: loaded 2 times (x 71B)
Class org.jetbrains.kotlin.gradle.tasks.configuration.AbstractKotlinCompileConfig$2$4 : loaded 2 times (x 75B)
Class org.jetbrains.kotlin.gradle.tasks.KotlinCompile$scriptSources$1                 : loaded 2 times (x 75B)
Class org.jetbrains.kotlin.build.report.metrics.BuildAttribute$Companion              : loaded 2 times (x 71B)
Class org.jetbrains.kotlin.gradle.plugin.diagnostics.checkers.CInteropInputChecker$runChecks$2: loaded 2 times (x 75B)
Class org.jetbrains.kotlin.gradle.tasks.configuration.KaptGenerateStubsConfig$Companion: loaded 2 times (x 71B)
Class org.jetbrains.kotlin.gradle.internal.KotlinTestDependencyManagementKt$maybeAddTestDependencyCapability$1: loaded 2 times (x 75B)
Class com.google.common.collect.ImmutableSortedSetFauxverideShim                      : loaded 2 times (x 147B)
Class org.jetbrains.kotlin.gradle.plugin.diagnostics.CheckKotlinGradlePluginConfigurationErrorsKt: loaded 2 times (x 71B)
Class org.jetbrains.kotlin.gradle.targets.js.npm.NpmDependencyExtensionKt$AddNpmDependencyExtensionProjectSetupAction$1$WhenMappings: loaded 2 times (x 71B)
Class org.jetbrains.kotlin.gradle.plugin.mpp.KotlinJvmAndroidCompilation              : loaded 2 times (x 198B)
Class org.jetbrains.kotlin.gradle.targets.CreateDefaultCompilationsSideEffectKt$CreateDefaultCompilationsSideEffect$1: loaded 2 times (x 74B)
Class org.jetbrains.kotlin.gradle.targets.native.internal.AddKotlinPlatformIntegersSupportLibraryKt$AddKotlinPlatformIntegersSupportLibrary$1: loaded 2 times (x 95B)
Class org.jetbrains.kotlin.gradle.plugin.mpp.ApplyUserDefinedAttributesKt             : loaded 2 times (x 71B)
Class org.jetbrains.kotlin.tooling.core.TypeUtils$WhenMappings                        : loaded 2 times (x 71B)
Class org.jetbrains.kotlin.gradle.utils.FutureImpl                                    : loaded 2 times (x 80B)
Class org.jetbrains.kotlin.gradle.internal.properties.NativePropertiesLoader$isToolchainEnabled$1: loaded 2 times (x 75B)
Class [Lorg.jetbrains.kotlin.statistics.metrics.NumericalMetrics;                     : loaded 2 times (x 69B)
Class org.gradle.internal.InternalTransformer                                         : loaded 2 times (x 70B)
Class org.jetbrains.kotlin.compilerRunner.IncrementalCompilationEnvironment$Companion : loaded 2 times (x 71B)
Class kotlin.collections.ArraysKt___ArraysKt$asSequence$$inlined$Sequence$1           : loaded 2 times (x 75B)
Class org.jetbrains.kotlin.daemon.common.ReportCategory                               : loaded 2 times (x 79B)
Class com.android.manifmerger.ManifestMerger2$MergeFailureException                   : loaded 2 times (x 82B)
Class org.jetbrains.org.objectweb.asm.tree.ModuleNode                                 : loaded 2 times (x 82B)
Class org.jetbrains.kotlin.config.CompilerConfiguration                               : loaded 2 times (x 88B)
Class com.google.common.util.concurrent.AbstractFuture$UnsafeAtomicHelper$1           : loaded 2 times (x 76B)
Class org.jetbrains.kotlin.build.report.metrics.ValueType                             : loaded 2 times (x 79B)
Class org.jetbrains.kotlin.gradle.plugin.KotlinCompilerArgumentsProducer              : loaded 2 times (x 70B)
Class org.jetbrains.kotlin.gradle.targets.native.toolchain.UsesKotlinNativeBundleBuildService: loaded 2 times (x 70B)
Class com.google.common.collect.ImmutableBiMap$Builder                                : loaded 2 times (x 82B)
Class [Lcom.google.common.hash.ImmutableSupplier;                                     : loaded 2 times (x 69B)
Class org.jetbrains.kotlin.gradle.plugin.KotlinCompilerArgumentsProducer$DefaultImpls : loaded 2 times (x 71B)
Class com.google.common.collect.HashMultimapGwtSerializationDependencies              : loaded 2 times (x 174B)
Class org.objectweb.asm.ConstantDynamic                                               : loaded 2 times (x 72B)
Class org.jetbrains.kotlin.gradle.tasks.CompileUsingKotlinDaemonWithNormalization     : loaded 2 times (x 70B)
Class org.jetbrains.kotlin.gradle.plugin.mpp.compilationImpl.factory.KotlinCompilationImplFactory$PostConfigure$Companion: loaded 2 times (x 71B)
Class com.google.common.collect.AbstractMapBasedMultimap$KeySet$1                     : loaded 2 times (x 82B)
Class org.jetbrains.kotlin.gradle.internal.KotlinDomApiDependencyManagementKt$configureKotlinDomApiDefaultDependency$1: loaded 2 times (x 79B)
Class org.jetbrains.kotlin.gradle.targets.js.npm.DefaultDevNpmDependencyExtension     : loaded 2 times (x 145B)
Class [Lorg.jetbrains.kotlin.gradle.plugin.HasKotlinDependencies;                     : loaded 2 times (x 69B)
Class org.jetbrains.kotlin.gradle.tasks.DefaultKotlinJavaToolchain$Companion$wireJvmTargetToToolchain$1: loaded 2 times (x 75B)
Class org.jetbrains.kotlin.gradle.plugin.diagnostics.checkers.JsLikeEnvironmentChecker: loaded 2 times (x 76B)
Class org.jetbrains.kotlin.gradle.plugin.KotlinPlatformType                           : loaded 2 times (x 82B)
Class org.jetbrains.kotlin.gradle.internal.properties.PropertiesBuildServiceKt        : loaded 2 times (x 71B)
Class org.jetbrains.kotlin.gradle.plugin.KotlinGradleBuildServices$Companion          : loaded 2 times (x 71B)
Class org.objectweb.asm.ClassWriter                                                   : loaded 2 times (x 106B)
Class com.google.common.cache.CacheLoader$UnsupportedLoadingOperationException        : loaded 2 times (x 82B)
Class org.gradle.internal.classloader.ClasspathUtil$1                                 : loaded 2 times (x 76B)
Class org.jetbrains.kotlin.gradle.plugin.KotlinGradlePluginExtensionPointInternalKt   : loaded 2 times (x 71B)
Class org.jetbrains.kotlin.gradle.dsl.KotlinJvmProjectExtension                       : loaded 2 times (x 139B)
Class org.jetbrains.kotlin.gradle.plugin.mpp.compilationImpl.KotlinCreateSourcesJarTaskSideEffectKt: loaded 2 times (x 71B)
Class org.jetbrains.kotlin.gradle.dsl.KotlinCommonOptions                             : loaded 2 times (x 70B)
Class org.jetbrains.kotlin.incremental.storage.DelegateDataExternalizer               : loaded 2 times (x 76B)
Class org.jetbrains.kotlin.gradle.plugin.mpp.HasBinaries                              : loaded 2 times (x 70B)
Class org.jetbrains.kotlin.incremental.KotlinClassInfo$Companion                      : loaded 2 times (x 71B)
Class org.jetbrains.kotlin.daemon.client.KotlinCompilerClient$GcAutoConfiguration     : loaded 2 times (x 72B)
Class com.google.common.base.Objects                                                  : loaded 2 times (x 71B)
Class org.jetbrains.kotlin.gradle.plugin.diagnostics.TransformActionUsingKotlinToolingDiagnostics$Companion: loaded 2 times (x 71B)
Class org.jetbrains.kotlin.gradle.plugin.BuildFinishedListenerService$Companion$registerIfAbsent$1: loaded 2 times (x 74B)
Class com.google.common.collect.AbstractMapBasedMultimap$Itr                          : loaded 2 times (x 83B)
Class org.jetbrains.kotlin.gradle.plugin.diagnostics.ToolingDiagnosticRenderingOptions$Companion: loaded 2 times (x 71B)
Class org.jetbrains.kotlin.gradle.dsl.KotlinJvmCompilerOptionsHelper                  : loaded 2 times (x 71B)
Class org.jetbrains.kotlin.gradle.tasks.DefaultKotlinJavaToolchain$Companion$wireJvmTargetToToolchain$2: loaded 2 times (x 75B)
Class org.jetbrains.kotlin.gradle.plugin.ProjectLocalConfigurations$ProjectLocalDisambiguation: loaded 2 times (x 76B)
Class org.jetbrains.kotlin.gradle.plugin.mpp.apple.swiftexport.internal.SwiftExportInitKt: loaded 2 times (x 71B)
Class org.jetbrains.kotlin.gradle.internal.properties.PropertiesBuildService$NullableStringGradleProperty: loaded 2 times (x 76B)
Class org.jetbrains.kotlin.gradle.plugin.KotlinGradleBuildServices$detectKotlinPluginLoadedInMultipleProjects$onRegister$1$1: loaded 2 times (x 75B)
Class org.jetbrains.kotlin.gradle.plugin.internal.ConfigurationCacheStartParameterAccessor$Factory: loaded 2 times (x 70B)
Class org.objectweb.asm.FieldVisitor                                                  : loaded 2 times (x 77B)
Class com.google.common.collect.IndexedImmutableSet                                   : loaded 2 times (x 150B)
Class com.google.common.collect.ImmutableMap$1                                        : loaded 2 times (x 81B)
Class org.gradle.api.internal.classpath.DefaultModuleRegistry$DefaultModule           : loaded 2 times (x 86B)
Class com.google.common.collect.ImmutableRangeSet$1                                   : loaded 2 times (x 209B)
Class org.jetbrains.kotlin.gradle.plugin.KotlinCompilationInfo$TCS                    : loaded 2 times (x 89B)
Class org.jetbrains.kotlin.gradle.plugin.statistics.KotlinProjectConfigurationMetrics : loaded 2 times (x 71B)
Class org.jetbrains.kotlin.gradle.tasks.DefaultKotlinJavaToolchain_Decorated          : loaded 2 times (x 126B)
Class org.jetbrains.kotlin.gradle.tasks.configuration.AbstractKotlinCompileConfig$2$1 : loaded 2 times (x 79B)
Class org.jetbrains.kotlin.incremental.classpathDiff.InaccessibleClassSnapshotExternalizer: loaded 2 times (x 75B)
Class org.jetbrains.kotlin.daemon.client.KotlinCompilerClient$tryFindSuitableDaemonOrNewOpts$$inlined$compareBy$1: loaded 2 times (x 90B)
Class org.jetbrains.kotlin.incremental.classpathDiff.JavaClassMemberLevelSnapshot     : loaded 2 times (x 72B)
Class com.google.common.hash.AbstractHashFunction                                     : loaded 2 times (x 95B)
Class build_39ox8nl6s8z69g2yg5som32w6$_run_closure1$_closure3                         : loaded 2 times (x 139B)
Class org.jetbrains.kotlin.buildtools.api.KotlinLogger                                : loaded 2 times (x 70B)
Class org.jetbrains.kotlin.gradle.internal.transforms.BuildToolsApiClasspathEntrySnapshotTransform$Parameters$Inject: loaded 2 times (x 118B)
Class com.google.common.collect.NullsFirstOrdering                                    : loaded 2 times (x 115B)
Class com.google.common.base.Absent                                                   : loaded 2 times (x 80B)
Class org.jetbrains.kotlin.gradle.plugin.diagnostics.CheckKotlinGradlePluginConfigurationErrors_Decorated: loaded 2 times (x 365B)
Class org.jetbrains.kotlin.gradle.plugin.mpp.compilationImpl.KotlinCompilationSourceSetInclusion$DefaultAddSourcesToCompileTask$addSources$1: loaded 2 times (x 79B)
Class org.jetbrains.kotlin.gradle.plugin.diagnostics.checkers.WasmSourceSetsNotFoundChecker$wasmSourceSetRegex$2: loaded 2 times (x 78B)
Class org.jetbrains.kotlin.gradle.plugin.mpp.compilationImpl.KotlinCompilationSideEffect: loaded 2 times (x 70B)
Class org.jetbrains.kotlin.gradle.plugin.KotlinGradlePluginExtensionPoint             : loaded 2 times (x 70B)
Class org.jetbrains.kotlin.tooling.core.ExtrasUtilsKt                                 : loaded 2 times (x 71B)
Class org.jetbrains.kotlin.buildtools.api.ExperimentalBuildToolsApi                   : loaded 2 times (x 70B)
Class org.jetbrains.kotlin.gradle.utils.ResourceUtilsKt                               : loaded 2 times (x 71B)
Class org.jetbrains.kotlin.gradle.plugin.KotlinPluginWrapperKt$kotlinPluginVersionFromResources$1: loaded 2 times (x 78B)
Class com.google.common.primitives.Ints                                               : loaded 2 times (x 71B)
Class com.google.common.collect.AbstractIterator                                      : loaded 2 times (x 82B)
Class org.jetbrains.kotlin.cli.jvm.compiler.CompatKt                                  : loaded 2 times (x 71B)
Class org.jetbrains.kotlin.cli.jvm.config.JvmContentRootBase                          : loaded 2 times (x 70B)
Class kotlin.collections.CollectionsKt___CollectionsKt$withIndex$1                    : loaded 2 times (x 79B)
Class com.google.common.collect.AbstractMultimap                                      : loaded 2 times (x 123B)
Class com.google.common.cache.LocalCache$2                                            : loaded 2 times (x 142B)
Class org.jetbrains.kotlin.gradle.dsl.HasConfigurableKotlinCompilerOptions            : loaded 2 times (x 70B)
Class org.jetbrains.kotlin.gradle.utils.FileUtilsKt$localProperties$1                 : loaded 2 times (x 75B)
Class org.jetbrains.kotlin.gradle.plugin.mpp.KotlinUsages$KotlinJavaRuntimeJarsCompatibility: loaded 2 times (x 76B)
Class org.jetbrains.kotlin.gradle.plugin.mpp.compilationImpl.KotlinCompilationProcessorSideEffectKt: loaded 2 times (x 71B)
Class org.jetbrains.kotlin.gradle.plugin.diagnostics.checkers.KotlinTargetAlreadyDeclaredChecker: loaded 2 times (x 74B)
Class org.jetbrains.kotlin.gradle.plugin.KotlinTargetPreset                           : loaded 2 times (x 70B)
Class com.google.common.collect.ImmutableList$Builder                                 : loaded 2 times (x 77B)
Class com.google.common.collect.Sets$ImprovedAbstractSet                              : loaded 2 times (x 135B)
Class org.jetbrains.kotlin.gradle.plugin.KotlinCompilationWithResources               : loaded 2 times (x 70B)
Class com.google.common.collect.MapMakerInternalMap$AbstractStrongKeyEntry            : loaded 2 times (x 80B)
Class build_ek2zvxsey6me7tacw776m30ie                                                 : loaded 2 times (x 180B)
Class org.jetbrains.kotlin.compilerRunner.CompilerExecutionSettings$Companion         : loaded 2 times (x 71B)
Class org.jetbrains.kotlin.buildtools.api.CompilationService$Companion                : loaded 2 times (x 71B)
Class org.jetbrains.kotlin.gradle.tasks.UsesKotlinJavaToolchain$DefaultImpls          : loaded 2 times (x 71B)
Class org.jetbrains.kotlin.build.report.metrics.BuildAttributeKind$Companion          : loaded 2 times (x 71B)
Class org.jetbrains.kotlin.gradle.plugin.mpp.KotlinTargetSoftwareComponentImplKt$KotlinTargetSoftwareComponent$1$1$1: loaded 2 times (x 75B)
Class org.jetbrains.kotlin.gradle.tasks.configuration.KaptGenerateStubsConfig$Companion$configureLibraries$1: loaded 2 times (x 79B)
Class org.jetbrains.kotlin.gradle.plugin.mpp.compilationImpl.KotlinCompilationSourceSetInclusion$DefaultAddSourcesToCompileTask$addSources$2: loaded 2 times (x 79B)
Class org.jetbrains.kotlin.gradle.tasks.AbstractKotlinCompile                         : loaded 2 times (x 453B)
Class org.jetbrains.kotlin.gradle.plugin.KotlinCompilationOutput                      : loaded 2 times (x 70B)
Class org.jetbrains.kotlin.gradle.plugin.diagnostics.CheckKotlinGradlePluginConfigurationErrorsKt$addDependsOnFromTasksThatShouldFailWhenErrorsReported$1: loaded 2 times (x 75B)
Class org.jetbrains.kotlin.konan.target.KonanTarget$TVOS_X64                          : loaded 2 times (x 78B)
Class org.jetbrains.kotlin.gradle.plugin.diagnostics.KotlinToolingDiagnosticsSetupActionKt: loaded 2 times (x 71B)
Class org.jetbrains.kotlin.gradle.plugin.KotlinGradleBuildServices$Parameters$Inject  : loaded 2 times (x 106B)
Class org.jetbrains.kotlin.gradle.plugin.statistics.BuildFusService$Companion$registerIfAbsentImpl$2: loaded 2 times (x 75B)
Class org.jetbrains.kotlin.gradle.plugin.KotlinPluginWrapperKt$kotlinPluginVersionFromResources$1$1: loaded 2 times (x 71B)
Class com.google.common.collect.Multiset                                              : loaded 2 times (x 70B)
Class com.google.common.collect.ArrayListMultimapGwtSerializationDependencies         : loaded 2 times (x 172B)
Class com.google.common.collect.ObjectArrays                                          : loaded 2 times (x 71B)
Class com.google.common.collect.AbstractIndexedListIterator                           : loaded 2 times (x 96B)
Class org.objectweb.asm.commons.SignatureRemapper                                     : loaded 2 times (x 88B)
Class com.google.common.collect.AbstractSetMultimap                                   : loaded 2 times (x 174B)
Class com.google.common.io.ByteSource$ByteArrayByteSource                             : loaded 2 times (x 85B)
Class org.jetbrains.kotlin.daemon.common.DaemonOptions$mappers$1                      : loaded 2 times (x 137B)
Class org.jetbrains.kotlin.daemon.common.Profiler                                     : loaded 2 times (x 70B)
Class org.jetbrains.kotlin.tooling.core.Extras$Entry                                  : loaded 2 times (x 72B)
Class org.jetbrains.kotlin.gradle.plugin.sources.InternalKotlinSourceSetKt            : loaded 2 times (x 71B)
Class org.jetbrains.kotlin.gradle.internal.Kapt3GradleSubplugin$Kapt3SubpluginContext : loaded 2 times (x 72B)
Class org.jetbrains.kotlin.gradle.artifacts.KotlinTargetArtifact                      : loaded 2 times (x 70B)
Class org.jetbrains.kotlin.gradle.dsl.KotlinJvmCompilerOptionsDefault_Decorated       : loaded 2 times (x 168B)
Class org.jetbrains.kotlin.gradle.plugin.HasKotlinDependencies                        : loaded 2 times (x 70B)
Class org.jetbrains.kotlin.gradle.targets.native.toolchain.KotlinNativeBundleBuildService$Companion: loaded 2 times (x 71B)
Class org.jetbrains.kotlin.gradle.plugin.BuildEventsListenerRegistryHolder_Decorated  : loaded 2 times (x 119B)
Class org.jetbrains.kotlin.gradle.plugin.statistics.BuildFusService$Companion$registerIfAbsentImpl$2$1: loaded 2 times (x 75B)
Class org.jetbrains.kotlin.gradle.plugin.statistics.MetricContainer                   : loaded 2 times (x 72B)
Class org.jetbrains.kotlin.gradle.plugin.statistics.old.Pre232IdeaKotlinBuildStatsMXBean: loaded 2 times (x 70B)
Class org.jetbrains.kotlin.gradle.plugin.statistics.KotlinBuildStatsServicesRegistry  : loaded 2 times (x 78B)
Class org.jetbrains.kotlin.gradle.plugin.VariantImplementationFactoriesConfigurator   : loaded 2 times (x 76B)
Class com.google.common.collect.ImmutableMapEntrySet                                  : loaded 2 times (x 151B)
Class org.gradle.api.internal.classpath.Module                                        : loaded 2 times (x 70B)
Class com.google.common.io.CharSource$StringCharSource                                : loaded 2 times (x 86B)
Class org.jetbrains.kotlin.buildtools.api.SharedApiClassesClassLoader                 : loaded 2 times (x 71B)
Class org.jetbrains.kotlin.incremental.classpathDiff.MultifileClassKotlinClassSnapshotExternalizer: loaded 2 times (x 75B)
Class org.jetbrains.kotlin.daemon.common.DaemonParamsKt$daemonJVMOptionsMemoryProps$3 : loaded 2 times (x 137B)
Class build_n1ggnt65e4e0jdt93plxmyy$_run_closure1$_closure3                           : loaded 2 times (x 139B)
Class org.jetbrains.kotlin.cli.common.messages.CompilerMessageLocationWithRange$Companion: loaded 2 times (x 71B)
Class org.jetbrains.kotlin.daemon.common.DaemonOptions$mappers$2                      : loaded 2 times (x 125B)
Class org.jetbrains.kotlin.gradle.logging.GradleLoggingUtilsKt$WhenMappings           : loaded 2 times (x 71B)
Class org.jetbrains.kotlin.gradle.plugin.statistics.CompileKotlinTaskMetrics          : loaded 2 times (x 71B)
Class org.jetbrains.kotlin.buildtools.internal.ClassLoaderUtilsKt                     : loaded 2 times (x 71B)
Class org.jetbrains.kotlin.gradle.tasks.DefaultKotlinJavaToolchain$getToolsJarFromJvm$1$1: loaded 2 times (x 79B)
Class org.jetbrains.kotlin.gradle.tasks.KotlinCompile$ClasspathSnapshotProperties_Decorated: loaded 2 times (x 137B)
Class org.jetbrains.kotlin.gradle.internal.transforms.BuildToolsApiClasspathEntrySnapshotTransform$Parameters_Decorated: loaded 2 times (x 155B)
Class org.jetbrains.kotlin.gradle.plugin.mpp.compilationImpl.KotlinCompilationSourceSetInclusion$Companion$includedSourceSets$2: loaded 2 times (x 78B)
Class org.jetbrains.kotlin.gradle.plugin.diagnostics.KotlinToolingDiagnosticsSetupActionKt$KotlinToolingDiagnosticsSetupAction$1$1: loaded 2 times (x 75B)
Class org.jetbrains.kotlin.gradle.targets.js.npm.NpmDirectoryDependencyWithExternalsExtension: loaded 2 times (x 70B)
Class org.jetbrains.kotlin.gradle.plugin.KotlinProjectSetupAction                     : loaded 2 times (x 70B)
Class org.jetbrains.kotlin.gradle.plugin.KotlinGradleFinishBuildHandler$Companion     : loaded 2 times (x 71B)
Class com.google.common.cache.Weigher                                                 : loaded 2 times (x 70B)
Class org.gradle.api.internal.classpath.UnknownModuleException                        : loaded 2 times (x 82B)
Class [Lorg.jetbrains.kotlin.cli.jvm.compiler.EnvironmentConfigFiles;                 : loaded 2 times (x 69B)
Class kotlin.jvm.internal.PropertyReference                                           : loaded 2 times (x 115B)
Class com.google.common.reflect.TypeToken$SimpleTypeToken                             : loaded 2 times (x 73B)
Class org.jetbrains.kotlin.incremental.classpathDiff.ClasspathEntrySnapshot           : loaded 2 times (x 72B)
Class org.jetbrains.kotlin.incremental.classpathDiff.ExtraInfoExternalizer            : loaded 2 times (x 75B)
Class org.jetbrains.kotlin.incremental.classpathDiff.KotlinClassInfoExternalizer      : loaded 2 times (x 75B)
Class org.jetbrains.kotlin.cli.jvm.config.JvmClasspathRoot                            : loaded 2 times (x 80B)
Class org.jetbrains.kotlin.incremental.storage.LongExternalizer                       : loaded 2 times (x 75B)
Class org.jetbrains.kotlin.incremental.classpathDiff.AccessibleClassSnapshot          : loaded 2 times (x 73B)
Class org.jetbrains.kotlin.incremental.SelectiveClassVisitor                          : loaded 2 times (x 87B)
Class build_drsywxkk4nm45ulfdfg3mypk0$_run_closure1                                   : loaded 2 times (x 139B)
Class build_ecu8fnl2qv8m4o2dc5hfycyql                                                 : loaded 2 times (x 180B)
Class org.jetbrains.kotlin.gradle.logging.GradleBufferingMessageCollector$MessageData : loaded 2 times (x 72B)
Class org.jetbrains.kotlin.daemon.common.DaemonOptions$mappers$3                      : loaded 2 times (x 137B)
Class org.jetbrains.kotlin.config.Services$Companion                                  : loaded 2 times (x 71B)
Class org.jetbrains.kotlin.gradle.tasks.KotlinCompile$createCompilerArguments$1$1     : loaded 2 times (x 79B)
Class org.jetbrains.kotlin.cli.common.arguments.K2JVMCompilerArguments$Companion      : loaded 2 times (x 71B)
Class org.jetbrains.kotlin.gradle.plugin.mpp.InternalKotlinTargetComponentKt          : loaded 2 times (x 71B)
Class org.jetbrains.kotlin.gradle.plugin.mpp.InternalKotlinTarget$DefaultImpls        : loaded 2 times (x 71B)
Class org.jetbrains.kotlin.gradle.plugin.KotlinPluginLifecycleImpl$executeCurrentStageAndScheduleNext$3: loaded 2 times (x 75B)
Class org.jetbrains.kotlin.gradle.plugin.mpp.compilationImpl.KotlinCompilationRegisterInSourceSetsConfigurator$configure$1: loaded 2 times (x 79B)
Class org.jetbrains.kotlin.gradle.plugin.diagnostics.KotlinToolingDiagnosticsSetupActionKt$KotlinToolingDiagnosticsSetupAction$1$2: loaded 2 times (x 95B)
Class org.jetbrains.kotlin.gradle.targets.js.npm.NpmDependencyWithExternalsExtension  : loaded 2 times (x 70B)
Class org.jetbrains.kotlin.gradle.plugin.mpp.KotlinUsageContext                       : loaded 2 times (x 70B)
Class org.jetbrains.kotlin.gradle.plugin.KotlinTargetsContainer                       : loaded 2 times (x 70B)
Class org.jetbrains.kotlin.compilerRunner.GradleCliCommonizerKt                       : loaded 2 times (x 71B)
Class org.jetbrains.kotlin.gradle.utils.ConfigurationsKt                              : loaded 2 times (x 71B)
Class org.jetbrains.kotlin.gradle.plugin.StatisticsBuildFlowManager                   : loaded 2 times (x 72B)
Class org.jetbrains.kotlin.gradle.plugin.statistics.BuildFusService$Parameters        : loaded 2 times (x 70B)
Class org.jetbrains.kotlin.gradle.plugin.PluginWrappersKt                             : loaded 2 times (x 71B)
Class com.google.common.base.Stopwatch                                                : loaded 2 times (x 72B)
Class com.google.common.cache.LocalCache$Strength                                     : loaded 2 times (x 81B)
Class com.google.common.cache.Cache                                                   : loaded 2 times (x 70B)
Class com.google.gson.stream.JsonReader$1                                             : loaded 2 times (x 72B)
Class org.jetbrains.kotlin.cli.common.CLIConfigurationKeys                            : loaded 2 times (x 71B)
Class com.google.common.collect.AbstractMapEntry                                      : loaded 2 times (x 81B)
Class com.google.common.cache.LocalCache$1                                            : loaded 2 times (x 89B)
Class com.google.common.base.Ascii                                                    : loaded 2 times (x 71B)
Class org.jetbrains.kotlin.gradle.plugin.statistics.KotlinBuildStatsLoggerService$Companion: loaded 2 times (x 71B)
Class org.jetbrains.kotlin.gradle.plugin.diagnostics.checkers.AndroidSourceSetLayoutV1SourceSetsNotFoundChecker$androidSourceSetRegex$2: loaded 2 times (x 78B)
Class build_9agby7hio7ato1s60w27jwzom                                                 : loaded 2 times (x 180B)
Class [Lorg.jetbrains.kotlin.build.report.statistics.StatTag;                         : loaded 2 times (x 69B)
Class org.jetbrains.kotlin.daemon.common.DaemonOptions$mappers$4                      : loaded 2 times (x 125B)
Class org.jetbrains.kotlin.gradle.tasks.KotlinCompile$createCompilerArguments$1$2     : loaded 2 times (x 79B)
Class com.google.common.io.AppendableWriter                                           : loaded 2 times (x 100B)
Class com.google.common.io.Files$2                                                    : loaded 2 times (x 76B)
Class org.jetbrains.kotlin.gradle.plugin.mpp.InternalKotlinTargetKt                   : loaded 2 times (x 71B)
Class org.jetbrains.kotlin.gradle.plugin.diagnostics.KotlinToolingDiagnosticsSetupActionKt$KotlinToolingDiagnosticsSetupAction$1$3: loaded 2 times (x 75B)
Class org.jetbrains.kotlin.gradle.targets.js.dsl.KotlinTargetWithNodeJsDsl            : loaded 2 times (x 70B)
Class org.jetbrains.kotlin.gradle.plugin.sources.DefaultKotlinSourceSetKt$defaultSourceSetLanguageSettingsChecker$1: loaded 2 times (x 78B)
Class org.jetbrains.kotlin.gradle.plugin.sources.InternalKotlinSourceSet              : loaded 2 times (x 70B)
Class org.jetbrains.kotlin.gradle.plugin.KotlinJvmPlugin                              : loaded 2 times (x 80B)
Class org.jetbrains.kotlin.gradle.plugin.mpp.SyncLanguageSettingsWithKotlinExtensionSetupActionKt$SyncLanguageSettingsWithKotlinExtensionSetupAction$1: loaded 2 times (x 95B)
Class org.jetbrains.kotlin.gradle.dsl.KotlinGradlePluginPublicDsl                     : loaded 2 times (x 70B)
Class org.jetbrains.kotlin.gradle.internal.properties.NativeProperties                : loaded 2 times (x 70B)
Class org.jetbrains.kotlin.statistics.BuildSessionLogger                              : loaded 2 times (x 77B)
Class org.jetbrains.kotlin.gradle.plugin.internal.ConfigurationCacheStartParameterAccessor: loaded 2 times (x 70B)
Class com.google.common.util.concurrent.AbstractFuture$Cancellation                   : loaded 2 times (x 72B)
Class com.google.common.collect.ImmutableMap$Builder                                  : loaded 2 times (x 82B)
Class org.jetbrains.kotlin.incremental.storage.JvmMethodSignatureExternalizer         : loaded 2 times (x 75B)
Class org.jetbrains.kotlin.gradle.plugin.diagnostics.checkers.WasmSourceSetsNotFoundChecker: loaded 2 times (x 74B)
Class org.jetbrains.kotlin.incremental.classpathDiff.KotlinClassSnapshotExternalizer  : loaded 2 times (x 76B)
Class [Lorg.jetbrains.kotlin.konan.target.KonanTarget;                                : loaded 2 times (x 69B)
Class com.google.common.collect.SingletonImmutableBiMap                               : loaded 2 times (x 143B)
Class org.jetbrains.kotlin.gradle.plugin.hierarchy.KotlinSourceSetTreeClassifierKt$classify$1: loaded 2 times (x 88B)
Class org.jetbrains.kotlin.gradle.plugin.diagnostics.RenderReportedDiagnosticsKt      : loaded 2 times (x 71B)
Class org.jetbrains.kotlin.daemon.common.DaemonJVMOptions                             : loaded 2 times (x 75B)
Class org.jetbrains.kotlin.incremental.IncrementalModuleInfo                          : loaded 2 times (x 72B)
Class org.jetbrains.kotlin.gradle.tasks.KotlinCompile$createCompilerArguments$1$3     : loaded 2 times (x 79B)
Class org.jetbrains.kotlin.cli.common.arguments.CommonToolArguments$Companion         : loaded 2 times (x 71B)
Class com.google.common.base.Present                                                  : loaded 2 times (x 81B)
Class com.google.common.collect.AbstractMapBasedMultimap$WrappedCollection$WrappedIterator: loaded 2 times (x 84B)
Class org.jetbrains.kotlin.gradle.utils.FutureKt$future$2$1                           : loaded 2 times (x 95B)
Class [Lorg.jetbrains.kotlin.gradle.plugin.statistics.plugins.ObservablePlugins;      : loaded 2 times (x 69B)
Class org.jetbrains.kotlin.gradle.plugin.internal.BuildIdService$Companion$registerIfAbsent$1$1: loaded 2 times (x 75B)
Class org.jetbrains.kotlin.gradle.plugin.mpp.compilationImpl.factory.KotlinCompilationDependencyConfigurationsFactoriesKt$WhenMappings: loaded 2 times (x 71B)
Class org.jetbrains.kotlin.konan.target.KonanTarget$IOS_ARM64                         : loaded 2 times (x 78B)
Class org.jetbrains.kotlin.gradle.targets.js.dsl.KotlinWasmTargetDsl                  : loaded 2 times (x 70B)
Class org.jetbrains.kotlin.gradle.plugin.diagnostics.checkers.DisabledCinteropCommonizationInHmppProjectChecker$runChecks$1: loaded 2 times (x 88B)
Class org.jetbrains.kotlin.gradle.plugin.sources.ConsistencyCheck                     : loaded 2 times (x 72B)
Class org.jetbrains.kotlin.gradle.plugin.sources.DefaultKotlinSourceSetKt$defaultSourceSetLanguageSettingsChecker$2: loaded 2 times (x 78B)
Class org.jetbrains.kotlin.gradle.dsl.KotlinCommonToolOptions                         : loaded 2 times (x 70B)
Class org.jetbrains.kotlin.gradle.plugin.AbstractKotlinPlugin                         : loaded 2 times (x 79B)
Class org.jetbrains.kotlin.gradle.tasks.DefaultKotlinJavaToolchain$Companion$wireJvmTargetToJvm$1: loaded 2 times (x 75B)
Class org.jetbrains.kotlin.gradle.plugin.diagnostics.checkers.ComposePluginSuggestApplyChecker: loaded 2 times (x 74B)
Class org.jetbrains.kotlin.gradle.dsl.KotlinMultiplatformExtension                    : loaded 2 times (x 701B)
Class com.google.common.cache.RemovalListener                                         : loaded 2 times (x 70B)
Class org.gradle.api.internal.DefaultClassPathRegistry                                : loaded 2 times (x 76B)
Class kotlin.reflect.KProperty                                                        : loaded 2 times (x 70B)
Class org.jetbrains.kotlin.gradle.utils.GradleAttributesContainerUtilsKt$copyAttributeTo$1: loaded 2 times (x 79B)
Class org.jetbrains.kotlin.gradle.plugin.KotlinCompilerArgumentsProducer$CreateCompilerArgumentsContext: loaded 2 times (x 70B)
Class org.jetbrains.kotlin.gradle.tasks.DefaultKotlinJavaToolchain$DefaultJavaToolchainSetter$useAsConvention$1: loaded 2 times (x 75B)
Class com.google.common.collect.ImmutableSortedMap$Builder                            : loaded 2 times (x 90B)
Class com.google.common.reflect.Invokable$ConstructorInvokable                        : loaded 2 times (x 107B)
Class org.jetbrains.kotlin.daemon.common.DaemonOptions$mappers$6                      : loaded 2 times (x 137B)
Class org.jetbrains.kotlin.gradle.tasks.KotlinCompile$createCompilerArguments$1$4     : loaded 2 times (x 79B)
Class com.google.common.collect.ImmutableMultimap$Keys                                : loaded 2 times (x 166B)
Class org.jetbrains.kotlin.gradle.plugin.mpp.KotlinTargetSoftwareComponentImplKt$KotlinTargetSoftwareComponent$1$1$configuration$1: loaded 2 times (x 79B)
Class org.jetbrains.kotlin.gradle.targets.js.npm.DefaultPeerNpmDependencyExtension$delegate$1: loaded 2 times (x 167B)
Class org.jetbrains.kotlin.gradle.targets.js.npm.NpmDependency                        : loaded 2 times (x 97B)
Class org.jetbrains.kotlin.gradle.targets.js.npm.DefaultNpmDependencyExtension        : loaded 2 times (x 152B)
Class org.jetbrains.kotlin.gradle.targets.js.npm.NpmDependency$Scope                  : loaded 2 times (x 79B)
Class org.jetbrains.kotlin.gradle.plugin.sources.FragmentConsistencyChecks$unstableFeaturesCheck$1: loaded 2 times (x 79B)
Class org.jetbrains.kotlin.gradle.plugin.sources.DefaultKotlinSourceSet               : loaded 2 times (x 141B)
Class org.jetbrains.kotlin.gradle.plugin.diagnostics.checkers.AndroidSourceSetLayoutV1SourceSetsNotFoundChecker: loaded 2 times (x 74B)
Class org.jetbrains.kotlin.gradle.utils.ConfigurationsKt$sam$org_gradle_api_Action$0  : loaded 2 times (x 75B)
Class org.jetbrains.kotlin.gradle.plugin.VariantImplementationFactories$Parameters    : loaded 2 times (x 70B)
Class com.google.common.primitives.IntsMethodsForWeb                                  : loaded 2 times (x 71B)
Class com.google.common.collect.Multimap                                              : loaded 2 times (x 70B)
Class org.jetbrains.kotlin.load.java.JvmAbi                                           : loaded 2 times (x 71B)
Class [Lorg.jetbrains.kotlin.config.JvmDefaultMode;                                   : loaded 2 times (x 69B)
Class org.gradle.api.internal.ClassPathRegistry                                       : loaded 2 times (x 70B)
Class org.gradle.internal.classpath.DefaultClassPath$ImmutableUniqueList              : loaded 2 times (x 199B)
Class org.jetbrains.kotlin.daemon.common.DaemonParamsKt$daemonJVMOptionsMemoryProps$2 : loaded 2 times (x 137B)
Class org.jetbrains.kotlin.gradle.report.TaskExecutionInfo                            : loaded 2 times (x 72B)
Class com.google.common.collect.HashBiMap$BiEntry                                     : loaded 2 times (x 83B)
Class build_4g4bmpo7vaamu3z53v5ctkma8                                                 : loaded 2 times (x 180B)
Class org.jetbrains.kotlin.incremental.storage.FloatExternalizer                      : loaded 2 times (x 75B)
Class kotlin.reflect.KProperty1                                                       : loaded 2 times (x 70B)
Class org.gradle.internal.service.ServiceLocator                                      : loaded 2 times (x 70B)
Class com.google.common.reflect.TypeToken                                             : loaded 2 times (x 73B)
Class org.jetbrains.kotlin.daemon.common.LoopbackNetworkInterface$ClientLoopbackSocketFactory: loaded 2 times (x 75B)
Class org.jetbrains.kotlin.daemon.common.DaemonOptions$mappers$7                      : loaded 2 times (x 125B)
Class org.jetbrains.kotlin.daemon.client.DaemonReportMessage                          : loaded 2 times (x 72B)
Class org.jetbrains.kotlin.daemon.common.FileSystemUtilsKt                            : loaded 2 times (x 71B)
Class org.jetbrains.kotlin.gradle.plugin.internal.state.TaskLoggers                   : loaded 2 times (x 71B)
Class org.jetbrains.kotlin.buildtools.api.KotlinBuildToolsException                   : loaded 2 times (x 82B)
Class org.jetbrains.kotlin.gradle.internal.ClassLoaderCacheKey                        : loaded 2 times (x 72B)
Class com.google.common.collect.NullnessCasts                                         : loaded 2 times (x 71B)
Class com.google.common.collect.MapMakerInternalMap$Segment                           : loaded 2 times (x 142B)
Class com.google.common.base.ExtraObjectsMethodsForWeb                                : loaded 2 times (x 71B)
Class org.jetbrains.kotlin.gradle.plugin.statistics.KotlinBuildStatisticsUtilsKt$collectGeneralConfigurationTimeMetrics$statisticOverhead$1$2: loaded 2 times (x 75B)
Class org.jetbrains.kotlin.gradle.plugin.KotlinCompilation$DefaultImpls               : loaded 2 times (x 71B)
Class org.jetbrains.kotlin.gradle.utils.ProviderApiUtilsKt$providerWithLazyConvention$1: loaded 2 times (x 74B)
Class org.jetbrains.kotlin.konan.target.KonanTarget$Companion$predefinedTargets$2     : loaded 2 times (x 78B)
Class org.jetbrains.kotlin.gradle.plugin.sources.FragmentConsistencyChecks$unstableFeaturesCheck$2: loaded 2 times (x 78B)
Class org.jetbrains.kotlin.gradle.plugin.KotlinPluginLifecycleImpl                    : loaded 2 times (x 80B)
Class org.jetbrains.kotlin.gradle.plugin.diagnostics.KotlinToolingDiagnostics$WasmWasiEnvironmentNotChosenExplicitly: loaded 2 times (x 73B)
Class org.jetbrains.kotlin.gradle.artifacts.KotlinNativeKlibArtifactKt$KotlinNativeKlibArtifact$1: loaded 2 times (x 74B)
Class org.jetbrains.kotlin.gradle.dsl.KotlinCommonCompilerOptionsDefault              : loaded 2 times (x 96B)
Class org.jetbrains.kotlin.gradle.dsl.KotlinCommonCompilerToolOptionsDefault          : loaded 2 times (x 84B)
Class org.jetbrains.kotlin.gradle.internal.properties.NativePropertiesLoader$isUseXcodeMessageStyleEnabled$1: loaded 2 times (x 75B)
Class org.jetbrains.kotlin.gradle.plugin.StatisticsBuildFlowManager_Decorated         : loaded 2 times (x 119B)
Class org.jetbrains.kotlin.gradle.report.BuildReportMode$Companion                    : loaded 2 times (x 71B)
Class org.jetbrains.kotlin.gradle.plugin.VariantImplementationFactories$VariantImplementationFactory: loaded 2 times (x 70B)
Class jdk.internal.jimage.decompressor.ResourceDecompressor                           : loaded 2 times (x 70B)
Class [Lorg.jetbrains.org.objectweb.asm.tree.LabelNode;                               : loaded 2 times (x 69B)
Class com.google.common.collect.Platform                                              : loaded 2 times (x 71B)
Class [Lorg.objectweb.asm.Type;                                                       : loaded 2 times (x 69B)
Class org.jetbrains.kotlin.incremental.storage.InlinePropertyAccessorExternalizer     : loaded 2 times (x 75B)
Class org.jetbrains.kotlin.gradle.utils.IsolatedKotlinClasspathClassCastException     : loaded 2 times (x 82B)
Class org.jetbrains.kotlin.gradle.plugin.diagnostics.checkers.OverriddenKotlinNativeHomeChecker$StdlibExistenceCheckerValueSource: loaded 2 times (x 78B)
Class org.jetbrains.org.objectweb.asm.tree.FieldNode                                  : loaded 2 times (x 79B)
Class org.jetbrains.kotlin.gradle.plugin.mpp.compilationImpl.KotlinCompilationImpl$attributes$2: loaded 2 times (x 79B)
Class org.jetbrains.kotlin.gradle.tasks.configuration.AbstractKotlinCompileConfig     : loaded 2 times (x 72B)
Class org.jetbrains.kotlin.gradle.plugin.mpp.InternalKotlinCompilationKt              : loaded 2 times (x 71B)
Class build_39ox8nl6s8z69g2yg5som32w6$_run_closure1                                   : loaded 2 times (x 139B)
Class org.jetbrains.kotlin.gradle.plugin.hierarchy.KotlinSourceSetTreeClassifier$Default: loaded 2 times (x 71B)
Class org.jetbrains.kotlin.gradle.utils.ProviderApiUtilsKt$mapOrNull$1$1              : loaded 2 times (x 75B)
Class [Lorg.jetbrains.kotlin.daemon.common.CompilationResultCategory;                 : loaded 2 times (x 69B)
Class org.jetbrains.kotlin.daemon.client.DaemonProblemReportingOutputListener         : loaded 2 times (x 70B)
Class org.jetbrains.kotlin.daemon.client.DaemonReportingTargets                       : loaded 2 times (x 72B)
Class org.jetbrains.kotlin.incremental.ClasspathChanges$ClasspathSnapshotEnabled$NotAvailableForNonIncrementalRun: loaded 2 times (x 73B)
Class org.jetbrains.kotlin.gradle.internal.ClassLoadersCachingBuildService$Inject     : loaded 2 times (x 96B)
Class com.google.common.io.ByteSink                                                   : loaded 2 times (x 76B)
Class org.jetbrains.kotlin.gradle.plugin.mpp.ApplyUserDefinedAttributesKt$UserDefinedAttributesSetupAction$1$1: loaded 2 times (x 79B)
Class org.jetbrains.kotlin.compilerRunner.CompilerSystemPropertiesService             : loaded 2 times (x 80B)
Class org.jetbrains.kotlin.gradle.plugin.mpp.compilationImpl.KotlinCompilationImpl$1  : loaded 2 times (x 79B)
Class org.jetbrains.kotlin.gradle.targets.js.npm.SemVer$Companion                     : loaded 2 times (x 71B)
Class org.jetbrains.kotlin.konan.target.KonanTarget$LINUX_ARM64                       : loaded 2 times (x 78B)
Class org.jetbrains.kotlin.konan.target.KonanTarget$LINUX_X64                         : loaded 2 times (x 78B)
Class [Lorg.jetbrains.kotlin.konan.target.Architecture;                               : loaded 2 times (x 69B)
Class org.jetbrains.kotlin.gradle.targets.native.SetupEmbedAndSignAppleFrameworkTaskSideEffectKt$special$$inlined$KotlinTargetSideEffect$1: loaded 2 times (x 74B)
Class org.jetbrains.kotlin.gradle.plugin.mpp.KotlinUsages$KotlinCinteropCompatibility : loaded 2 times (x 77B)
Class org.jetbrains.kotlin.gradle.dsl.ExplicitApiMode                                 : loaded 2 times (x 79B)
Class org.jetbrains.kotlin.gradle.utils.GradleAttributesContainerUtilsKt              : loaded 2 times (x 71B)
Class org.jetbrains.kotlin.gradle.plugin.VariantImplementationFactories$Companion     : loaded 2 times (x 71B)
Class org.jetbrains.kotlin.gradle.plugin.internal.CustomPropertiesFileValueSource$Parameters_Decorated: loaded 2 times (x 134B)
Class org.jetbrains.kotlin.gradle.dsl.KotlinTopLevelExtensionConfig                   : loaded 2 times (x 70B)
Class com.google.common.cache.CacheBuilder                                            : loaded 2 times (x 72B)
Class com.google.common.collect.SingletonImmutableList                                : loaded 2 times (x 207B)
Class org.jetbrains.kotlin.config.JvmDefaultMode$Companion                            : loaded 2 times (x 71B)
Class Settings_gradle$1                                                               : loaded 2 times (x 74B)
Class org.gradle.internal.classpath.ClassPath                                         : loaded 2 times (x 70B)
Class org.gradle.api.UncheckedIOException                                             : loaded 2 times (x 82B)
Class [Lorg.jetbrains.kotlin.build.report.metrics.BuildAttribute;                     : loaded 2 times (x 69B)
Class [Lorg.objectweb.asm.Attribute;                                                  : loaded 2 times (x 69B)
Class org.jetbrains.kotlin.compilerRunner.OutputItemsCollectorImpl                    : loaded 2 times (x 77B)
Class org.jetbrains.kotlin.cli.common.arguments.PreprocessCommandLineArgumentsKt      : loaded 2 times (x 71B)
Class org.jetbrains.kotlin.daemon.common.DaemonParamsKt$daemonJVMOptionsMemoryProps$1 : loaded 2 times (x 137B)
Class org.jetbrains.kotlin.daemon.common.ReportSeverity                               : loaded 2 times (x 79B)
Class org.jetbrains.kotlin.daemon.common.DaemonOptions$mappers$9                      : loaded 2 times (x 137B)
Class org.jetbrains.kotlin.compilerRunner.GradleCompilerRunnerWithWorkers$GradleKotlinCompilerWorkParameters_Decorated: loaded 2 times (x 146B)
Class org.jetbrains.kotlin.compilerRunner.CompilerSystemPropertiesService$properties$2: loaded 2 times (x 79B)
Class com.google.common.collect.Interners$InternerBuilder                             : loaded 2 times (x 76B)
Class com.google.common.io.Files$FileByteSource                                       : loaded 2 times (x 85B)
Class org.jetbrains.kotlin.gradle.incremental.IncrementalModuleInfoProvider           : loaded 2 times (x 70B)
Class org.jetbrains.kotlin.gradle.plugin.mpp.compilationImpl.KotlinCompilationImpl$2  : loaded 2 times (x 79B)
Class org.jetbrains.kotlin.gradle.dsl.PlatformSourceSetConventionsChecker$runChecks$1 : loaded 2 times (x 88B)
Class org.jetbrains.kotlin.gradle.plugin.mpp.compilationImpl.KotlinCompilationProcessorSideEffectKt$KotlinCompilationProcessorSideEffect$1: loaded 2 times (x 74B)
Class org.jetbrains.kotlin.gradle.dsl.KotlinJvmCompilerOptionsDefault                 : loaded 2 times (x 106B)
Class org.jetbrains.kotlin.gradle.internal.UsesClassLoadersCachingBuildService        : loaded 2 times (x 70B)
Class com.google.common.collect.ImmutableList$ReverseImmutableList                    : loaded 2 times (x 208B)
Class org.jetbrains.kotlin.daemon.common.CompilerMode                                 : loaded 2 times (x 79B)
Class org.jetbrains.kotlin.compilerRunner.ReportUtilsKt                               : loaded 2 times (x 71B)
Class it.unimi.dsi.fastutil.objects.ObjectIterable                                    : loaded 2 times (x 70B)
Class org.jetbrains.kotlin.config.CommonConfigurationKeys                             : loaded 2 times (x 71B)
Class it.unimi.dsi.fastutil.ints.IntCollection                                        : loaded 2 times (x 70B)
Class org.jetbrains.kotlin.config.LanguageFeature                                     : loaded 2 times (x 80B)
Class com.google.common.base.MoreObjects                                              : loaded 2 times (x 71B)
Class org.jetbrains.kotlin.daemon.common.CompilationResultCategory                    : loaded 2 times (x 79B)
Class org.jetbrains.kotlin.gradle.logging.GradleBufferingMessageCollector             : loaded 2 times (x 77B)
Class com.google.common.io.CharSource$CharSequenceCharSource                          : loaded 2 times (x 86B)
Class com.google.common.io.CharStreams$NullWriter                                     : loaded 2 times (x 99B)
Class org.jetbrains.kotlin.compilerRunner.KotlinCompilerArgumentsLogLevel$Companion   : loaded 2 times (x 71B)
Class org.jetbrains.kotlin.gradle.plugin.DefaultKotlinBasePlugin$addKotlinCompilerConfiguration$3$1: loaded 2 times (x 79B)
Class org.jetbrains.kotlin.gradle.tasks.AbstractKotlinCompile$defaultKotlinJavaToolchain$1: loaded 2 times (x 78B)
Class org.jetbrains.kotlin.daemon.common.MultiModuleICSettings                        : loaded 2 times (x 72B)
Class org.jetbrains.kotlin.cli.common.arguments.Freezable                             : loaded 2 times (x 72B)
Class com.google.errorprone.annotations.DoNotMock                                     : loaded 2 times (x 70B)
Class org.jetbrains.kotlin.gradle.internal.transforms.BuildToolsApiClasspathEntrySnapshotTransform$Parameters: loaded 2 times (x 87B)
Class org.jetbrains.kotlin.gradle.plugin.KotlinCompilationInfoKt                      : loaded 2 times (x 71B)
Class org.jetbrains.kotlin.gradle.tasks.KotlinCompile                                 : loaded 2 times (x 498B)
Class org.jetbrains.kotlin.gradle.internal.StdlibDependencyManagementKt               : loaded 2 times (x 71B)
Class org.jetbrains.kotlin.konan.target.KonanTarget$MINGW_X64                         : loaded 2 times (x 78B)
Class org.jetbrains.kotlin.gradle.dsl.PlatformSourceSetConventionsChecker$runChecks$2 : loaded 2 times (x 78B)
Class org.jetbrains.kotlin.gradle.utils.ObservableSet                                 : loaded 2 times (x 70B)
Class org.jetbrains.kotlin.gradle.plugin.diagnostics.KotlinToolingDiagnosticsCollectorKt: loaded 2 times (x 71B)
Class org.jetbrains.kotlin.gradle.plugin.mpp.HierarchyAttributeContainer              : loaded 2 times (x 83B)
Class org.jetbrains.kotlin.gradle.tasks.UsesKotlinJavaToolchain                       : loaded 2 times (x 70B)
Class org.jetbrains.kotlin.gradle.plugin.DefaultKotlinBasePlugin$apply$1              : loaded 2 times (x 75B)
Class org.jetbrains.kotlin.statistics.metrics.StringOverridePolicy$OVERRIDE           : loaded 2 times (x 85B)
Class org.jetbrains.kotlin.gradle.internal.properties.PropertiesBuildService$Params_Decorated: loaded 2 times (x 134B)
Class org.objectweb.asm.SymbolTable$Entry                                             : loaded 2 times (x 74B)
Class com.google.common.util.concurrent.AbstractFuture$AtomicHelper                   : loaded 2 times (x 78B)
Class com.google.gson.internal.JsonReaderInternalAccess                               : loaded 2 times (x 72B)
Class org.jetbrains.kotlin.config.CommonConfigurationKeysKt                           : loaded 2 times (x 71B)
Class com.google.common.base.Joiner                                                   : loaded 2 times (x 79B)
Class org.jetbrains.kotlin.gradle.plugin.StatisticsBuildFlowManager$subscribeForBuildResult$1$1: loaded 2 times (x 74B)
Class org.jetbrains.kotlin.gradle.internal.ClassLoadersCachingBuildService$Companion  : loaded 2 times (x 71B)
Class org.jetbrains.kotlin.gradle.targets.native.toolchain.KotlinNativeBundleBuildService$Parameters_Decorated: loaded 2 times (x 143B)
Class org.jetbrains.kotlin.gradle.plugin.sources.KotlinSourceSetFactory               : loaded 2 times (x 80B)
Class org.jetbrains.kotlin.gradle.plugin.mpp.compilationImpl.KotlinCreateResourcesTaskSideEffectKt$KotlinCreateResourcesTaskSideEffect$1: loaded 2 times (x 74B)
Class build_69hm4dcptcygfnb8gripscrkk                                                 : loaded 2 times (x 180B)
Class Native_plugin_loader_gradle                                                     : loaded 2 times (x 130B)
Class org.jetbrains.kotlin.statistics.metrics.IMetricContainer                        : loaded 2 times (x 70B)
Class org.jetbrains.kotlin.gradle.plugin.KotlinPlatformPluginBase                     : loaded 2 times (x 76B)
Class org.objectweb.asm.signature.SignatureReader                                     : loaded 2 times (x 74B)
Class org.jetbrains.kotlin.gradle.plugin.mpp.KotlinTargetComponentWithCoordinatesAndPublication: loaded 2 times (x 70B)
Class org.jetbrains.kotlin.gradle.incremental.UsesIncrementalModuleInfoBuildService   : loaded 2 times (x 70B)
Class org.jetbrains.kotlin.konan.target.KonanTarget$ANDROID_X86                       : loaded 2 times (x 78B)
Class org.jetbrains.kotlin.gradle.dsl.PlatformSourceSetConventionsChecker$runChecks$3 : loaded 2 times (x 78B)
Class org.jetbrains.kotlin.gradle.plugin.RegisterKotlinPluginExtensionsKt             : loaded 2 times (x 71B)
Class org.jetbrains.kotlin.gradle.plugin.mpp.resources.resolve.KotlinTargetResourcesResolutionStrategy: loaded 2 times (x 79B)
Class org.jetbrains.kotlin.gradle.utils.CompilerOptionsKt$configureExperimentalTryNext$1$1: loaded 2 times (x 78B)
Class org.jetbrains.kotlin.gradle.utils.CompilerOptionsKt                             : loaded 2 times (x 71B)
Class org.jetbrains.kotlin.gradle.utils.SingleAction                                  : loaded 2 times (x 73B)
Class org.jetbrains.kotlin.gradle.plugin.PropertiesProvider$Companion                 : loaded 2 times (x 71B)
Class org.objectweb.asm.Edge                                                          : loaded 2 times (x 72B)
Class com.google.common.base.Suppliers$SupplierOfInstance                             : loaded 2 times (x 79B)
Class com.google.common.collect.Iterators$1                                           : loaded 2 times (x 81B)
Class org.jetbrains.kotlin.gradle.plugin.KotlinPluginLifecycle$Stage                  : loaded 2 times (x 79B)
Class org.jetbrains.kotlin.gradle.plugin.KotlinSourceSetTree                          : loaded 2 times (x 72B)
Class org.jetbrains.kotlin.gradle.plugin.AbstractKotlinPlugin$Companion               : loaded 2 times (x 71B)
Class org.jetbrains.kotlin.incremental.storage.StringExternalizer                     : loaded 2 times (x 75B)
Class org.jetbrains.kotlin.gradle.plugin.diagnostics.checkers.OverriddenKotlinNativeHomeChecker$allKonanMainSubdirectoriesExist$1: loaded 2 times (x 75B)
Class build_9dpqhk5rtq90vuuqqxsfop97u                                                 : loaded 2 times (x 180B)
Class build_qvmh7tos5fcqco87hjzw0b9h$_run_closure1$_closure3                          : loaded 2 times (x 139B)
Class build_a0esu9eydl6psdolbojn5x95z                                                 : loaded 2 times (x 180B)
Class com.google.common.reflect.TypeToken$1                                           : loaded 2 times (x 110B)
Class org.jetbrains.kotlin.buildtools.api.SourcesChanges$Known                        : loaded 2 times (x 74B)
Class org.jetbrains.kotlin.daemon.common.DaemonJVMOptionsMemoryComparator             : loaded 2 times (x 89B)
Class org.jetbrains.kotlin.gradle.tasks.KotlinCompile$defaultKotlinJavaToolchain$1    : loaded 2 times (x 79B)
Class org.jetbrains.kotlin.gradle.tasks.KotlinJavaToolchain$JavaToolchainSetter       : loaded 2 times (x 70B)
Class org.jetbrains.kotlin.gradle.dsl.PlatformSourceSetConventionsChecker$runChecks$4 : loaded 2 times (x 78B)
Class org.jetbrains.kotlin.gradle.plugin.diagnostics.checkers.JsLikeEnvironmentChecker$runChecks$1: loaded 2 times (x 88B)
Class org.jetbrains.kotlin.gradle.plugin.diagnostics.UsesKotlinToolingDiagnostics     : loaded 2 times (x 70B)
Class org.jetbrains.kotlin.gradle.plugin.diagnostics.KotlinToolingDiagnostics$WasmJsEnvironmentNotChosenExplicitly: loaded 2 times (x 73B)
Class org.jetbrains.kotlin.tooling.core.ExtrasPropertyKt$extrasLazyProperty$1         : loaded 2 times (x 94B)
Class org.jetbrains.kotlin.statistics.metrics.BooleanAnonymizationPolicy$SAFE         : loaded 2 times (x 85B)
Class com.google.common.cache.LocalCache$ComputingValueReference                      : loaded 2 times (x 96B)
Class kotlin.reflect.KProperty$Getter                                                 : loaded 2 times (x 70B)
Class org.jetbrains.kotlin.gradle.tasks.configuration.TaskConfigAction                : loaded 2 times (x 72B)
Class org.jetbrains.kotlin.gradle.tasks.AbstractKotlinCompileTool$sources$1           : loaded 2 times (x 79B)
Class org.jetbrains.kotlin.gradle.tasks.configuration.BaseKotlinCompileConfig$1$3$2   : loaded 2 times (x 75B)
Class com.google.common.collect.BaseImmutableMultimap                                 : loaded 2 times (x 123B)
Class com.google.common.collect.EmptyImmutableListMultimap                            : loaded 2 times (x 176B)
Class org.objectweb.asm.commons.MethodRemapper                                        : loaded 2 times (x 107B)
Class org.jetbrains.kotlin.incremental.IncrementalCompilationFeatures$Companion       : loaded 2 times (x 71B)
Class org.jetbrains.kotlin.daemon.client.DaemonProblemReportingOutputListenerKt       : loaded 2 times (x 71B)
Class com.google.common.reflect.TypeToken$2                                           : loaded 2 times (x 110B)
Class org.jetbrains.kotlin.daemon.common.CompileService$CallResult                    : loaded 2 times (x 72B)
Class org.jetbrains.kotlin.daemon.client.KotlinCompilerClient$tryFindSuitableDaemonOrNewOpts$$inlined$thenBy$1: loaded 2 times (x 90B)
Class org.jetbrains.kotlin.gradle.tasks.AbstractKotlinCompile$compilerRunner$1$1      : loaded 2 times (x 76B)
Class org.jetbrains.kotlin.daemon.common.IncrementalCompilerServicesFacade            : loaded 2 times (x 70B)
Class [Lorg.jetbrains.kotlin.buildtools.api.jvm.ClassSnapshotGranularity;             : loaded 2 times (x 69B)
Class org.objectweb.asm.TypePath                                                      : loaded 2 times (x 72B)
Class com.google.common.collect.AbstractMapBasedMultimap$AsMap$AsMapEntries           : loaded 2 times (x 138B)
Class org.jetbrains.kotlin.gradle.internal.KotlinDependenciesManagementKt$configureDefaultVersionsResolutionStrategy$1$1$1: loaded 2 times (x 75B)
Class org.jetbrains.kotlin.gradle.plugin.mpp.compilationImpl.DefaultKotlinCompilationSourceSetsContainer$allKotlinSourceSetsImpl$1$1: loaded 2 times (x 80B)
Class org.jetbrains.kotlin.gradle.plugin.mpp.compilationImpl.DefaultKotlinCompilationSourceSetsContainer: loaded 2 times (x 78B)
Class org.jetbrains.kotlin.konan.target.KonanTarget$TVOS_SIMULATOR_ARM64              : loaded 2 times (x 78B)
Class org.jetbrains.kotlin.konan.target.KonanTarget$Companion                         : loaded 2 times (x 71B)
Class org.jetbrains.kotlin.gradle.plugin.KotlinPluginLifecycle$Stage$Companion        : loaded 2 times (x 71B)
Class org.jetbrains.kotlin.gradle.plugin.diagnostics.checkers.DeprecatedKotlinNativeTargetsChecker: loaded 2 times (x 74B)
Class org.jetbrains.kotlin.gradle.targets.native.ConfigureFrameworkExportSideEffectKt$special$$inlined$KotlinTargetSideEffect$1: loaded 2 times (x 74B)
Class org.jetbrains.kotlin.tooling.core.AbstractExtras                                : loaded 2 times (x 141B)
Class com.google.common.cache.LocalCache$Segment                                      : loaded 2 times (x 154B)
Class org.jetbrains.kotlin.cli.jvm.compiler.KotlinCoreEnvironment                     : loaded 2 times (x 72B)
Class org.jetbrains.kotlin.cli.jvm.config.JavaSourceRoot                              : loaded 2 times (x 77B)
Class com.google.common.collect.Iterators$ArrayItr                                    : loaded 2 times (x 97B)
Class com.google.common.cache.CacheLoader$FunctionToCacheLoader                       : loaded 2 times (x 75B)
Class org.jetbrains.kotlin.gradle.targets.NativeForwardImplementationToApiElementsSideEffectKt$special$$inlined$KotlinTargetSideEffect$1: loaded 2 times (x 74B)
Class org.jetbrains.kotlin.gradle.plugin.sources.FragmentConsistencyChecks$optInAnnotationsCheck$2: loaded 2 times (x 78B)
Class com.google.common.collect.ImmutableRangeSet$AsSet                               : loaded 2 times (x 299B)
Class Native_plugin_loader_gradle$NativePluginLoader$Companion                        : loaded 2 times (x 71B)
Class [Lcom.google.common.base.Supplier;                                              : loaded 2 times (x 69B)
Class org.jetbrains.kotlin.daemon.common.CompilerId                                   : loaded 2 times (x 75B)
Class org.jetbrains.kotlin.build.report.FileReportSettings                            : loaded 2 times (x 72B)
Class org.jetbrains.kotlin.gradle.tasks.AbstractKotlinCompile$compilerRunner$1$2      : loaded 2 times (x 75B)
Class org.jetbrains.kotlin.gradle.plugin.KotlinCompilerArgumentsProducer$ArgumentType$Companion: loaded 2 times (x 71B)
Class org.jetbrains.kotlin.build.report.metrics.BuildTimes                            : loaded 2 times (x 72B)
Class org.jetbrains.kotlin.gradle.tasks.KotlinCompile$ClasspathSnapshotProperties     : loaded 2 times (x 75B)
Class org.jetbrains.kotlin.gradle.internal.StdlibDependencyManagementKt$addStdlibDependency$1$1: loaded 2 times (x 79B)
Class org.jetbrains.kotlin.gradle.tasks.configuration.BaseKotlinCompileConfig$2$1     : loaded 2 times (x 75B)
Class org.jetbrains.kotlin.gradle.plugin.diagnostics.TransformActionUsingKotlinToolingDiagnostics: loaded 2 times (x 70B)
Class com.google.common.collect.SortedIterable                                        : loaded 2 times (x 70B)
Class org.jetbrains.kotlin.gradle.dsl.PlatformSourceSetConventionsChecker$runChecks$6 : loaded 2 times (x 88B)
Class org.jetbrains.kotlin.gradle.plugin.sources.DefaultKotlinSourceSet_Decorated     : loaded 2 times (x 192B)
Class org.jetbrains.kotlin.gradle.plugin.mpp.KotlinCompilationsKt                     : loaded 2 times (x 71B)
Class org.jetbrains.kotlin.gradle.utils.GradleUtilsKt$registerClassLoaderScopedBuildService$1: loaded 2 times (x 74B)
Class org.jetbrains.kotlin.statistics.metrics.StringOverridePolicy                    : loaded 2 times (x 85B)
Class org.jetbrains.kotlin.gradle.plugin.statistics.DefaultKotlinBuildStatsBeanService: loaded 2 times (x 92B)
Class [Lorg.objectweb.asm.SymbolTable$Entry;                                          : loaded 2 times (x 69B)
Class com.google.common.cache.CacheLoader                                             : loaded 2 times (x 74B)
Class com.google.common.collect.Iterators$4                                           : loaded 2 times (x 82B)
Class com.google.common.collect.ImmutableBiMap                                        : loaded 2 times (x 143B)
Class com.google.common.collect.AbstractListMultimap                                  : loaded 2 times (x 172B)
Class [Lorg.jetbrains.kotlin.config.LanguageFeature$State;                            : loaded 2 times (x 69B)
Class org.gradle.internal.installation.GradleInstallation$1                           : loaded 2 times (x 75B)
Class org.gradle.api.internal.classpath.ModuleRegistry                                : loaded 2 times (x 70B)
Class org.jetbrains.kotlin.cli.jvm.modules.CoreJrtFileSystem                          : loaded 2 times (x 101B)
Class org.jetbrains.kotlin.cli.jvm.compiler.KotlinCoreApplicationEnvironmentMode      : loaded 2 times (x 70B)
Class org.jetbrains.kotlin.gradle.plugin.BuildFinishedListenerService                 : loaded 2 times (x 80B)
Class org.jetbrains.kotlin.gradle.plugin.BuildFinishedListenerService$Companion       : loaded 2 times (x 71B)
Class org.jetbrains.kotlin.incremental.ConstantValueExternalizer                      : loaded 2 times (x 76B)
Class org.jetbrains.kotlin.gradle.internal.StdlibDependencyManagementKt$configureStdlibVersionAlignment$1$1$1: loaded 2 times (x 75B)
Class com.google.common.collect.ImmutableListMultimap                                 : loaded 2 times (x 176B)
Class build_39ox8nl6s8z69g2yg5som32w6                                                 : loaded 2 times (x 180B)
Class org.jetbrains.kotlin.gradle.plugin.KotlinCompilerArgumentsProducer$CreateCompilerArgumentsContext$Companion: loaded 2 times (x 71B)
Class org.jetbrains.kotlin.gradle.logging.GradleKotlinLogger                          : loaded 2 times (x 80B)
Class org.jetbrains.kotlin.gradle.plugin.KotlinPluginLifecycle$ProjectConfigurationResult: loaded 2 times (x 71B)
Class org.jetbrains.kotlin.gradle.internal.KotlinDependenciesManagementKt$configureDefaultVersionsResolutionStrategy$1: loaded 2 times (x 75B)
Class org.jetbrains.kotlin.gradle.internal.StdlibDependencyManagementKt$configureStdlibDefaultDependency$1: loaded 2 times (x 79B)
Class org.jetbrains.kotlin.gradle.model.builder.KotlinModelBuilder$Companion          : loaded 2 times (x 71B)
Class org.jetbrains.kotlin.gradle.plugin.mpp.compilationImpl.KotlinCreateResourcesTaskSideEffectKt: loaded 2 times (x 71B)
Class org.jetbrains.kotlin.gradle.targets.native.internal.SetupKotlinNativePlatformDependenciesAndStdlibKt: loaded 2 times (x 71B)
Class [Lorg.jetbrains.kotlin.gradle.plugin.mpp.resources.resolve.KotlinTargetResourcesResolutionStrategy;: loaded 2 times (x 69B)
Class org.jetbrains.kotlin.gradle.plugin.mpp.KotlinUsages                             : loaded 2 times (x 71B)
Class org.jetbrains.kotlin.gradle.internal.properties.NativePropertiesLoader$Companion: loaded 2 times (x 71B)
Class [Lorg.jetbrains.kotlin.build.report.metrics.GradleBuildPerformanceMetric;       : loaded 2 times (x 69B)
Class org.jetbrains.kotlin.gradle.plugin.statistics.KotlinBuildStatsBeanService$Companion: loaded 2 times (x 71B)
Class org.jetbrains.kotlin.gradle.plugin.statistics.BuildFusService$Companion         : loaded 2 times (x 71B)
Class com.google.common.util.concurrent.internal.InternalFutureFailureAccess          : loaded 2 times (x 72B)
Class com.google.common.collect.Iterators$5                                           : loaded 2 times (x 82B)
Class jdk.internal.jimage.decompressor.ResourceDecompressorFactory                    : loaded 2 times (x 74B)
Class org.jetbrains.kotlin.buildtools.api.jvm.ClasspathEntrySnapshot                  : loaded 2 times (x 70B)
Class org.jetbrains.kotlin.gradle.tasks.OOMErrorException                             : loaded 2 times (x 82B)
Class org.jetbrains.kotlin.gradle.logging.GradleErrorMessageCollector                 : loaded 2 times (x 77B)
Class org.jetbrains.kotlin.compilerRunner.ProjectFilesForCompilation                  : loaded 2 times (x 72B)
Class org.jetbrains.kotlin.compilerRunner.ProjectFilesForCompilation$Companion        : loaded 2 times (x 71B)
Class org.jetbrains.kotlin.gradle.report.BuildScanSettings                            : loaded 2 times (x 72B)
Class org.jetbrains.kotlin.daemon.common.RestPropMapper                               : loaded 2 times (x 74B)
Class org.jetbrains.kotlin.daemon.client.KotlinCompilerClient$DaemonSearchResult$Found: loaded 2 times (x 72B)
Class [Lorg.jetbrains.kotlin.daemon.common.CompileService$TargetPlatform;             : loaded 2 times (x 69B)
Class build_9nifh70wlrycfc7opij0y6vc6$_run_closure1                                   : loaded 2 times (x 139B)
Class org.jetbrains.kotlin.incremental.classpathDiff.ClassSnapshotter                 : loaded 2 times (x 71B)
Class org.jetbrains.kotlin.incremental.storage.DoubleExternalizer                     : loaded 2 times (x 75B)
Class org.jetbrains.kotlin.compilerRunner.ArgumentUtils                               : loaded 2 times (x 71B)
Class org.jetbrains.kotlin.compilerRunner.CompilerExecutionSettings                   : loaded 2 times (x 72B)
Class com.google.common.collect.ImmutableSortedAsList                                 : loaded 2 times (x 220B)
Class com.google.common.collect.ImmutableMultimap$Values                              : loaded 2 times (x 126B)
Class com.google.common.io.Closer$SuppressingSuppressor                               : loaded 2 times (x 75B)
Class org.jetbrains.kotlin.gradle.plugin.HasCompilerOptions                           : loaded 2 times (x 70B)
Class org.jetbrains.kotlin.gradle.plugin.mpp.compilationImpl.DefaultKotlinCompilationFriendPathsResolver$FriendArtifactResolver: loaded 2 times (x 70B)
Class org.jetbrains.kotlin.konan.target.KonanTarget$WATCHOS_SIMULATOR_ARM64           : loaded 2 times (x 78B)
Class org.jetbrains.kotlin.gradle.targets.js.ir.KotlinJsIrTarget                      : loaded 2 times (x 260B)
Class org.jetbrains.kotlin.gradle.plugin.mpp.DefaultKotlinUsageContext                : loaded 2 times (x 108B)
Class org.jetbrains.kotlin.gradle.plugin.KotlinPluginLifecycleImpl$start$3            : loaded 2 times (x 79B)
Class org.jetbrains.kotlin.gradle.plugin.KotlinMultiplatformPluginWrapper             : loaded 2 times (x 86B)
Class [Lorg.jetbrains.kotlin.statistics.metrics.BooleanMetrics;                       : loaded 2 times (x 69B)
Class org.jetbrains.kotlin.gradle.internal.properties.PropertiesBuildService$Companion: loaded 2 times (x 71B)
Class com.google.common.util.concurrent.AbstractFuture$UnsafeAtomicHelper             : loaded 2 times (x 78B)
Class com.google.common.cache.LocalCache$LocalManualCache$1                           : loaded 2 times (x 75B)
Class it.unimi.dsi.fastutil.objects.ReferenceCollection                               : loaded 2 times (x 70B)
Class org.gradle.internal.classloader.InstrumentingClassLoader                        : loaded 2 times (x 70B)
Class org.gradle.internal.classpath.TransformedClassPath                              : loaded 2 times (x 96B)
Class [Lorg.jetbrains.kotlin.config.LanguageFeature;                                  : loaded 2 times (x 69B)
Class com.google.common.cache.CacheBuilder$NullListener                               : loaded 2 times (x 82B)
Class org.jetbrains.kotlin.incremental.storage.JvmClassNameExternalizer               : loaded 2 times (x 75B)
Class org.jetbrains.kotlin.incremental.storage.CollectionExternalizerV2               : loaded 2 times (x 80B)
Class org.objectweb.asm.FieldWriter                                                   : loaded 2 times (x 78B)
Class build_6zh45m3seex8fbs2617d27z8k$_run_closure1                                   : loaded 2 times (x 139B)
Class org.jetbrains.kotlin.compilerRunner.GradleCompilerRunnerWithWorkers             : loaded 2 times (x 73B)
Class org.jetbrains.kotlin.compilerRunner.CompilerSystemPropertiesService$Inject      : loaded 2 times (x 100B)
Class com.google.common.collect.ImmutableSortedMap$1EntrySet                          : loaded 2 times (x 153B)
Class org.jetbrains.kotlin.gradle.plugin.mpp.compilationImpl.KotlinCompilationConfigurationsContainer: loaded 2 times (x 70B)
Class org.jetbrains.kotlin.gradle.internal.StdlibDependencyManagementKt$addStdlibDependency$1: loaded 2 times (x 75B)
Class [Lorg.jetbrains.kotlin.gradle.plugin.KotlinPluginLifecycle$CoroutineStart;      : loaded 2 times (x 69B)
Class org.jetbrains.kotlin.gradle.dsl.IosSourceSetConventionChecker                   : loaded 2 times (x 74B)
Class org.jetbrains.kotlin.gradle.plugin.diagnostics.KotlinGradleProjectChecker       : loaded 2 times (x 70B)
Class org.jetbrains.kotlin.gradle.dsl.KotlinMultiplatformSourceSetConventions         : loaded 2 times (x 70B)
Class org.jetbrains.kotlin.gradle.plugin.sources.KotlinSourceSetFactory$Companion     : loaded 2 times (x 71B)
Class org.jetbrains.kotlin.statistics.metrics.NumberOverridePolicy$SUM                : loaded 2 times (x 85B)
Class org.jetbrains.kotlin.config.AnalysisFlag                                        : loaded 2 times (x 72B)
Class org.gradle.api.internal.classpath.DefaultModuleRegistry                         : loaded 2 times (x 86B)
Class org.jetbrains.kotlin.tooling.core.Extras$Type                                   : loaded 2 times (x 72B)
Class org.jetbrains.kotlin.gradle.internal.properties.PropertiesBuildService$property$1$1: loaded 2 times (x 75B)
Class org.jetbrains.kotlin.statistics.metrics.StringMetrics$Companion                 : loaded 2 times (x 71B)
Class org.jetbrains.kotlin.gradle.plugin.StatisticsBuildFlowManager$Companion         : loaded 2 times (x 71B)
Class org.jetbrains.kotlin.gradle.utils.ConfigurationsKt$maybeCreateResolvable$1      : loaded 2 times (x 78B)
Class [Lorg.jetbrains.kotlin.gradle.dsl.JvmTarget;                                    : loaded 2 times (x 69B)
Class org.jetbrains.kotlin.gradle.plugin.mpp.KotlinUsages$KotlinMetadataCompatibility : loaded 2 times (x 76B)
Class org.jetbrains.kotlin.gradle.artifacts.KotlinMetadataArtifactKt$KotlinMetadataArtifact$1: loaded 2 times (x 74B)
Class org.jetbrains.kotlin.gradle.plugin.mpp.AbstractKotlinCompilationToRunnableFiles : loaded 2 times (x 196B)
Class org.jetbrains.kotlin.gradle.plugin.sources.FragmentConsistencyChecks$optInAnnotationsCheck$1: loaded 2 times (x 79B)
Class org.jetbrains.kotlin.gradle.tasks.KotlinCompilerPluginData$InputsOutputsState   : loaded 2 times (x 72B)
Class com.google.common.collect.MapMaker$Dummy                                        : loaded 2 times (x 79B)
Class org.jetbrains.kotlin.daemon.common.CompilationResults                           : loaded 2 times (x 70B)
Class org.jetbrains.kotlin.daemon.common.CompileIterationResult                       : loaded 2 times (x 72B)
Class com.google.common.reflect.Invokable                                             : loaded 2 times (x 103B)
Class com.google.common.hash.ChecksumHashFunction                                     : loaded 2 times (x 96B)
Class org.jetbrains.kotlin.compilerRunner.KotlinCompilerRunnerUtils$WhenMappings      : loaded 2 times (x 71B)
Class org.jetbrains.kotlin.gradle.plugin.internal.state.TaskExecutionResults          : loaded 2 times (x 71B)
Class org.jetbrains.kotlin.gradle.plugin.statistics.BuildFusService$Parameters$Inject : loaded 2 times (x 112B)
Class org.jetbrains.kotlin.compilerRunner.KotlinCompilerArgumentsLogLevel             : loaded 2 times (x 79B)
Class org.jetbrains.kotlin.gradle.plugin.mpp.compilationImpl.factory.CompositePostConfigure: loaded 2 times (x 75B)
Class org.jetbrains.kotlin.gradle.targets.native.internal.CInteropConfigurationsKt    : loaded 2 times (x 71B)
Class org.jetbrains.kotlin.statistics.metrics.StatisticsValuesConsumer                : loaded 2 times (x 70B)
Class com.google.common.util.concurrent.ListenableFuture                              : loaded 2 times (x 70B)
Class com.google.common.cache.ReferenceEntry                                          : loaded 2 times (x 70B)
Class com.android.utils.Pair                                                          : loaded 2 times (x 72B)
Class com.google.common.cache.LocalCache$Strength$3                                   : loaded 2 times (x 81B)
Class org.jetbrains.kotlin.incremental.classpathDiff.RegularKotlinClassSnapshotExternalizer: loaded 2 times (x 75B)
Class org.jetbrains.kotlin.gradle.report.BuildReportType$Companion                    : loaded 2 times (x 71B)
Class com.google.common.hash.HashFunction                                             : loaded 2 times (x 70B)
Class org.jetbrains.kotlin.gradle.plugin.DefaultKotlinBasePlugin$addKotlinCompilerConfiguration$2$1$1$1: loaded 2 times (x 75B)
Class org.jetbrains.kotlin.gradle.plugin.statistics.NonSynchronizedMetricsContainer   : loaded 2 times (x 77B)
Class org.jetbrains.kotlin.gradle.tasks.KotlinCompilerExecutionStrategy$Companion     : loaded 2 times (x 71B)
Class org.jetbrains.kotlin.gradle.plugin.CompilerPluginConfig                         : loaded 2 times (x 72B)
Class org.jetbrains.kotlin.gradle.model.builder.KotlinModelBuilder                    : loaded 2 times (x 76B)
Class [Lorg.jetbrains.kotlin.tooling.core.HasMutableExtras;                           : loaded 2 times (x 69B)
Class org.jetbrains.kotlin.gradle.plugin.diagnostics.checkers.GradleDeprecatedPropertyChecker: loaded 2 times (x 74B)
Class org.jetbrains.kotlin.gradle.artifacts.KotlinJsKlibArtifactKt$KotlinJsKlibArtifact$1: loaded 2 times (x 74B)
Class org.jetbrains.kotlin.gradle.targets.CreateTargetConfigurationsSideEffectKt      : loaded 2 times (x 71B)
Class org.jetbrains.kotlin.gradle.plugin.mpp.ApplyUserDefinedAttributesKt$UserDefinedAttributesSetupAction$1: loaded 2 times (x 95B)
Class org.jetbrains.kotlin.gradle.plugin.mpp.KotlinAndroidTarget                      : loaded 2 times (x 165B)
Class org.jetbrains.kotlin.gradle.plugin.DefaultKotlinBasePlugin$addKotlinCompilerConfiguration$1: loaded 2 times (x 75B)
Class org.jetbrains.kotlin.gradle.plugin.internal.DefaultCompatibilityConventionRegistrar: loaded 2 times (x 74B)
Class org.jetbrains.kotlin.gradle.plugin.PropertiesProvider                           : loaded 2 times (x 72B)
Class com.google.common.util.concurrent.AbstractFuture                                : loaded 2 times (x 106B)
Class com.google.common.base.FunctionalEquivalence                                    : loaded 2 times (x 83B)
Class com.google.common.collect.Iterators$9                                           : loaded 2 times (x 81B)
Class com.google.common.collect.AbstractMapBasedMultimap                              : loaded 2 times (x 139B)
Class org.jetbrains.kotlin.gradle.plugin.KotlinPluginInMultipleProjectsHolder         : loaded 2 times (x 72B)
Class org.jetbrains.kotlin.cli.jvm.compiler.KotlinCoreApplicationEnvironment$Companion: loaded 2 times (x 71B)
Class org.jetbrains.kotlin.gradle.plugin.mpp.KotlinUsages$KotlinCinteropDisambiguation: loaded 2 times (x 76B)
Class com.google.common.hash.HashCode                                                 : loaded 2 times (x 80B)
Class com.google.common.hash.ChecksumHashFunction$ChecksumHasher                      : loaded 2 times (x 147B)
Class com.google.common.io.CharStreams                                                : loaded 2 times (x 71B)
Class com.google.common.collect.ImmutableMultiset                                     : loaded 2 times (x 163B)
Class [Lorg.jetbrains.kotlin.gradle.dsl.jvm.JvmTargetValidationMode;                  : loaded 2 times (x 69B)
Class org.jetbrains.kotlin.gradle.tasks.DefaultKotlinJavaToolchain$javaVersion$1      : loaded 2 times (x 74B)
Class org.jetbrains.kotlin.gradle.plugin.mpp.MppSourcesJarKt$sourcesJarTask$1         : loaded 2 times (x 95B)
Class org.jetbrains.kotlin.gradle.plugin.mpp.compilationImpl.factory.KotlinCompilationImplFactory$KotlinCompilationOutputFactory: loaded 2 times (x 70B)
Class org.jetbrains.kotlin.konan.target.TargetSupportException                        : loaded 2 times (x 82B)
Class org.jetbrains.kotlin.gradle.plugin.KotlinCompilationToRunnableFiles             : loaded 2 times (x 70B)
Class org.jetbrains.kotlin.gradle.tooling.BuildKotlinToolingMetadataTaskKt            : loaded 2 times (x 71B)
Class org.jetbrains.kotlin.gradle.plugin.ProjectLocalConfigurations$setupAttributesMatchingStrategy$1$1: loaded 2 times (x 74B)
Class org.jetbrains.kotlin.gradle.targets.native.toolchain.KotlinNativeBundleBuildService$Companion$registerIfAbsent$2$1$1: loaded 2 times (x 75B)
Class org.jetbrains.kotlin.statistics.BuildSessionLogger$Companion                    : loaded 2 times (x 71B)
Class org.objectweb.asm.RecordComponentVisitor                                        : loaded 2 times (x 77B)
Class com.google.common.cache.CacheLoader$SupplierToCacheLoader                       : loaded 2 times (x 75B)
Class org.jetbrains.kotlin.config.ExplicitApiMode                                     : loaded 2 times (x 79B)
Class org.jetbrains.kotlin.gradle.plugin.diagnostics.checkers.WasmJsEnvironmentChecker$4: loaded 2 times (x 78B)
Class org.jetbrains.kotlin.gradle.dsl.PlatformSourceSetConventionsChecker$CheckedPlatformInfo: loaded 2 times (x 72B)
Class org.jetbrains.kotlin.gradle.plugin.diagnostics.checkers.OverriddenKotlinNativeHomeChecker$allKonanMainSubdirectoriesExist$1$1: loaded 2 times (x 75B)
Class org.jetbrains.kotlin.gradle.internal.StdlibDependencyManagementKt$configureStdlibVersionAlignment$1: loaded 2 times (x 75B)
Class org.jetbrains.kotlin.gradle.plugin.KotlinPluginLifecycle$ProjectConfigurationResult$Success: loaded 2 times (x 71B)
Class org.jetbrains.kotlin.gradle.utils.ConfigurationCacheKt                          : loaded 2 times (x 71B)
Class org.jetbrains.kotlin.incremental.storage.ListExternalizer                       : loaded 2 times (x 80B)
Class org.jetbrains.kotlin.gradle.tasks.KotlinJavaToolchain$JdkSetter                 : loaded 2 times (x 70B)
Class com.google.common.collect.TransformedIterator                                   : loaded 2 times (x 80B)
Class com.google.common.io.ByteStreams                                                : loaded 2 times (x 71B)
Class com.google.common.collect.Interner                                              : loaded 2 times (x 70B)
Class [Lorg.jetbrains.kotlin.cli.common.ExitCode;                                     : loaded 2 times (x 69B)
Class org.jetbrains.kotlin.daemon.client.KotlinCompilerClient$DaemonSearchResult$NotFound: loaded 2 times (x 72B)
Class com.google.common.collect.Interners$InternerImpl                                : loaded 2 times (x 75B)
Class org.jetbrains.kotlin.buildtools.api.CompilerArgumentsParseException             : loaded 2 times (x 82B)
Class com.google.common.collect.UsingToStringOrdering                                 : loaded 2 times (x 114B)
Class org.jetbrains.kotlin.gradle.targets.js.npm.SemverKt                             : loaded 2 times (x 71B)
Class org.jetbrains.kotlin.gradle.internal.StdlibDependencyManagementKt$isStdlibAddedByUser$1: loaded 2 times (x 79B)
Class org.jetbrains.kotlin.gradle.plugin.mpp.KotlinCompilationsKt$sam$java_util_concurrent_Callable$0: loaded 2 times (x 75B)
Class org.jetbrains.kotlin.gradle.tasks.KotlinCompilerPluginData                      : loaded 2 times (x 72B)
Class org.jetbrains.kotlin.gradle.plugin.mpp.MppSourcesJarKt                          : loaded 2 times (x 71B)
Class org.jetbrains.kotlin.compilerRunner.CompilerSystemPropertiesService$Companion$registerIfAbsent$2$1$1: loaded 2 times (x 75B)
Class org.jetbrains.kotlin.gradle.plugin.KotlinCompilationInfo                        : loaded 2 times (x 88B)
Class org.jetbrains.kotlin.gradle.tasks.BaseKotlinCompile                             : loaded 2 times (x 70B)
Class org.jetbrains.kotlin.gradle.plugin.internal.UsesBuildIdProviderService          : loaded 2 times (x 70B)
Class org.jetbrains.kotlin.gradle.plugin.mpp.compilationImpl.KotlinCompilationSourceSetInclusion$include$1: loaded 2 times (x 79B)
Class org.jetbrains.kotlin.gradle.plugin.mpp.compilationImpl.factory.KotlinCompilationImplFactory$KotlinCompilationDependencyConfigurationsFactory: loaded 2 times (x 70B)
Class org.jetbrains.kotlin.gradle.plugin.KotlinPluginLifecycleCoroutineContextElement$Key: loaded 2 times (x 71B)
Class org.jetbrains.kotlin.gradle.internal.IdeaKt                                     : loaded 2 times (x 71B)
Class org.jetbrains.kotlin.gradle.plugin.diagnostics.KotlinToolingDiagnosticsSetupActionKt$KotlinToolingDiagnosticsSetupAction$1: loaded 2 times (x 74B)
Class org.jetbrains.kotlin.tooling.core.ExtrasPropertyKt                              : loaded 2 times (x 71B)
Class org.jetbrains.kotlin.gradle.dsl.KotlinProjectExtensionKt                        : loaded 2 times (x 71B)
Class org.jetbrains.kotlin.gradle.plugin.KotlinGradleBuildServices$Parameters_Decorated: loaded 2 times (x 134B)
Class org.jetbrains.kotlin.gradle.plugin.DefaultKotlinBasePlugin$addKotlinCompilerConfiguration$3: loaded 2 times (x 75B)
Class [Lorg.jetbrains.kotlin.statistics.metrics.IMetricContainerFactory;              : loaded 2 times (x 69B)
Class org.gradle.internal.service.ServiceLookupException                              : loaded 2 times (x 82B)
Class org.objectweb.asm.Handle                                                        : loaded 2 times (x 72B)
Class com.google.common.collect.AllEqualOrdering                                      : loaded 2 times (x 114B)
Class [Lorg.jetbrains.kotlin.daemon.common.DaemonReportCategory;                      : loaded 2 times (x 69B)
Class org.jetbrains.kotlin.compilerRunner.GradleCompilerServicesFacadeImpl            : loaded 2 times (x 78B)
Class build_5z9ejoumedh24k1wcfrvzre2b$_run_closure1                                   : loaded 2 times (x 139B)
Class org.jetbrains.kotlin.incremental.classpathDiff.InaccessibleClassSnapshot        : loaded 2 times (x 71B)
Class com.google.common.hash.AbstractByteHasher                                       : loaded 2 times (x 147B)
Class org.jetbrains.kotlin.gradle.plugin.statistics.BuildFusService$Inject            : loaded 2 times (x 104B)
Class org.jetbrains.kotlin.gradle.internal.StdlibDependencyManagementKt$isStdlibAddedByUser$2: loaded 2 times (x 78B)
Class org.jetbrains.kotlin.gradle.tasks.GradleCompileTaskProvider_Decorated           : loaded 2 times (x 121B)
Class org.jetbrains.kotlin.gradle.plugin.hierarchy.KotlinSourceSetTreeClassifierKt$sourceSetTreeClassifier$2: loaded 2 times (x 78B)
Class com.google.common.collect.Lists$ReverseList                                     : loaded 2 times (x 200B)
Class com.google.common.collect.ImmutableSortedSet                                    : loaded 2 times (x 299B)
Class org.jetbrains.kotlin.konan.target.HostManager                                   : loaded 2 times (x 72B)
Class org.jetbrains.kotlin.gradle.targets.js.npm.NpmDirectoryDependencyExtension      : loaded 2 times (x 70B)
Class org.jetbrains.kotlin.gradle.plugin.mpp.KotlinUsageContext$MavenScope            : loaded 2 times (x 79B)
Class org.jetbrains.kotlin.gradle.targets.native.KotilnNativeConfigureBinariesSideEffectKt$special$$inlined$KotlinTargetSideEffect$1: loaded 2 times (x 74B)
Class org.jetbrains.kotlin.gradle.plugin.KotlinProjectSetupAction$Companion           : loaded 2 times (x 71B)
Class [Lcom.google.common.cache.LocalCache$EntryFactory;                              : loaded 2 times (x 69B)
Class org.gradle.internal.classloader.ClassLoaderFactory                              : loaded 2 times (x 70B)
Class org.jetbrains.kotlin.cli.jvm.modules.CoreJrtVirtualFile                         : loaded 2 times (x 154B)
Class org.jetbrains.kotlin.cli.jvm.modules.CoreJrtFileSystem$Companion                : loaded 2 times (x 71B)
Class build_cxm1nfun9adht4tn3k05wn7b5$_run_closure1                                   : loaded 2 times (x 139B)
Class com.google.common.cache.LocalCache$Strength$2                                   : loaded 2 times (x 81B)
Class com.google.common.util.concurrent.SettableFuture                                : loaded 2 times (x 114B)
Class build_2cp5h65qi2h6pqesgjpp9ydfb$_run_closure1                                   : loaded 2 times (x 139B)
Class org.jetbrains.kotlin.compilerRunner.GradleKotlinCompilerWork$WhenMappings       : loaded 2 times (x 71B)
Class org.jetbrains.kotlin.cli.common.arguments.ArgumentParseErrors                   : loaded 2 times (x 72B)
Class org.jetbrains.kotlin.build.report.metrics.BuildMetricsReporterImpl$WhenMappings : loaded 2 times (x 71B)
Class org.jetbrains.kotlin.gradle.tasks.DefaultKotlinJavaToolchain$currentJvmJdkToolsJar$1: loaded 2 times (x 74B)
Class org.jetbrains.kotlin.gradle.plugin.SubpluginEnvironment                         : loaded 2 times (x 72B)
Class org.jetbrains.kotlin.gradle.internal.StdlibDependencyManagementKt$addStdlibDependency$1$1$1: loaded 2 times (x 75B)
Class org.jetbrains.kotlin.gradle.plugin.sources.AbstractKotlinSourceSet              : loaded 2 times (x 141B)
Class org.jetbrains.kotlin.gradle.tooling.BuildKotlinToolingMetadataTaskKt$RegisterBuildKotlinToolingMetadataTask$1: loaded 2 times (x 74B)
Class org.jetbrains.kotlin.compilerRunner.GradleCliCommonizerKt$maybeCreateCommonizerClasspathConfiguration$1$1: loaded 2 times (x 75B)
Class [Lorg.jetbrains.kotlin.build.report.metrics.ValueType;                          : loaded 2 times (x 69B)
Class com.google.common.cache.LocalCache$LocalManualCache                             : loaded 2 times (x 99B)
Class org.gradle.internal.service.CachingServiceLocator                               : loaded 2 times (x 82B)
Class it.unimi.dsi.fastutil.objects.AbstractObjectCollection                          : loaded 2 times (x 143B)
Class org.jetbrains.kotlin.gradle.internal.properties.PropertiesBuildService$Inject   : loaded 2 times (x 96B)
Class [Lorg.jetbrains.kotlin.statistics.metrics.StringMetrics;                        : loaded 2 times (x 69B)
Class org.jetbrains.kotlin.gradle.plugin.BuildEventsListenerRegistryHolder$Companion  : loaded 2 times (x 71B)
Class org.jetbrains.kotlin.gradle.targets.ConfigureBuildSideEffectKt                  : loaded 2 times (x 71B)
Class org.jetbrains.kotlin.gradle.plugin.diagnostics.checkers.WasmJsEnvironmentChecker$3: loaded 2 times (x 78B)
Class org.jetbrains.kotlin.com.intellij.util.io.IOUtil$1                              : loaded 2 times (x 83B)
Class org.jetbrains.kotlin.gradle.plugin.diagnostics.checkers.WasmWasiEnvironmentChecker: loaded 2 times (x 76B)
Class [Lorg.jetbrains.kotlin.daemon.common.PropMapper;                                : loaded 2 times (x 69B)
Class org.jetbrains.kotlin.compilerRunner.GradleCompilerRunnerWithWorkers$GradleKotlinCompilerWorkAction$Inject: loaded 2 times (x 98B)
Class org.jetbrains.kotlin.gradle.dsl.jvm.JvmTargetValidationMode                     : loaded 2 times (x 79B)
Class org.jetbrains.kotlin.gradle.plugin.BuildFinishedListenerService$Companion$registerIfAbsent$2$1: loaded 2 times (x 79B)
Class org.jetbrains.kotlin.gradle.plugin.KotlinTargetConfiguratorKt$WhenMappings      : loaded 2 times (x 71B)
Class com.google.common.collect.AbstractMapBasedMultimap$KeySet                       : loaded 2 times (x 137B)
Class com.google.common.collect.RegularImmutableSortedSet                             : loaded 2 times (x 299B)
Class org.jetbrains.kotlin.gradle.internal.KotlinTestDependencyManagementKt$configureKotlinTestDependency$1: loaded 2 times (x 79B)
Class org.jetbrains.kotlin.gradle.plugin.diagnostics.checkers.OverriddenKotlinNativeHomeChecker$StdlibExistenceCheckerValueSource$Params_Decorated: loaded 2 times (x 134B)
Class org.jetbrains.kotlin.project.model.LanguageSettings                             : loaded 2 times (x 70B)
Class org.jetbrains.kotlin.gradle.plugin.KotlinPluginLifecycleKt$kotlinPluginLifecycle$2: loaded 2 times (x 78B)
Class org.jetbrains.kotlin.gradle.plugin.statistics.BuildFusService$Companion$registerIfAbsent$1$1: loaded 2 times (x 79B)
Class org.jetbrains.kotlin.gradle.plugin.BuildFinishFlowAction$Parameters_Decorated   : loaded 2 times (x 137B)
Class org.jetbrains.kotlin.gradle.plugin.internal.CompatibilityConventionRegistrar$Factory: loaded 2 times (x 70B)
Class org.jetbrains.kotlin.cli.common.config.ContentRoot                              : loaded 2 times (x 70B)
Class org.jetbrains.kotlin.gradle.plugin.LanguageSettingsBuilder                      : loaded 2 times (x 70B)
Class [Lkotlin.reflect.KFunction;                                                     : loaded 2 times (x 69B)
Class org.jetbrains.kotlin.gradle.targets.js.npm.NpmDependencyExtension               : loaded 2 times (x 70B)
Class org.jetbrains.kotlin.gradle.internal.properties.PropertiesBuildServiceKt$propertyWithDeprecatedName$1: loaded 2 times (x 75B)
Class org.jetbrains.kotlin.com.intellij.util.io.IOUtil$2                              : loaded 2 times (x 76B)
Class org.jetbrains.kotlin.incremental.classpathDiff.ClassSnapshot                    : loaded 2 times (x 71B)
Class org.jetbrains.kotlin.gradle.plugin.mpp.compilationImpl.factory.KotlinCompilationImplFactory$KotlinCompilerOptionsFactory: loaded 2 times (x 70B)
Class org.jetbrains.kotlin.gradle.plugin.mpp.compilationImpl.KotlinCompilationTaskNamesContainer: loaded 2 times (x 72B)
Class org.jetbrains.kotlin.gradle.plugin.mpp.KotlinCompilationsKt$addSourcesToKotlinCompileTask$configureAction$2: loaded 2 times (x 79B)
Class [Lcom.google.common.collect.HashBiMap$BiEntry;                                  : loaded 2 times (x 69B)
Class org.jetbrains.kotlin.gradle.tasks.CompileUsingKotlinDaemonWithNormalization$normalizedKotlinDaemonJvmArguments$1: loaded 2 times (x 74B)
Class org.jetbrains.kotlin.gradle.plugin.mpp.KotlinMetadataTarget                     : loaded 2 times (x 167B)
Class com.google.common.collect.MapMakerInternalMap$InternalEntry                     : loaded 2 times (x 70B)
Class org.jetbrains.kotlin.gradle.plugin.diagnostics.CheckKotlinGradlePluginConfigurationErrorsKt$locateOrRegisterCheckKotlinGradlePluginErrorsTask$taskProvider$1$1: loaded 2 times (x 75B)
Class org.jetbrains.kotlin.gradle.plugin.mpp.InternalKotlinCompilation$DefaultImpls   : loaded 2 times (x 71B)
Class org.jetbrains.kotlin.gradle.plugin.mpp.compilationImpl.KotlinCompilationSourceSetInclusion$DefaultAddSourcesToCompileTask: loaded 2 times (x 74B)
Class org.jetbrains.kotlin.gradle.internal.KotlinTestDependencyManagementKt$configureKotlinTestDependency$2: loaded 2 times (x 75B)
Class org.jetbrains.kotlin.gradle.dsl.PlatformSourceSetConventionsChecker$runChecks$$inlined$CheckedPlatformInfo$default$1: loaded 2 times (x 78B)
Class [Lorg.jetbrains.kotlin.gradle.plugin.KotlinPluginLifecycle$Stage;               : loaded 2 times (x 69B)
Class org.jetbrains.kotlin.gradle.artifacts.KotlinTargetArtifact$Companion            : loaded 2 times (x 71B)
Class org.jetbrains.kotlin.gradle.plugin.mpp.compilationImpl.KotlinCreateLifecycleTasksSideEffectKt$KotlinCreateLifecycleTasksSideEffect$1: loaded 2 times (x 74B)
Class org.jetbrains.kotlin.gradle.targets.metadata.KotlinMetadataTargetConfiguratorKt$metadataCompilationsCreated$2: loaded 2 times (x 78B)
Class org.jetbrains.kotlin.gradle.dsl.KotlinGradlePluginDsl                           : loaded 2 times (x 70B)
Class org.jetbrains.kotlin.tooling.core.MutableExtras                                 : loaded 2 times (x 70B)
Class org.jetbrains.kotlin.gradle.plugin.KotlinGradleBuildServices$detectKotlinPluginLoadedInMultipleProjects$onRegister$1: loaded 2 times (x 79B)
Class org.objectweb.asm.commons.InstructionAdapter                                    : loaded 2 times (x 188B)
Class com.google.common.collect.Iterators$10                                          : loaded 2 times (x 81B)
Class com.google.common.collect.ImmutableMapEntry                                     : loaded 2 times (x 85B)
Class org.jetbrains.kotlin.config.LanguageFeature$Companion                           : loaded 2 times (x 71B)
Class org.jetbrains.kotlin.config.LanguageVersionSettingsImpl                         : loaded 2 times (x 81B)
Class org.jetbrains.kotlin.gradle.tasks.configuration.BaseKotlinCompileConfig$2$1$1$2 : loaded 2 times (x 74B)
Class org.jetbrains.kotlin.gradle.tasks.DaemonCrashedException                        : loaded 2 times (x 82B)
Class org.jetbrains.kotlin.compilerRunner.GradleCompilerRunnerWithWorkers$GradleKotlinCompilerWorkParameters: loaded 2 times (x 70B)
Class org.jetbrains.kotlin.cli.common.repl.ReplCodeLine                               : loaded 2 times (x 72B)
Class build_9agby7hio7ato1s60w27jwzom$_run_closure1                                   : loaded 2 times (x 139B)
Class build_9vixxjocn62xg4jpju5nwysdk$_run_closure1                                   : loaded 2 times (x 139B)
Class org.jetbrains.kotlin.incremental.storage.ExternalizersKt                        : loaded 2 times (x 71B)
Class org.jetbrains.kotlin.incremental.classpathDiff.MultifileClassKotlinClassSnapshot: loaded 2 times (x 76B)
Class build_3gxw8nw7fpir3ym8ud4ydcp5l                                                 : loaded 2 times (x 180B)
Class [Lorg.jetbrains.kotlin.daemon.common.CompilerMode;                              : loaded 2 times (x 69B)
Class org.jetbrains.kotlin.cli.common.arguments.CommonCompilerArguments$Companion     : loaded 2 times (x 71B)
Class org.objectweb.asm.commons.FieldRemapper                                         : loaded 2 times (x 79B)
Class org.objectweb.asm.signature.SignatureVisitor                                    : loaded 2 times (x 87B)
Class com.google.common.collect.ImmutableMultimap                                     : loaded 2 times (x 147B)
Class org.jetbrains.kotlin.gradle.plugin.diagnostics.CheckKotlinGradlePluginConfigurationErrorsKt$locateOrRegisterCheckKotlinGradlePluginErrorsTask$taskProvider$1$2: loaded 2 times (x 74B)
Class org.jetbrains.kotlin.gradle.tasks.CompileUsingKotlinDaemon                      : loaded 2 times (x 70B)
Class org.jetbrains.kotlin.gradle.plugin.mpp.KotlinWithJavaTarget                     : loaded 2 times (x 166B)
Class org.jetbrains.kotlin.gradle.plugin.mpp.compilationImpl.KotlinCreateNativeCompileTasksSideEffectKt$special$$inlined$KotlinCompilationSideEffect$1: loaded 2 times (x 74B)
Class org.jetbrains.kotlin.gradle.targets.KotlinTargetSideEffect$Companion            : loaded 2 times (x 71B)
Class org.jetbrains.kotlin.gradle.dsl.KotlinSingleJavaTargetExtension                 : loaded 2 times (x 124B)
Class org.jetbrains.kotlin.gradle.utils.StoredPropertyKt$extrasStoredProperty$1       : loaded 2 times (x 78B)
Class org.jetbrains.kotlin.gradle.plugin.KotlinPluginLifecycle$IllegalLifecycleException: loaded 2 times (x 82B)
Class org.jetbrains.kotlin.gradle.internal.properties.NativePropertiesLoader$userProvidedNativeHome$1: loaded 2 times (x 75B)
Class org.jetbrains.kotlin.gradle.plugin.KotlinGradleFinishBuildHandler               : loaded 2 times (x 72B)
Class [Lorg.jetbrains.kotlin.build.report.metrics.BuildPerformanceMetric;             : loaded 2 times (x 69B)
Class org.jetbrains.kotlin.statistics.metrics.StringOverridePolicy$CONCAT             : loaded 2 times (x 85B)
Class org.jetbrains.kotlin.gradle.dsl.KotlinTopLevelExtension                         : loaded 2 times (x 70B)
Class com.google.common.base.Equivalence                                              : loaded 2 times (x 82B)
Class com.google.common.collect.ImmutableMapEntry$NonTerminalImmutableMapEntry        : loaded 2 times (x 85B)
Class org.jetbrains.kotlin.config.JvmDefaultMode                                      : loaded 2 times (x 79B)
Class com.google.common.cache.LocalCache$Strength$1                                   : loaded 2 times (x 81B)
Class org.objectweb.asm.ModuleVisitor                                                 : loaded 2 times (x 81B)
Class org.jetbrains.kotlin.gradle.dsl.KotlinSingleTargetExtension                     : loaded 2 times (x 124B)
Class org.jetbrains.kotlin.gradle.plugin.VariantImplementationFactoriesConfigurator$Inject: loaded 2 times (x 96B)
Class org.jetbrains.kotlin.gradle.internal.properties.NativePropertiesLoader$kotlinNativeVersion$1: loaded 2 times (x 75B)
Class org.jetbrains.kotlin.gradle.plugin.mpp.AbstractKotlinTarget                     : loaded 2 times (x 156B)
Class org.jetbrains.kotlin.gradle.plugin.diagnostics.checkers.WasmJsEnvironmentChecker$2: loaded 2 times (x 78B)
Class org.jetbrains.kotlin.gradle.plugin.KotlinPluginLifecycleKt                      : loaded 2 times (x 71B)
Class org.jetbrains.kotlin.incremental.classpathDiff.BasicClassInfo                   : loaded 2 times (x 72B)
Class com.google.common.hash.Hashing                                                  : loaded 2 times (x 71B)
Class com.google.common.collect.IndexedImmutableSet$1                                 : loaded 2 times (x 212B)
Class org.jetbrains.kotlin.gradle.plugin.ProjectLocalConfigurationsKt                 : loaded 2 times (x 71B)
Class org.jetbrains.kotlin.gradle.plugin.mpp.compilationImpl.factory.KotlinCompilationImplFactory: loaded 2 times (x 72B)
Class org.jetbrains.kotlin.gradle.internal.KotlinDomApiDependencyManagementKt$addKotlinDomApiDependency$1: loaded 2 times (x 75B)
Class org.jetbrains.kotlin.gradle.plugin.diagnostics.checkers.KotlinTargetAlreadyDeclaredChecker$runChecks$1: loaded 2 times (x 88B)
Class org.jetbrains.kotlin.gradle.plugin.mpp.KotlinTargetWithBinaries                 : loaded 2 times (x 163B)
Class [Lorg.jetbrains.kotlin.gradle.plugin.KotlinSourceSet;                           : loaded 2 times (x 69B)
Class org.jetbrains.kotlin.gradle.plugin.diagnostics.checkers.JsEnvironmentChecker$1  : loaded 2 times (x 78B)
Class org.jetbrains.kotlin.gradle.plugin.diagnostics.KotlinToolingDiagnostics$JsLikeEnvironmentNotChosenExplicitly: loaded 2 times (x 73B)
Class org.jetbrains.kotlin.gradle.plugin.KotlinTargetsContainerWithPresets            : loaded 2 times (x 70B)
Class org.jetbrains.kotlin.gradle.utils.StoredLazyProperty$getValue$1                 : loaded 2 times (x 79B)
Class org.jetbrains.kotlin.statistics.metrics.IMetricContainerFactory                 : loaded 2 times (x 70B)
Class org.jetbrains.kotlin.statistics.MetricValueValidationFailed                     : loaded 2 times (x 82B)
Class org.jetbrains.kotlin.gradle.plugin.PropertiesProvider$localProperties$2         : loaded 2 times (x 79B)
Class com.google.common.cache.CacheBuilder$OneWeigher                                 : loaded 2 times (x 82B)
Class com.google.common.collect.RegularImmutableList                                  : loaded 2 times (x 212B)
Class com.android.sdklib.AndroidVersion                                               : loaded 2 times (x 75B)
Class org.jetbrains.kotlin.gradle.targets.js.npm.DefaultPeerNpmDependencyExtension    : loaded 2 times (x 141B)
Class org.jetbrains.kotlin.konan.target.KonanTarget$TVOS_ARM64                        : loaded 2 times (x 78B)
Class org.jetbrains.kotlin.incremental.storage.InlineFunctionExternalizer             : loaded 2 times (x 75B)
Class org.jetbrains.kotlin.gradle.plugin.diagnostics.checkers.ComposePluginSuggestApplyChecker$runChecks$1: loaded 2 times (x 88B)
Class org.jetbrains.kotlin.gradle.tasks.KotlinCompile$ScriptFilterSpec                : loaded 2 times (x 75B)
Class org.jetbrains.kotlin.gradle.tasks.configuration.BaseKotlinCompileConfig$2$1$1$1 : loaded 2 times (x 74B)
Class org.jetbrains.kotlin.buildtools.internal.ClasspathEntrySnapshotImpl             : loaded 2 times (x 76B)
Class build_9vixxjocn62xg4jpju5nwysdk                                                 : loaded 2 times (x 180B)
Class com.google.common.primitives.UnsignedInts                                       : loaded 2 times (x 71B)
Class org.jetbrains.kotlin.daemon.common.OSKind$Companion                             : loaded 2 times (x 71B)
Class org.jetbrains.kotlin.daemon.common.PropMapper                                   : loaded 2 times (x 74B)
Class com.google.common.collect.ImmutableSortedMap                                    : loaded 2 times (x 217B)
Class org.jetbrains.kotlin.gradle.plugin.mpp.compilationImpl.DefaultKotlinCompilationFriendPathsResolver$resolveFriendPaths$1$1: loaded 2 times (x 79B)
Class org.jetbrains.kotlin.build.report.metrics.BuildMetricsReporterImpl              : loaded 2 times (x 98B)
Class org.jetbrains.kotlin.gradle.tasks.configuration.KaptGenerateStubsConfig         : loaded 2 times (x 72B)
Class org.jetbrains.kotlin.gradle.tasks.configuration.BaseKotlinCompileConfig$1$classpathConfiguration$jvmToolchain$1: loaded 2 times (x 74B)
Class org.jetbrains.kotlin.gradle.targets.js.npm.SemVer                               : loaded 2 times (x 75B)
Class org.jetbrains.kotlin.gradle.plugin.diagnostics.checkers.JsEnvironmentChecker$2  : loaded 2 times (x 78B)
Class org.jetbrains.kotlin.gradle.utils.WhenPluginEnabledKt$whenPluginsEnabled$1      : loaded 2 times (x 75B)
Class org.jetbrains.kotlin.gradle.tasks.AbstractKotlinCompileTool                     : loaded 2 times (x 366B)
Class [Lorg.jetbrains.kotlin.gradle.report.BuildReportType;                           : loaded 2 times (x 69B)
Class org.jetbrains.kotlin.gradle.plugin.statistics.KotlinBuildStatsConfiguration     : loaded 2 times (x 72B)
Class org.jetbrains.kotlin.gradle.internal.properties.PropertiesBuildService$localProperties$2: loaded 2 times (x 79B)
Class com.google.common.collect.ImmutableBiMapFauxverideShim                          : loaded 2 times (x 120B)
Class org.gradle.internal.classloader.ClasspathUtil                                   : loaded 2 times (x 71B)
Class it.unimi.dsi.fastutil.Hash                                                      : loaded 2 times (x 70B)
Class com.google.common.io.ByteArrayDataInput                                         : loaded 2 times (x 70B)
Class com.google.common.collect.MapMakerInternalMap$StrongValueEntry                  : loaded 2 times (x 70B)
Class org.jetbrains.kotlin.compilerRunner.GradleKotlinCompilerWork                    : loaded 2 times (x 75B)
Class org.jetbrains.kotlin.daemon.common.NetworkUtilsKt                               : loaded 2 times (x 71B)
Class org.jetbrains.kotlin.inline.InlineUtilKt$WhenMappings                           : loaded 2 times (x 71B)
Class com.google.common.hash.Hasher                                                   : loaded 2 times (x 70B)
Class org.gradle.internal.service.UnknownServiceException                             : loaded 2 times (x 83B)
Class com.google.common.cache.LocalCache$LocalLoadingCache                            : loaded 2 times (x 134B)
Class org.jetbrains.kotlin.daemon.client.LimitedLinkedList                            : loaded 2 times (x 280B)
Class org.jetbrains.kotlin.cli.common.arguments.ParseCommandLineArgumentsKt           : loaded 2 times (x 71B)
Class org.jetbrains.kotlin.gradle.dsl.KotlinCommonCompilerOptionsExtensionsKt$usesK2$1: loaded 2 times (x 74B)
Class org.jetbrains.kotlin.gradle.dsl.KotlinCompile                                   : loaded 2 times (x 70B)
Class org.jetbrains.kotlin.gradle.plugin.mpp.compilationImpl.DefaultKotlinCompilationFriendPathsResolver$DefaultFriendArtifactResolver: loaded 2 times (x 74B)
Class org.jetbrains.kotlin.gradle.plugin.diagnostics.checkers.InternalGradlePropertiesUsageChecker$runChecks$1: loaded 2 times (x 88B)
Class org.jetbrains.kotlin.gradle.utils.StringUtilsKt$lowerCamelCaseName$1            : loaded 2 times (x 125B)
Class org.jetbrains.kotlin.gradle.plugin.diagnostics.checkers.JsEnvironmentChecker$3  : loaded 2 times (x 78B)
Class org.jetbrains.kotlin.gradle.artifacts.KotlinLegacyMetadataArtifactKt            : loaded 2 times (x 71B)
Class org.jetbrains.kotlin.gradle.dsl.JvmTarget$Companion                             : loaded 2 times (x 71B)
Class org.jetbrains.kotlin.gradle.internal.properties.NativePropertiesLoader$downloadFromMaven$1: loaded 2 times (x 75B)
Class org.jetbrains.kotlin.gradle.plugin.internal.DefaultConfigurationCacheStartParameterAccessor_Decorated: loaded 2 times (x 125B)
Class org.jetbrains.kotlin.gradle.plugin.internal.DefaultConfigurationCacheStartParameterAccessor: loaded 2 times (x 77B)
Class org.jetbrains.kotlin.tooling.core.HasExtras                                     : loaded 2 times (x 70B)
Class com.google.common.base.Charsets                                                 : loaded 2 times (x 71B)
Class com.google.common.util.concurrent.Uninterruptibles                              : loaded 2 times (x 71B)
Class org.jetbrains.kotlin.cli.jvm.compiler.IdeaStandaloneExecutionSetup              : loaded 2 times (x 71B)
Class kotlin.jvm.internal.PropertyReference1                                          : loaded 2 times (x 127B)
Class com.google.common.util.concurrent.AbstractFuture$SafeAtomicHelper               : loaded 2 times (x 79B)
Class [Lorg.objectweb.asm.AnnotationVisitor;                                          : loaded 2 times (x 69B)
Class org.jetbrains.kotlin.gradle.internal.properties.PropertiesBuildService$NullableBooleanGradleProperty: loaded 2 times (x 76B)
Class org.jetbrains.kotlin.build.report.metrics.GradleBuildPerformanceMetric          : loaded 2 times (x 92B)
Class org.jetbrains.kotlin.incremental.storage.IntExternalizer                        : loaded 2 times (x 75B)
Class org.jetbrains.kotlin.gradle.targets.js.npm.NpmDependencyExtensionKt$AddNpmDependencyExtensionProjectSetupAction$1: loaded 2 times (x 74B)
Class org.jetbrains.kotlin.gradle.plugin.diagnostics.checkers.WasmJsEnvironmentChecker$1: loaded 2 times (x 78B)
Class org.jetbrains.kotlin.gradle.dsl.AndroidMainSourceSetConventionsChecker          : loaded 2 times (x 74B)
Class org.jetbrains.kotlin.gradle.targets.js.npm.PeerNpmDependencyExtension           : loaded 2 times (x 70B)
Class org.jetbrains.kotlin.gradle.report.TaskExecutionResult                          : loaded 2 times (x 72B)
Class org.jetbrains.kotlin.statistics.metrics.ConcatMetricContainer$Companion         : loaded 2 times (x 71B)
Class com.google.common.io.CharSource                                                 : loaded 2 times (x 85B)
Class com.google.common.collect.AbstractMapBasedMultimap$WrappedSet                   : loaded 2 times (x 142B)
Class org.jetbrains.kotlin.gradle.plugin.KotlinCompilationInfo$TCS$friendPaths$1      : loaded 2 times (x 79B)
Class org.jetbrains.kotlin.gradle.plugin.sources.DefaultLanguageSettingsBuilder$freeCompilerArgsProvider$1: loaded 2 times (x 95B)
Class org.jetbrains.kotlin.konan.target.HostManager$Companion                         : loaded 2 times (x 71B)
Class org.jetbrains.kotlin.gradle.targets.js.npm.DevNpmDependencyExtension            : loaded 2 times (x 70B)
Class org.jetbrains.kotlin.gradle.plugin.diagnostics.checkers.PreHmppDependenciesUsageChecker: loaded 2 times (x 74B)
Class org.jetbrains.kotlin.gradle.targets.CreateArtifactsSideEffectKt                 : loaded 2 times (x 71B)
Class org.jetbrains.kotlin.gradle.plugin.AbstractKotlinMultiplatformPluginWrapper     : loaded 2 times (x 86B)
Class org.jetbrains.kotlin.gradle.utils.GradleConfigurationUtilsKt$addGradlePluginMetadataAttributes$1: loaded 2 times (x 75B)
Class org.jetbrains.kotlin.gradle.plugin.internal.DefaultProjectIsolationStartParameterAccessor: loaded 2 times (x 77B)
Class org.gradle.api.specs.Spec                                                       : loaded 2 times (x 70B)
Class org.jetbrains.kotlin.gradle.plugin.diagnostics.checkers.UnusedSourceSetsChecker$runChecks$1: loaded 2 times (x 88B)
Class [Lorg.jetbrains.kotlin.konan.target.Family;                                     : loaded 2 times (x 69B)
Class org.jetbrains.kotlin.konan.target.HostManager$targetValues$2                    : loaded 2 times (x 78B)
Class org.jetbrains.kotlin.incremental.storage.MapExternalizer                        : loaded 2 times (x 80B)
Class org.jetbrains.kotlin.gradle.tasks.CacheableTasksKt                              : loaded 2 times (x 71B)
Class org.jetbrains.kotlin.gradle.tasks.KotlinJvmCompile$DefaultImpls                 : loaded 2 times (x 71B)
Class build_791pi10n6m845g1rrxv9168t7$_run_closure1$_closure3                         : loaded 2 times (x 139B)
Class build_e83re7lfp4q6v039kupiaorhy$_run_closure1                                   : loaded 2 times (x 139B)
Class com.google.common.hash.Hashing$ChecksumType$1                                   : loaded 2 times (x 88B)
Class org.jetbrains.kotlin.daemon.common.CompilationOptions                           : loaded 2 times (x 72B)
Class org.jetbrains.kotlin.gradle.internal.tasks.TaskWithLocalStateKt                 : loaded 2 times (x 71B)
Class org.objectweb.asm.TypeReference                                                 : loaded 2 times (x 80B)
Class com.google.common.collect.MapMaker                                              : loaded 2 times (x 72B)
Class org.jetbrains.kotlin.gradle.tasks.KotlinCompile$disableMultiModuleIC$2          : loaded 2 times (x 79B)
Class org.jetbrains.kotlin.gradle.tasks.GradleCompileTaskProviderKt                   : loaded 2 times (x 71B)
Class org.jetbrains.kotlin.gradle.plugin.SubpluginEnvironment$Companion               : loaded 2 times (x 71B)
Class org.jetbrains.kotlin.gradle.plugin.mpp.ApplyUserDefinedAttributesKt$UserDefinedAttributesSetupAction$1$1$3: loaded 2 times (x 75B)
Class org.jetbrains.kotlin.gradle.tasks.configuration.BaseKotlinCompileConfig$Companion: loaded 2 times (x 71B)
Class org.jetbrains.kotlin.gradle.plugin.mpp.compilationImpl.KotlinCompilationImpl$Params: loaded 2 times (x 72B)
Class org.jetbrains.kotlin.konan.target.UtilsKt                                       : loaded 2 times (x 71B)
Class org.jetbrains.kotlin.gradle.tooling.BuildKotlinToolingMetadataTask              : loaded 2 times (x 317B)
Class org.jetbrains.kotlin.gradle.plugin.internal.CompatibilityConventionRegistrarKt  : loaded 2 times (x 71B)
Class org.jetbrains.kotlin.gradle.artifacts.KotlinJvmJarArtifactKt                    : loaded 2 times (x 71B)
Class org.jetbrains.kotlin.gradle.plugin.mpp.compilationImpl.CreateCInteropTasksSideEffectKt$special$$inlined$KotlinCompilationSideEffect$1: loaded 2 times (x 74B)
Class org.jetbrains.kotlin.gradle.plugin.statistics.FinalizeConfigurationFusMetricActionKt: loaded 2 times (x 71B)
Class org.jetbrains.kotlin.gradle.plugin.mpp.resources.resolve.KotlinTargetResourcesResolutionStrategy$Companion: loaded 2 times (x 71B)
Class org.jetbrains.kotlin.gradle.targets.native.toolchain.KotlinNativeBundleBuildService$Companion$registerIfAbsent$2$1: loaded 2 times (x 79B)
Class org.jetbrains.kotlin.build.report.metrics.GradleBuildPerformanceMetric$Companion: loaded 2 times (x 71B)
Class org.jetbrains.kotlin.gradle.plugin.statistics.KotlinBuildStatsBeanService       : loaded 2 times (x 87B)
Class [Lcom.google.common.collect.ImmutableEntry;                                     : loaded 2 times (x 69B)
Class kotlin.jvm.internal.ArrayIterator                                               : loaded 2 times (x 79B)
Class it.unimi.dsi.fastutil.HashCommon                                                : loaded 2 times (x 71B)
Class org.jetbrains.kotlin.incremental.KotlinClassInfo$ExtraInfo                      : loaded 2 times (x 72B)
Class org.jetbrains.kotlin.gradle.plugin.diagnostics.CheckKotlinGradlePluginConfigurationErrors$Companion: loaded 2 times (x 71B)
Class org.jetbrains.kotlin.gradle.plugin.statistics.ExecutedTaskMetrics               : loaded 2 times (x 71B)
Class com.google.common.collect.MapMakerInternalMap$Strength$2                        : loaded 2 times (x 80B)
Class build_ecu8fnl2qv8m4o2dc5hfycyql$_run_closure1                                   : loaded 2 times (x 139B)
Class com.google.common.hash.Hashing$ChecksumType$2                                   : loaded 2 times (x 88B)
Class org.jetbrains.kotlin.gradle.tasks.configuration.AbstractKotlinCompileConfig$1$1 : loaded 2 times (x 74B)
Class org.jetbrains.kotlin.gradle.tasks.KotlinCompile$kotlinOptions$1                 : loaded 2 times (x 79B)
Class org.jetbrains.kotlin.gradle.internal.properties.NativeProperties$Companion      : loaded 2 times (x 71B)
Class org.jetbrains.kotlin.gradle.utils.StringUtilsKt                                 : loaded 2 times (x 71B)
Class org.jetbrains.kotlin.gradle.targets.ConfigureBuildSideEffectKt$ConfigureBuildSideEffect$1: loaded 2 times (x 74B)
Class org.jetbrains.kotlin.tooling.core.ExtrasLazyProperty                            : loaded 2 times (x 70B)
Class org.jetbrains.kotlin.gradle.utils.CompletableFuture                             : loaded 2 times (x 70B)
Class org.jetbrains.kotlin.build.report.metrics.BuildPerformanceMetric                : loaded 2 times (x 70B)
Class [Lorg.jetbrains.kotlin.statistics.metrics.StringOverridePolicy;                 : loaded 2 times (x 69B)
Class com.google.common.cache.LocalCache$LoadingValueReference                        : loaded 2 times (x 96B)
Class org.jetbrains.kotlin.gradle.plugin.CreateCompilerArgumentsContextImpl           : loaded 2 times (x 75B)
Class org.jetbrains.kotlin.incremental.ClassProtoData                                 : loaded 2 times (x 72B)
Class org.jetbrains.kotlin.inline.InlineFunctionOrAccessor                            : loaded 2 times (x 70B)
Class org.jetbrains.kotlin.cli.common.arguments.Argument                              : loaded 2 times (x 70B)
Class build_2qlgik2p7n5tmwljtn3x6tyyu$_run_closure1$_closure3                         : loaded 2 times (x 139B)
Class org.jetbrains.kotlin.incremental.classpathDiff.ClassSnapshotter$WhenMappings    : loaded 2 times (x 71B)
Class build_5z9ejoumedh24k1wcfrvzre2b$_run_closure1$_closure3                         : loaded 2 times (x 139B)
Class com.google.common.reflect.Invokable$MethodInvokable                             : loaded 2 times (x 107B)
Class org.jetbrains.kotlin.incremental.ClasspathSnapshotFiles$Companion               : loaded 2 times (x 71B)
Class com.google.common.collect.MapMakerInternalMap$StrongKeyDummyValueEntry          : loaded 2 times (x 82B)
Class com.google.common.io.LineReader$1                                               : loaded 2 times (x 75B)
Class com.google.common.collect.CollectSpliterators                                   : loaded 2 times (x 71B)
Class com.google.common.collect.AbstractMapBasedMultimap$AsMap                        : loaded 2 times (x 128B)
Class org.jetbrains.kotlin.gradle.tasks.configuration.AbstractKotlinCompileConfig$getClasspathSnapshotDir$1: loaded 2 times (x 74B)
Class org.jetbrains.kotlin.gradle.tasks.configuration.AbstractKotlinCompileConfig$1$2 : loaded 2 times (x 74B)
Class com.google.common.base.Platform                                                 : loaded 2 times (x 71B)
Class org.jetbrains.kotlin.gradle.plugin.diagnostics.checkers.OverriddenKotlinNativeHomeChecker$StdlibExistenceCheckerValueSource$Params$Inject: loaded 2 times (x 106B)
Class org.jetbrains.kotlin.gradle.plugin.diagnostics.checkers.CommonMainOrTestWithDependsOnChecker: loaded 2 times (x 74B)
Class org.jetbrains.kotlin.gradle.artifacts.KotlinNativeHostSpecificMetadataArtifactKt: loaded 2 times (x 71B)
Class org.jetbrains.kotlin.gradle.plugin.mpp.compilationImpl.KotlinCreateLifecycleTasksSideEffectKt: loaded 2 times (x 71B)
Class org.jetbrains.kotlin.gradle.plugin.KotlinTarget                                 : loaded 2 times (x 70B)
Class org.jetbrains.kotlin.gradle.utils.ConfigurationsKt$createResolvable$1           : loaded 2 times (x 78B)
Class [Lorg.jetbrains.kotlin.statistics.metrics.BooleanAnonymizationPolicy;           : loaded 2 times (x 69B)
Class Build_gradle$1                                                                  : loaded 2 times (x 78B)
Class jdk.internal.jimage.decompressor.ResourceDecompressorRepository                 : loaded 2 times (x 71B)
Class org.jetbrains.kotlin.config.LanguageVersionSettings$Companion                   : loaded 2 times (x 71B)
Class org.gradle.api.internal.ClassPathProvider                                       : loaded 2 times (x 70B)
Class [Lorg.gradle.api.internal.ClassPathProvider;                                    : loaded 2 times (x 69B)
Class org.jetbrains.kotlin.gradle.plugin.VariantImplementationFactories$Companion$getProvider$2$1: loaded 2 times (x 79B)
Class org.jetbrains.kotlin.statistics.metrics.NumericalMetrics                        : loaded 2 times (x 80B)
Class org.jetbrains.kotlin.gradle.plugin.mpp.SyncLanguageSettingsWithKotlinExtensionSetupActionKt: loaded 2 times (x 71B)
Class org.jetbrains.kotlin.gradle.targets.CreateDefaultCompilationsSideEffectKt       : loaded 2 times (x 71B)
Class org.jetbrains.kotlin.gradle.plugin.diagnostics.checkers.KotlinSourceSetTreeDependsOnMismatchChecker: loaded 2 times (x 74B)
Class org.jetbrains.kotlin.gradle.dsl.PlatformSourceSetConventionsChecker             : loaded 2 times (x 74B)
Class org.jetbrains.kotlin.gradle.plugin.KotlinPluginLifecycleCoroutineContextElement : loaded 2 times (x 84B)
Class org.jetbrains.kotlin.incremental.classpathDiff.ClassFileWithContentsProvider    : loaded 2 times (x 72B)
Class org.jetbrains.kotlin.compilerRunner.GradleIncrementalCompilerServicesFacadeImpl : loaded 2 times (x 80B)
Class org.jetbrains.kotlin.daemon.client.KotlinCompilerClientKt$report$sourceMessage$2: loaded 2 times (x 79B)
Class org.jetbrains.kotlin.daemon.common.BoolPropMapper                               : loaded 2 times (x 74B)
Class org.jetbrains.kotlin.compilerRunner.GradleCompilerRunnerWithWorkers$runCompilerAsync$1: loaded 2 times (x 75B)
Class com.google.common.collect.CompoundOrdering                                      : loaded 2 times (x 115B)
Class com.google.common.collect.AbstractMapBasedMultimap$WrappedList                  : loaded 2 times (x 205B)
Class org.jetbrains.kotlin.gradle.internal.KotlinDependenciesManagementKt$allNonProjectDependencies$1: loaded 2 times (x 74B)
Class [Lorg.jetbrains.kotlin.build.report.metrics.BuildAttributeKind;                 : loaded 2 times (x 69B)
Class org.jetbrains.kotlin.gradle.tasks.K2MultiplatformStructure                      : loaded 2 times (x 74B)
Class org.jetbrains.kotlin.compilerRunner.CompilerSystemPropertiesService$Parameters  : loaded 2 times (x 70B)
Class org.jetbrains.kotlin.gradle.plugin.mpp.compilationImpl.KotlinCompilationSourceSetsContainer: loaded 2 times (x 70B)
Class org.jetbrains.kotlin.gradle.artifacts.KotlinNativeKlibArtifactKt                : loaded 2 times (x 71B)
Class org.jetbrains.kotlin.gradle.plugin.ProjectLocalConfigurations                   : loaded 2 times (x 71B)
Class org.jetbrains.kotlin.gradle.plugin.mpp.KotlinUsages$KotlinUsagesDisambiguation  : loaded 2 times (x 76B)
Class org.jetbrains.kotlin.tooling.core.Extras$Key$Companion                          : loaded 2 times (x 71B)
Class org.jetbrains.kotlin.tooling.core.Extras$Key                                    : loaded 2 times (x 72B)
Class [Lorg.objectweb.asm.AnnotationWriter;                                           : loaded 2 times (x 69B)
Class com.google.common.primitives.Ints$IntConverter                                  : loaded 2 times (x 90B)
Class org.jetbrains.kotlin.gradle.tasks.configuration.KaptGenerateStubsConfig$Companion$wireJavaAndKotlinOutputs$1: loaded 2 times (x 79B)
Class org.jetbrains.kotlin.gradle.tasks.configuration.BaseKotlinCompileConfig$1$3$classpathEntrySnapshotFiles$1: loaded 2 times (x 74B)
Class com.google.common.collect.Maps$ViewCachingAbstractMap                           : loaded 2 times (x 125B)
Class com.google.common.collect.MapMakerInternalMap$Strength$1                        : loaded 2 times (x 80B)
Class com.google.common.io.CharSource$ConcatenatedCharSource                          : loaded 2 times (x 86B)
Class com.google.common.collect.NaturalOrdering                                       : loaded 2 times (x 115B)
Class org.jetbrains.kotlin.statistics.metrics.OverrideMetricContainer                 : loaded 2 times (x 80B)
Class org.jetbrains.kotlin.gradle.tasks.CompilationErrorException                     : loaded 2 times (x 82B)
Class org.jetbrains.kotlin.daemon.common.MultiModuleICSettings$Companion              : loaded 2 times (x 71B)
Class org.jetbrains.kotlin.daemon.common.DaemonOptions$mappers$10                     : loaded 2 times (x 125B)
Class org.jetbrains.kotlin.gradle.tasks.configuration.AbstractKotlinCompileConfig$1$4 : loaded 2 times (x 75B)
Class com.google.common.collect.Lists$ReverseList$1                                   : loaded 2 times (x 99B)
Class com.google.common.collect.ImmutableRangeSet$Builder                             : loaded 2 times (x 77B)
Class [Lcom.google.common.collect.Iterators$EmptyModifiableIterator;                  : loaded 2 times (x 69B)
Class org.jetbrains.kotlin.gradle.plugin.diagnostics.CheckKotlinGradlePluginConfigurationErrors: loaded 2 times (x 317B)
Class org.jetbrains.kotlin.gradle.plugin.sources.DefaultKotlinSourceSetKt             : loaded 2 times (x 71B)
Class org.jetbrains.kotlin.gradle.dsl.KotlinJvmOptions                                : loaded 2 times (x 70B)
Class org.jetbrains.kotlin.gradle.plugin.mpp.HierarchyAttributeContainer$1            : loaded 2 times (x 78B)
Class org.jetbrains.kotlin.gradle.plugin.KotlinPluginLifecycle                        : loaded 2 times (x 70B)
Class org.jetbrains.kotlin.gradle.plugin.KotlinJsPluginWrapper                        : loaded 2 times (x 86B)
Class org.jetbrains.kotlin.gradle.dsl.ToolchainSupport                                : loaded 2 times (x 70B)
Class org.jetbrains.kotlin.tooling.core.Extras                                        : loaded 2 times (x 70B)
Class org.jetbrains.kotlin.gradle.plugin.mpp.InternalKotlinTarget                     : loaded 2 times (x 70B)
Class org.jetbrains.kotlin.statistics.metrics.NumberAnonymizationPolicy$RANDOM_10_PERCENT: loaded 2 times (x 85B)
Class org.jetbrains.kotlin.statistics.metrics.StringMetrics                           : loaded 2 times (x 80B)
Class com.google.common.cache.LocalCache$StrongValueReference                         : loaded 2 times (x 90B)
Class com.google.common.util.concurrent.AbstractFuture$SynchronizedHelper             : loaded 2 times (x 78B)
Class org.jetbrains.kotlin.utils.StringsKt                                            : loaded 2 times (x 71B)
Class org.jetbrains.kotlin.build.report.HttpReportSettings                            : loaded 2 times (x 72B)
Class org.jetbrains.kotlin.cli.jvm.compiler.KotlinCoreApplicationEnvironment          : loaded 2 times (x 94B)
Class [Lorg.jetbrains.kotlin.daemon.common.ReportCategory;                            : loaded 2 times (x 69B)
Class com.google.common.hash.HashCode$BytesHashCode                                   : loaded 2 times (x 81B)
Class org.jetbrains.kotlin.daemon.client.CompileServiceSession                        : loaded 2 times (x 72B)
Class org.jetbrains.kotlin.daemon.common.CompileService$CallResult$Good               : loaded 2 times (x 73B)
Class org.jetbrains.kotlin.gradle.plugin.internal.state.TaskLoggersKt                 : loaded 2 times (x 71B)
Class org.jetbrains.kotlin.buildtools.api.CompilationService                          : loaded 2 times (x 70B)
Class com.google.common.graph.SuccessorsFunction                                      : loaded 2 times (x 70B)
Class org.jetbrains.kotlin.gradle.tasks.CompilerPluginOptions                         : loaded 2 times (x 72B)
Class org.jetbrains.kotlin.gradle.tasks.configuration.AbstractKotlinCompileConfig$1$5 : loaded 2 times (x 75B)
Class org.jetbrains.kotlin.gradle.plugin.mpp.KotlinTargetSoftwareComponentImpl        : loaded 2 times (x 90B)
Class org.jetbrains.kotlin.gradle.plugin.mpp.DefaultKotlinUsageContext$PublishOnlyIf  : loaded 2 times (x 70B)
Class [Lcom.google.gson.stream.JsonToken;                                             : loaded 2 times (x 69B)
Class org.jetbrains.kotlin.gradle.dsl.KotlinCommonCompilerOptionsHelper               : loaded 2 times (x 71B)
Class org.jetbrains.kotlin.gradle.plugin.KotlinJvmPlugin$Companion                    : loaded 2 times (x 71B)
Class org.jetbrains.kotlin.gradle.plugin.diagnostics.KotlinToolingDiagnostics         : loaded 2 times (x 71B)
Class org.jetbrains.kotlin.gradle.artifacts.KotlinMetadataArtifactKt                  : loaded 2 times (x 71B)
Class org.jetbrains.kotlin.gradle.targets.CreateArtifactsSideEffectKt$CreateArtifactsSideEffect$1: loaded 2 times (x 74B)
Class org.jetbrains.kotlin.gradle.internal.properties.PropertiesBuildService$property$1$valueFromGradleAndLocalProperties$1: loaded 2 times (x 75B)
Class org.jetbrains.kotlin.gradle.plugin.KotlinPluginWrapperKt$kotlinToolingVersion$2 : loaded 2 times (x 78B)
Class org.objectweb.asm.Type                                                          : loaded 2 times (x 72B)
Class [Lorg.jetbrains.kotlin.config.JVMAssertionsMode;                                : loaded 2 times (x 69B)
Class org.jetbrains.kotlin.config.JVMAssertionsMode                                   : loaded 2 times (x 79B)
Class org.gradle.internal.classloader.VisitableURLClassLoader$InstrumentingVisitableURLClassLoader: loaded 2 times (x 123B)
Class build_e83re7lfp4q6v039kupiaorhy                                                 : loaded 2 times (x 180B)
Class it.unimi.dsi.fastutil.ints.IntIterable                                          : loaded 2 times (x 70B)
Class it.unimi.dsi.fastutil.ints.IntSet                                               : loaded 2 times (x 70B)
Class org.jetbrains.kotlin.config.LanguageVersionSettingsImpl$Companion               : loaded 2 times (x 71B)
Class org.gradle.api.internal.DefaultClassPathProvider                                : loaded 2 times (x 76B)
Class org.objectweb.asm.AnnotationVisitor                                             : loaded 2 times (x 78B)
Class org.jetbrains.kotlin.incremental.classpathDiff.InnerClassesClassVisitor         : loaded 2 times (x 87B)
Class org.jetbrains.kotlin.gradle.plugin.VariantImplementationFactoriesConfigurator$Companion$getProvider$1: loaded 2 times (x 74B)
Class org.jetbrains.kotlin.gradle.plugin.PropertiesProvider$kotlinExperimentalTryNext$1: loaded 2 times (x 75B)
Class org.jetbrains.kotlin.daemon.common.DaemonOptions$mappers$12                     : loaded 2 times (x 137B)
Class org.jetbrains.kotlin.compilerRunner.KotlinCompilerRunnerUtils                   : loaded 2 times (x 71B)
Class org.jetbrains.kotlin.compilerRunner.GradleCompilerEnvironment                   : loaded 2 times (x 73B)
Class org.jetbrains.kotlin.gradle.tasks.CompileUsingKotlinDaemonWithNormalization$DefaultImpls: loaded 2 times (x 71B)
Class com.google.common.collect.MapMakerInternalMap$StrongKeyDummyValueEntry$Helper   : loaded 2 times (x 79B)
Class com.google.common.io.Files$FileByteSink                                         : loaded 2 times (x 77B)
Class org.jetbrains.kotlin.gradle.tasks.configuration.AbstractKotlinCompileConfig$1$6 : loaded 2 times (x 75B)
Class [Lorg.jetbrains.kotlin.gradle.tasks.KotlinCompilerExecutionStrategy;            : loaded 2 times (x 69B)
Class org.jetbrains.kotlin.gradle.tasks.FailedCompilationException                    : loaded 2 times (x 82B)
Class org.jetbrains.kotlin.gradle.plugin.mpp.DefaultKotlinUsageContext$1              : loaded 2 times (x 74B)
Class org.jetbrains.kotlin.gradle.plugin.mpp.compilationImpl.KotlinCompilationImpl$associateWith$2: loaded 2 times (x 79B)
Class org.jetbrains.kotlin.gradle.plugin.hierarchy.KotlinSourceSetTreeClassifier      : loaded 2 times (x 70B)
Class org.jetbrains.kotlin.gradle.plugin.mpp.compilationImpl.KotlinCompilationAssociator: loaded 2 times (x 70B)
Class org.jetbrains.kotlin.konan.target.UtilsKt$evaluatePresetName$1                  : loaded 2 times (x 78B)
Class org.jetbrains.kotlin.gradle.plugin.mpp.KotlinNativeTarget                       : loaded 2 times (x 173B)
Class org.jetbrains.kotlin.gradle.plugin.diagnostics.checkers.KotlinSourceSetTreeDependsOnMismatchChecker$runChecks$1: loaded 2 times (x 88B)
Class org.jetbrains.kotlin.gradle.plugin.diagnostics.checkers.PreHmppDependenciesUsageChecker$runChecks$1: loaded 2 times (x 88B)
Class org.jetbrains.kotlin.gradle.utils.ProjectExtensionsKt                           : loaded 2 times (x 71B)
Class org.jetbrains.kotlin.gradle.plugin.KotlinSourceSetTree$Companion                : loaded 2 times (x 71B)
Class org.jetbrains.kotlin.gradle.plugin.diagnostics.KotlinGradleProjectChecker$Companion: loaded 2 times (x 71B)
Class org.jetbrains.kotlin.gradle.plugin.KotlinGradleBuildServices$Parameters         : loaded 2 times (x 70B)
Class org.jetbrains.kotlin.gradle.plugin.statistics.BuildFusService$Companion$registerIfAbsent$1$1$1: loaded 2 times (x 75B)
Class org.jetbrains.kotlin.statistics.fileloggers.MetricsContainer$Companion          : loaded 2 times (x 71B)
Class org.objectweb.asm.ByteVector                                                    : loaded 2 times (x 79B)
Class [Lcom.google.common.cache.CacheBuilder$NullListener;                            : loaded 2 times (x 69B)
Class org.gradle.internal.classloader.VisitableURLClassLoader$Spec                    : loaded 2 times (x 74B)
Class org.gradle.internal.classpath.DefaultClassPath                                  : loaded 2 times (x 90B)
Class it.unimi.dsi.fastutil.Hash$Strategy                                             : loaded 2 times (x 70B)
Class org.jetbrains.kotlin.statistics.metrics.BooleanOverridePolicy$OVERRIDE          : loaded 2 times (x 85B)
Class org.jetbrains.kotlin.statistics.metrics.BooleanAnonymizationPolicy              : loaded 2 times (x 85B)
Class org.jetbrains.kotlin.gradle.targets.native.toolchain.KotlinNativeBundleBuildService$Companion$registerIfAbsent$1: loaded 2 times (x 75B)
Class org.jetbrains.kotlin.gradle.utils.ProviderApiUtilsKt$mapOrNull$1                : loaded 2 times (x 75B)
Class org.jetbrains.kotlin.incremental.DifferenceCalculator                           : loaded 2 times (x 73B)
Class org.jetbrains.kotlin.gradle.targets.CreateDefaultTestRunSideEffectKt            : loaded 2 times (x 71B)
Class org.jetbrains.kotlin.com.intellij.util.io.DataExternalizer                      : loaded 2 times (x 70B)
Class org.jetbrains.kotlin.gradle.plugin.diagnostics.KotlinGradleProjectCheckersRunnerKt$launchKotlinGradleProjectCheckers$1$1: loaded 2 times (x 95B)
Class org.jetbrains.kotlin.gradle.plugin.diagnostics.checkers.AndroidSourceSetLayoutV1SourceSetsNotFoundChecker$runChecks$1: loaded 2 times (x 88B)
Class org.jetbrains.kotlin.incremental.ClassNodeSnapshotter                           : loaded 2 times (x 71B)
Class org.jetbrains.kotlin.gradle.plugin.diagnostics.checkers.AndroidPluginWithoutAndroidTargetChecker$runChecks$1: loaded 2 times (x 88B)
Class build_2cp5h65qi2h6pqesgjpp9ydfb                                                 : loaded 2 times (x 180B)
Class org.jetbrains.kotlin.daemon.common.DaemonOptions$mappers$13                     : loaded 2 times (x 125B)
Class org.jetbrains.kotlin.compilerRunner.OutputItemsCollector                        : loaded 2 times (x 70B)
Class com.google.common.collect.ImmutableSortedMap$1EntrySet$1                        : loaded 2 times (x 212B)
Class org.jetbrains.kotlin.gradle.plugin.DefaultKotlinBasePlugin$addKotlinCompilerConfiguration$2$1$1: loaded 2 times (x 75B)
Class org.jetbrains.kotlin.gradle.plugin.mpp.KotlinSoftwareComponentKt                : loaded 2 times (x 71B)
Class org.jetbrains.kotlin.gradle.plugin.mpp.compilationImpl.KotlinCompilationSourceSetInclusion$AddSourcesToCompileTask: loaded 2 times (x 70B)
Class org.jetbrains.kotlin.konan.target.Architecture                                  : loaded 2 times (x 79B)
Class [Lorg.jetbrains.kotlin.gradle.plugin.HasProject;                                : loaded 2 times (x 69B)
Class org.jetbrains.kotlin.gradle.utils.MutableObservableSetImpl                      : loaded 2 times (x 163B)
Class org.jetbrains.kotlin.gradle.tasks.KotlinTasksProvider                           : loaded 2 times (x 72B)
Class org.jetbrains.kotlin.gradle.plugin.KotlinJsCompilerTypeHolder                   : loaded 2 times (x 70B)
Class org.jetbrains.kotlin.gradle.dsl.DefaultToolchainSupport$wireToolchainToTasks$1  : loaded 2 times (x 75B)
Class org.jetbrains.kotlin.gradle.dsl.KotlinCommonCompilerOptions                     : loaded 2 times (x 70B)
Class org.jetbrains.kotlin.gradle.internal.properties.PropertiesBuildService$MemoizedCallable: loaded 2 times (x 75B)
Class org.objectweb.asm.Symbol                                                        : loaded 2 times (x 73B)
Class jdk.internal.jimage.decompressor.ZipDecompressorFactory                         : loaded 2 times (x 74B)
Class org.jetbrains.kotlin.konan.target.KonanTarget                                   : loaded 2 times (x 78B)
Class com.google.common.collect.Iterators$EmptyModifiableIterator                     : loaded 2 times (x 86B)
Class org.jetbrains.kotlin.gradle.ExternalKotlinTargetApi                             : loaded 2 times (x 70B)
Class org.jetbrains.kotlin.buildtools.api.jvm.ClassSnapshotGranularity                : loaded 2 times (x 79B)
Class org.jetbrains.kotlin.incremental.ClasspathChanges                               : loaded 2 times (x 71B)
Class com.google.common.collect.ComparatorOrdering                                    : loaded 2 times (x 115B)
Class org.jetbrains.kotlin.gradle.tasks.KotlinCompile$createCompilerArguments$1$2$1   : loaded 2 times (x 79B)
Class org.jetbrains.kotlin.metadata.jvm.deserialization.JvmMemberSignature$Field      : loaded 2 times (x 75B)
Class com.google.common.collect.ImmutableSet$SerializedForm                           : loaded 2 times (x 73B)
Class build_9nifh70wlrycfc7opij0y6vc6                                                 : loaded 2 times (x 180B)
Class org.jetbrains.kotlin.statistics.metrics.OrMetricContainer                       : loaded 2 times (x 80B)
Class org.jetbrains.kotlin.build.report.metrics.BuildMetrics$Companion                : loaded 2 times (x 71B)
Class org.jetbrains.kotlin.buildtools.api.SourcesChanges$Unknown                      : loaded 2 times (x 73B)
Class com.google.common.io.Java8Compatibility                                         : loaded 2 times (x 71B)
Class com.google.common.io.Closer                                                     : loaded 2 times (x 78B)
Class org.jetbrains.kotlin.gradle.tasks.AbstractKotlinCompile$friendPathsSet$1        : loaded 2 times (x 75B)
Class org.jetbrains.kotlin.build.report.metrics.BuildAttributes                       : loaded 2 times (x 72B)
Class org.jetbrains.kotlin.gradle.plugin.cocoapods.KotlinCocoapodsPlugin$Companion    : loaded 2 times (x 71B)
Class org.jetbrains.kotlin.gradle.plugin.mpp.compilationImpl.KotlinCompilationImpl    : loaded 2 times (x 140B)
Class [Lorg.jetbrains.kotlin.gradle.plugin.mpp.compilationImpl.factory.KotlinCompilationImplFactory$PostConfigure;: loaded 2 times (x 69B)
Class org.jetbrains.kotlin.konan.target.KonanTarget$MACOS_X64                         : loaded 2 times (x 78B)
Class org.jetbrains.kotlin.konan.util.Named                                           : loaded 2 times (x 70B)
Class org.jetbrains.kotlin.gradle.plugin.KotlinSourceSet$Companion                    : loaded 2 times (x 71B)
Class [Lorg.jetbrains.kotlin.gradle.report.BuildReportMode;                           : loaded 2 times (x 69B)
Class org.jetbrains.kotlin.statistics.metrics.BooleanOverridePolicy                   : loaded 2 times (x 85B)
Class com.google.common.collect.RegularImmutableMap$Values                            : loaded 2 times (x 207B)
Class org.jetbrains.kotlin.gradle.plugin.AbstractKotlinAndroidPluginWrapper           : loaded 2 times (x 86B)
Class org.gradle.internal.classloader.ClassLoaderSpec                                 : loaded 2 times (x 71B)
Class org.jetbrains.kotlin.daemon.common.StringPropMapper                             : loaded 2 times (x 74B)
Class build_9dpqhk5rtq90vuuqqxsfop97u$_run_closure1                                   : loaded 2 times (x 139B)
Class kotlin.jvm.internal.ArrayIteratorKt                                             : loaded 2 times (x 71B)
Class kotlin.reflect.KProperty$Accessor                                               : loaded 2 times (x 70B)
Class com.google.common.collect.ListMultimap                                          : loaded 2 times (x 70B)
Class org.jetbrains.org.objectweb.asm.tree.InnerClassNode                             : loaded 2 times (x 73B)
Class build_791pi10n6m845g1rrxv9168t7$_run_closure1                                   : loaded 2 times (x 139B)
Class org.jetbrains.kotlin.daemon.common.DaemonOptions$mappers$15                     : loaded 2 times (x 137B)
Class org.jetbrains.kotlin.compilerRunner.GradleCompilerRunnerWithWorkers$GradleKotlinCompilerWorkParameters$Inject: loaded 2 times (x 114B)
Class com.google.common.io.ByteSource$EmptyByteSource                                 : loaded 2 times (x 85B)
Class org.objectweb.asm.commons.ClassRemapper                                         : loaded 2 times (x 94B)
Class org.jetbrains.kotlin.gradle.tasks.DefaultKotlinJavaToolchain$DefaultJavaToolchainSetter: loaded 2 times (x 75B)
Class org.jetbrains.kotlin.build.report.metrics.BuildAttributeKind                    : loaded 2 times (x 79B)
Class org.jetbrains.kotlin.gradle.plugin.mpp.KotlinCompilationsKt$moduleNameForCompilation$1: loaded 2 times (x 75B)
Class org.jetbrains.kotlin.gradle.plugin.sources.KotlinDependencyScopeKt              : loaded 2 times (x 71B)
Class org.jetbrains.kotlin.gradle.plugin.diagnostics.TransformActionUsingKotlinToolingDiagnostics$Parameters: loaded 2 times (x 70B)
Class org.jetbrains.kotlin.compilerRunner.CompilerSystemPropertiesService$Companion$registerIfAbsent$2$1: loaded 2 times (x 79B)
Class org.jetbrains.kotlin.gradle.plugin.mpp.KotlinCompilationsKt$addSourcesToKotlinCompileTask$1: loaded 2 times (x 75B)
Class org.jetbrains.kotlin.gradle.internal.KotlinDependenciesManagementKt$configureDefaultVersionsResolutionStrategy$1$1: loaded 2 times (x 75B)
Class org.jetbrains.kotlin.gradle.utils.KotlinExtensionUtilsKt$forAllTargets$1        : loaded 2 times (x 95B)
Class org.jetbrains.kotlin.gradle.plugin.diagnostics.CheckKotlinGradlePluginConfigurationErrorsKt$locateOrRegisterCheckKotlinGradlePluginErrorsTask$taskProvider$1: loaded 2 times (x 75B)
Class org.jetbrains.kotlin.gradle.plugin.diagnostics.checkers.OverriddenKotlinNativeHomeChecker$StdlibExistenceCheckerValueSource$Params: loaded 2 times (x 70B)
Class org.jetbrains.kotlin.gradle.dsl.PlatformSourceSetConventionsChecker$nativeTargetPresets$1$1: loaded 2 times (x 79B)
Class org.jetbrains.kotlin.gradle.tooling.BuildKotlinToolingMetadataTaskKt$buildKotlinToolingMetadataTask$1: loaded 2 times (x 78B)
Class org.jetbrains.kotlin.gradle.internal.Kapt3GradleSubplugin$Companion             : loaded 2 times (x 71B)
Class org.jetbrains.kotlin.gradle.plugin.mpp.compilationImpl.KotlinCreateCompilationArchiveTaskKt$KotlinRegisterCompilationArchiveTasksExtension$1: loaded 2 times (x 74B)
Class [Lorg.jetbrains.kotlin.statistics.metrics.NumberOverridePolicy;                 : loaded 2 times (x 69B)
Class org.jetbrains.kotlin.gradle.internal.properties.PropertiesBuildService$GradleProperty: loaded 2 times (x 70B)
Class org.jetbrains.kotlin.gradle.utils.StoredPropertyKt$projectStoredProperty$1      : loaded 2 times (x 78B)
Class org.objectweb.asm.AnnotationWriter                                              : loaded 2 times (x 79B)
Class com.google.common.cache.CacheStats                                              : loaded 2 times (x 71B)
Class org.jetbrains.kotlin.gradle.plugin.sources.DefaultKotlinSourceSetFactory        : loaded 2 times (x 80B)
Class org.jetbrains.kotlin.gradle.plugin.diagnostics.ToolingDiagnostic                : loaded 2 times (x 72B)
Class org.jetbrains.kotlin.gradle.tasks.TasksProviderKt                               : loaded 2 times (x 71B)
Class org.jetbrains.kotlin.konan.target.KonanTarget$ANDROID_ARM32                     : loaded 2 times (x 78B)
Class com.google.common.collect.ImmutableRangeSet                                     : loaded 2 times (x 115B)
Class org.jetbrains.kotlin.incremental.IncrementalJvmCacheKt                          : loaded 2 times (x 71B)
Class org.jetbrains.kotlin.gradle.plugin.mpp.compilationImpl.DefaultKotlinCompilationConfigurationsContainer: loaded 2 times (x 85B)
Class org.jetbrains.kotlin.gradle.utils.CompatibilityKt                               : loaded 2 times (x 71B)
Class com.google.common.collect.AbstractIterator$1                                    : loaded 2 times (x 71B)
Class org.jetbrains.kotlin.daemon.common.DaemonOptions$mappers$16                     : loaded 2 times (x 125B)
Class com.google.common.collect.Interners                                             : loaded 2 times (x 71B)
Class com.google.common.collect.ImmutableMultisetGwtSerializationDependencies         : loaded 2 times (x 125B)
Class com.google.common.io.Closer$Suppressor                                          : loaded 2 times (x 70B)
Class com.google.common.io.LineProcessor                                              : loaded 2 times (x 70B)
Class org.jetbrains.kotlin.gradle.tasks.K2MultiplatformStructure$RefinesEdge          : loaded 2 times (x 72B)
Class org.jetbrains.kotlin.gradle.plugin.mpp.SyncLanguageSettingsWithKotlinExtensionSetupActionKt$SyncLanguageSettingsWithKotlinExtensionSetupAction$1$1: loaded 2 times (x 75B)
Class org.jetbrains.kotlin.gradle.tasks.configuration.TaskConfigAction$configureTask$1: loaded 2 times (x 79B)
Class org.jetbrains.kotlin.gradle.plugin.diagnostics.checkers.DuplicateSourceSetChecker$runChecks$1: loaded 2 times (x 88B)
Class org.jetbrains.kotlin.gradle.plugin.diagnostics.ToolingDiagnostic$Severity       : loaded 2 times (x 79B)
Class org.jetbrains.kotlin.gradle.dsl.JvmTarget                                       : loaded 2 times (x 79B)
Class org.jetbrains.kotlin.gradle.internal.ClassLoadersCachingBuildService            : loaded 2 times (x 76B)
Class org.jetbrains.kotlin.gradle.plugin.VariantImplementationFactories$Inject        : loaded 2 times (x 106B)
Class org.jetbrains.kotlin.gradle.plugin.VariantImplementationFactoriesConfigurator$Companion: loaded 2 times (x 71B)
Class org.objectweb.asm.RecordComponentWriter                                         : loaded 2 times (x 78B)
Class com.google.common.util.concurrent.AbstractFuture$Listener                       : loaded 2 times (x 72B)
Class Settings_gradle$1$1                                                             : loaded 2 times (x 74B)
Class org.jetbrains.kotlin.gradle.tasks.TasksUtilsKt                                  : loaded 2 times (x 71B)
Class org.jetbrains.kotlin.gradle.utils.CompilerArgsUtilsKt$classpathAsList$2         : loaded 2 times (x 78B)
Class org.jetbrains.kotlin.daemon.common.FileSystem$WhenMappings                      : loaded 2 times (x 71B)
Class build_63z73d9qxy6koqx7ha722r5kc$_run_closure1$_closure3                         : loaded 2 times (x 139B)
Class com.google.common.hash.Hashing$ChecksumType                                     : loaded 2 times (x 88B)
Class org.jetbrains.kotlin.cli.common.messages.CompilerMessageLocationWithRange       : loaded 2 times (x 80B)
Class org.jetbrains.kotlin.config.Services$Builder                                    : loaded 2 times (x 72B)
Class org.jetbrains.kotlin.gradle.tasks.KotlinCompile$createCompilerArguments$1$3$1   : loaded 2 times (x 79B)
Class [Lorg.objectweb.asm.Label;                                                      : loaded 2 times (x 69B)
Class [Lorg.jetbrains.kotlin.compilerRunner.KotlinCompilerArgumentsLogLevel;          : loaded 2 times (x 69B)
Class org.jetbrains.kotlin.gradle.tasks.KotlinCompile_Decorated                       : loaded 2 times (x 599B)
Class org.jetbrains.kotlin.gradle.plugin.mpp.SyncLanguageSettingsWithKotlinExtensionSetupActionKt$SyncLanguageSettingsWithKotlinExtensionSetupAction$1$2: loaded 2 times (x 75B)
Class org.jetbrains.kotlin.gradle.plugin.internal.BuildIdService$Companion            : loaded 2 times (x 71B)
Class org.jetbrains.kotlin.gradle.plugin.diagnostics.checkers.OverriddenKotlinNativeHomeChecker$StdlibExistenceCheckerValueSource$Companion: loaded 2 times (x 71B)
Class org.jetbrains.kotlin.gradle.targets.js.dsl.KotlinWasmSubTargetContainerDsl      : loaded 2 times (x 70B)
Class org.jetbrains.kotlin.gradle.plugin.diagnostics.checkers.WasmWasiEnvironmentChecker$1: loaded 2 times (x 78B)
Class org.jetbrains.kotlin.gradle.plugin.diagnostics.checkers.DisabledCinteropCommonizationInHmppProjectChecker: loaded 2 times (x 74B)
Class org.jetbrains.kotlin.gradle.plugin.diagnostics.checkers.NoKotlinTargetsDeclaredChecker: loaded 2 times (x 74B)
Class org.jetbrains.kotlin.gradle.utils.StoredPropertyStorage                         : loaded 2 times (x 72B)
Class org.jetbrains.kotlin.gradle.plugin.KotlinSourceSetContainer                     : loaded 2 times (x 70B)
Class org.objectweb.asm.Attribute                                                     : loaded 2 times (x 77B)
Class com.google.common.base.Supplier                                                 : loaded 2 times (x 70B)
Class org.gradle.internal.classloader.VisitableURLClassLoader                         : loaded 2 times (x 117B)
Class org.jetbrains.kotlin.cli.jvm.config.JvmContentRootsKt                           : loaded 2 times (x 71B)
Class org.jetbrains.kotlin.inline.InlineFunction                                      : loaded 2 times (x 75B)
Class org.jetbrains.kotlin.cli.jvm.config.JvmContentRoot                              : loaded 2 times (x 70B)
Class build_2qlgik2p7n5tmwljtn3x6tyyu                                                 : loaded 2 times (x 180B)
Class org.gradle.api.internal.classpath.EffectiveClassPath                            : loaded 2 times (x 90B)
Class org.jetbrains.kotlin.daemon.common.CompilationOptions$Companion                 : loaded 2 times (x 71B)
Class org.jetbrains.kotlin.daemon.common.DaemonOptions$mappers$18                     : loaded 2 times (x 137B)
Class com.google.common.io.CharSource$AsByteSource                                    : loaded 2 times (x 85B)
Class org.objectweb.asm.signature.SignatureWriter                                     : loaded 2 times (x 88B)
Class org.jetbrains.kotlin.gradle.plugin.statistics.plugins.ObservablePlugins         : loaded 2 times (x 79B)
Class org.jetbrains.kotlin.gradle.plugin.sources.InternalKotlinSourceSetKt$awaitPlatformCompilations$1: loaded 2 times (x 88B)
Class [Lorg.jetbrains.kotlin.gradle.plugin.sources.KotlinDependencyScope;             : loaded 2 times (x 69B)
Class org.jetbrains.kotlin.gradle.tasks.configuration.BaseKotlinCompileConfig$configureCommonParameters$1: loaded 2 times (x 74B)
Class org.jetbrains.kotlin.gradle.plugin.mpp.compilationImpl.factory.ConfigurationNaming: loaded 2 times (x 70B)
Class org.jetbrains.kotlin.gradle.plugin.mpp.compilationImpl.DefaultKotlinCompilationPostConfigureKt: loaded 2 times (x 71B)
Class org.jetbrains.kotlin.konan.target.KonanTarget$WATCHOS_X64                       : loaded 2 times (x 78B)
Class org.jetbrains.kotlin.gradle.plugin.diagnostics.KotlinGradleProjectCheckersRunnerKt: loaded 2 times (x 71B)
Class [Lorg.jetbrains.kotlin.tooling.core.HasExtras;                                  : loaded 2 times (x 69B)
Class org.jetbrains.kotlin.gradle.plugin.diagnostics.checkers.IncorrectCompileOnlyDependenciesChecker: loaded 2 times (x 74B)
Class org.jetbrains.kotlin.gradle.plugin.diagnostics.checkers.WasmWasiEnvironmentChecker$2: loaded 2 times (x 78B)
Class org.jetbrains.kotlin.gradle.artifacts.KotlinLegacyCompatibilityMetadataArtifactKt$KotlinLegacyCompatibilityMetadataArtifact$1: loaded 2 times (x 74B)
Class org.jetbrains.kotlin.gradle.dsl.DefaultToolchainSupport$wireToolchainToTasks$1$1: loaded 2 times (x 75B)
Class org.jetbrains.kotlin.gradle.utils.SingleActionPerProject                        : loaded 2 times (x 73B)
Class com.google.common.util.concurrent.AbstractFuture$Waiter                         : loaded 2 times (x 72B)
Class org.jetbrains.kotlin.gradle.plugin.DefaultKotlinBasePlugin                      : loaded 2 times (x 82B)
Class org.jetbrains.kotlin.utils.SmartList                                            : loaded 2 times (x 201B)
Class org.gradle.internal.Cast                                                        : loaded 2 times (x 71B)
Class org.gradle.api.Action                                                           : loaded 2 times (x 70B)
Class [Lcom.google.common.collect.ImmutableMapEntry;                                  : loaded 2 times (x 69B)
Class org.jetbrains.kotlin.tooling.core.TypeUtils                                     : loaded 2 times (x 71B)
Class org.jetbrains.kotlin.gradle.report.ConfigureReporingKt                          : loaded 2 times (x 71B)
Class org.jetbrains.kotlin.gradle.report.ReportingSettings$Companion                  : loaded 2 times (x 71B)
Class org.jetbrains.kotlin.gradle.plugin.KotlinProjectSetupActionKt                   : loaded 2 times (x 71B)
Class org.jetbrains.kotlin.gradle.dsl.KotlinTargetContainerWithJsPresetFunctions      : loaded 2 times (x 70B)
Class org.jetbrains.kotlin.gradle.plugin.mpp.compilationImpl.KotlinCreateNativeCompileTasksSideEffectKt: loaded 2 times (x 71B)
Class org.jetbrains.kotlin.gradle.plugin.mpp.KotlinTargetComponentWithPublication     : loaded 2 times (x 70B)
Class build_2qlgik2p7n5tmwljtn3x6tyyu$_run_closure1                                   : loaded 2 times (x 139B)
Class com.google.common.collect.HashBiMap                                             : loaded 2 times (x 143B)
Class org.jetbrains.kotlin.daemon.common.DaemonOptions$mappers$19                     : loaded 2 times (x 137B)
Class org.jetbrains.kotlin.daemon.client.KotlinCompilerClientKt                       : loaded 2 times (x 71B)
Class org.jetbrains.kotlin.compilerRunner.CompilerEnvironment                         : loaded 2 times (x 73B)
Class org.jetbrains.kotlin.statistics.metrics.StatisticsValuesConsumer$DefaultImpls   : loaded 2 times (x 71B)
Class com.google.common.collect.MapMakerInternalMap                                   : loaded 2 times (x 161B)
Class [Lorg.jetbrains.kotlin.gradle.plugin.mpp.KotlinUsageContext$MavenScope;         : loaded 2 times (x 69B)
Class org.jetbrains.kotlin.gradle.tasks.configuration.BaseKotlinCompileConfig$configureCommonParameters$2: loaded 2 times (x 75B)
Class org.jetbrains.kotlin.gradle.plugin.mpp.compilationImpl.KotlinCompilationCompilerOptionsFromTargetConfigurator: loaded 2 times (x 74B)
Class com.google.common.base.Strings                                                  : loaded 2 times (x 71B)
Class org.jetbrains.kotlin.gradle.utils.FailuresKt$ideaSyncClasspathModeUtil$1        : loaded 2 times (x 72B)
Class org.jetbrains.kotlin.gradle.plugin.diagnostics.KotlinToolingDiagnosticsCollector$Inject: loaded 2 times (x 96B)
Class org.jetbrains.kotlin.gradle.artifacts.KotlinJsKlibArtifactKt                    : loaded 2 times (x 71B)
Class org.jetbrains.kotlin.gradle.dsl.KotlinTargetContainerWithWasmPresetFunctions    : loaded 2 times (x 70B)
Class org.jetbrains.kotlin.gradle.plugin.GradleUtilsKt                                : loaded 2 times (x 71B)
Class org.jetbrains.kotlin.gradle.internal.properties.PropertiesBuildService          : loaded 2 times (x 76B)
Class org.objectweb.asm.Handler                                                       : loaded 2 times (x 72B)
Class com.google.common.base.Ticker                                                   : loaded 2 times (x 72B)
Class jdk.internal.jimage.decompressor.ZipDecompressor                                : loaded 2 times (x 75B)
Class com.android.SdkConstants                                                        : loaded 2 times (x 71B)
Class [Lorg.jetbrains.kotlin.gradle.plugin.KotlinCompilation;                         : loaded 2 times (x 69B)
Class kotlin.KotlinNothingValueException                                              : loaded 2 times (x 82B)
Class org.jetbrains.kotlin.gradle.plugin.KotlinPluginLifecycleKt$await$1              : loaded 2 times (x 88B)
Class org.jetbrains.kotlin.gradle.plugin.mpp.compilationImpl.KotlinCompilationLanguageSettingsConfigurator: loaded 2 times (x 74B)
Class org.jetbrains.kotlin.build.report.metrics.BuildPerformanceMetrics               : loaded 2 times (x 72B)
Class com.google.common.collect.Ordering                                              : loaded 2 times (x 114B)
Class org.jetbrains.kotlin.compilerRunner.GradleCompilerRunnerWithWorkers$GradleKotlinCompilerWorkAction: loaded 2 times (x 78B)
Class com.google.common.collect.ImmutableSortedSet$Builder                            : loaded 2 times (x 86B)
Class org.jetbrains.kotlin.gradle.tasks.KotlinCompile$javaSources$1                   : loaded 2 times (x 75B)
Class org.jetbrains.kotlin.incremental.IncrementalCompilationFeatures                 : loaded 2 times (x 71B)
Class org.jetbrains.kotlin.gradle.plugin.KotlinTarget$DefaultImpls                    : loaded 2 times (x 71B)
Class org.jetbrains.kotlin.gradle.plugin.diagnostics.KotlinToolingDiagnosticsCollector: loaded 2 times (x 76B)
Class org.jetbrains.kotlin.gradle.plugin.mpp.compilationImpl.KotlinCreateCompilationArchiveTaskKt: loaded 2 times (x 71B)
Class org.jetbrains.kotlin.tooling.core.MutableExtrasImpl                             : loaded 2 times (x 165B)
Class org.jetbrains.kotlin.gradle.plugin.statistics.KotlinBuildStatsMXBean            : loaded 2 times (x 70B)
Class org.jetbrains.kotlin.gradle.utils.FileUtilsKt                                   : loaded 2 times (x 71B)
Class [Lcom.google.common.cache.LocalCache$Segment;                                   : loaded 2 times (x 69B)
Class [Lcom.google.common.cache.LocalCache$Strength;                                  : loaded 2 times (x 69B)
Class com.google.common.cache.CacheBuilder$1                                          : loaded 2 times (x 85B)
Class org.gradle.internal.classpath.DefaultClassPath$ImmutableUniqueList$Builder      : loaded 2 times (x 75B)
Class org.jetbrains.kotlin.daemon.common.LoopbackNetworkInterface$ServerLoopbackSocketFactory: loaded 2 times (x 74B)
Class org.jetbrains.kotlin.daemon.client.BasicCompilerServicesWithResultsFacadeServerKt: loaded 2 times (x 71B)
Class build_bmiytzpivgevm9ajwh35zuckf$_run_closure1                                   : loaded 2 times (x 139B)
Class org.jetbrains.kotlin.incremental.classpathDiff.PackageFacadeKotlinClassSnapshot : loaded 2 times (x 76B)
Class org.jetbrains.kotlin.incremental.classpathDiff.ClassSnapshotExternalizer        : loaded 2 times (x 76B)
Class org.jetbrains.kotlin.incremental.KotlinClassInfoKt                              : loaded 2 times (x 71B)
Class org.jetbrains.kotlin.com.intellij.util.io.IOUtil                                : loaded 2 times (x 71B)
Class build_63z73d9qxy6koqx7ha722r5kc                                                 : loaded 2 times (x 180B)
Class org.jetbrains.kotlin.daemon.common.LoopbackNetworkInterface                     : loaded 2 times (x 71B)
Class org.jetbrains.kotlin.daemon.client.CompositeErrorReportingOutputListener        : loaded 2 times (x 76B)
Class org.jetbrains.kotlin.compilerRunner.GradleKotlinCompilerWork$compileWithDaemonOrFallbackImpl$1$3: loaded 2 times (x 79B)
Class com.google.common.collect.MapMakerInternalMap$WeakValueReference                : loaded 2 times (x 70B)
Class org.jetbrains.kotlin.gradle.plugin.mpp.KotlinCompilationFactory$DefaultImpls    : loaded 2 times (x 71B)
Class com.google.gson.stream.JsonToken                                                : loaded 2 times (x 79B)
Class com.google.common.collect.AbstractRangeSet                                      : loaded 2 times (x 114B)
Class org.jetbrains.kotlin.gradle.plugin.diagnostics.checkers.InternalGradlePropertiesUsageChecker: loaded 2 times (x 74B)
Class org.jetbrains.kotlin.gradle.plugin.mpp.compilationImpl.CreateCInteropTasksSideEffectKt: loaded 2 times (x 71B)
Class org.jetbrains.kotlin.gradle.targets.metadata.KotlinMetadataTargetConfiguratorKt : loaded 2 times (x 71B)
Class org.jetbrains.kotlin.gradle.testing.internal.KotlinTestsRegistry$Companion      : loaded 2 times (x 71B)
Class org.jetbrains.kotlin.gradle.dsl.KotlinCommonCompilerToolOptions                 : loaded 2 times (x 70B)
Class org.jetbrains.kotlin.gradle.internal.ClassLoadersCachingBuildService$Companion$registerIfAbsent$1$1: loaded 2 times (x 79B)
Class org.jetbrains.kotlin.gradle.internal.properties.PropertiesBuildService$Companion$registerIfAbsent$1: loaded 2 times (x 75B)
Class org.jetbrains.kotlin.gradle.plugin.internal.DefaultConfigurationCacheStartParameterAccessorVariantFactory: loaded 2 times (x 76B)
Class com.google.common.cache.LocalCache                                              : loaded 2 times (x 187B)
Class com.google.common.cache.CacheBuilder$2                                          : loaded 2 times (x 72B)
Class org.jetbrains.kotlin.inline.InlinePropertyAccessor                              : loaded 2 times (x 75B)
Class org.gradle.internal.classloader.ClassLoaderVisitor                              : loaded 2 times (x 76B)
Class org.jetbrains.kotlin.statistics.metrics.StringAnonymizationPolicy               : loaded 2 times (x 78B)
Class org.jetbrains.kotlin.statistics.metrics.NumberAnonymizationPolicy               : loaded 2 times (x 85B)
Class org.jetbrains.kotlin.gradle.report.BuildMetricsService                          : loaded 2 times (x 86B)
Class org.jetbrains.kotlin.gradle.targets.metadata.KotlinMetadataTargetConfiguratorKt$special$$inlined$extrasStoredFuture$1: loaded 2 times (x 79B)
Class org.jetbrains.kotlin.gradle.targets.js.npm.NpmDependencyExtensionKt             : loaded 2 times (x 71B)
Class org.jetbrains.kotlin.gradle.plugin.diagnostics.checkers.JsEnvironmentChecker    : loaded 2 times (x 76B)
Class org.jetbrains.kotlin.gradle.plugin.diagnostics.UsesKotlinToolingDiagnosticsParameters: loaded 2 times (x 70B)
Class org.jetbrains.kotlin.daemon.client.DaemonGcAutoConfigurationProblemsListener    : loaded 2 times (x 76B)
Class org.objectweb.asm.commons.AnnotationRemapper                                    : loaded 2 times (x 80B)
Class org.jetbrains.kotlin.build.report.metrics.BuildPerformanceMetrics$Companion     : loaded 2 times (x 71B)
Class org.jetbrains.kotlin.cli.common.arguments.K2JVMCompilerArguments                : loaded 2 times (x 81B)
Class org.jetbrains.kotlin.gradle.plugin.mpp.compilationImpl.DefaultKotlinCompilationSourceSetsContainer$source$1: loaded 2 times (x 79B)
Class org.jetbrains.kotlin.gradle.internal.KotlinTestDependencyManagementKt           : loaded 2 times (x 71B)
Class org.jetbrains.kotlin.konan.target.KonanTarget$ANDROID_X64                       : loaded 2 times (x 78B)
Class [Lorg.jetbrains.kotlin.gradle.plugin.sources.ConsistencyCheck;                  : loaded 2 times (x 69B)
Class org.jetbrains.kotlin.gradle.report.ReportingSettings                            : loaded 2 times (x 72B)
Class org.jetbrains.kotlin.statistics.metrics.StringAnonymizationPolicy$ComponentVersionAnonymizer: loaded 2 times (x 78B)
Class [Lcom.google.common.collect.AbstractMapEntry;                                   : loaded 2 times (x 69B)
Class com.google.common.collect.ImmutableEntry                                        : loaded 2 times (x 82B)
Class com.google.common.collect.ArrayListMultimap                                     : loaded 2 times (x 172B)
Class org.jetbrains.kotlin.gradle.plugin.KotlinBasePluginWrapper                      : loaded 2 times (x 86B)
Class org.gradle.api.GradleException                                                  : loaded 2 times (x 82B)
Class [Lorg.jetbrains.kotlin.gradle.dsl.KotlinVersion;                                : loaded 2 times (x 69B)
Class org.jetbrains.kotlin.gradle.plugin.diagnostics.ToolingDiagnosticRenderingOptions: loaded 2 times (x 72B)
Class org.jetbrains.kotlin.gradle.plugin.KotlinTargetWithTests                        : loaded 2 times (x 70B)
Class org.jetbrains.kotlin.incremental.PackagePartProtoData                           : loaded 2 times (x 72B)
Class org.jetbrains.kotlin.compilerRunner.CompilerSystemPropertiesService$Parameters_Decorated: loaded 2 times (x 134B)
Class org.jetbrains.kotlin.gradle.plugin.PropertiesProvider$kotlinCompilerArgumentsLogLevel$1: loaded 2 times (x 74B)
Class [Lcom.google.common.collect.AbstractIterator$State;                             : loaded 2 times (x 69B)
Class com.google.common.io.ByteSource$ConcatenatedByteSource                          : loaded 2 times (x 85B)
Class build_a0esu9eydl6psdolbojn5x95z$_run_closure1$_closure3                         : loaded 2 times (x 139B)
Class org.jetbrains.kotlin.daemon.common.StringPropMapper$3                           : loaded 2 times (x 125B)
Class org.jetbrains.kotlin.gradle.plugin.statistics.NonSynchronizedMetricsContainer$MetricDescriptor: loaded 2 times (x 75B)
Class com.google.common.io.CharSource$EmptyCharSource                                 : loaded 2 times (x 86B)
Class com.google.common.base.Suppliers$MemoizingSupplier                              : loaded 2 times (x 79B)
Class org.jetbrains.kotlin.gradle.plugin.diagnostics.KotlinToolingDiagnostics$JsEnvironmentNotChosenExplicitly: loaded 2 times (x 73B)
Class org.jetbrains.kotlin.gradle.plugin.ProjectLocalConfigurations$ProjectLocalCompatibility: loaded 2 times (x 76B)
Class org.jetbrains.kotlin.gradle.dsl.KotlinJvmCompilerOptions                        : loaded 2 times (x 70B)
Class org.jetbrains.kotlin.gradle.plugin.internal.DefaultProjectIsolationStartParameterAccessor$Factory: loaded 2 times (x 76B)
Class com.google.common.collect.CollectPreconditions                                  : loaded 2 times (x 71B)
Class com.google.common.collect.ImmutableSortedMapFauxverideShim                      : loaded 2 times (x 120B)
Class com.google.common.collect.ReverseNaturalOrdering                                : loaded 2 times (x 114B)
Class org.jetbrains.kotlin.gradle.plugin.CreateCompilerArgumentsContextImpl$ContributeCompilerArgumentsContextImpl: loaded 2 times (x 79B)
Class org.jetbrains.kotlin.compilerRunner.IncrementalCompilationEnvironment           : loaded 2 times (x 72B)
Class com.google.common.hash.AbstractHasher                                           : loaded 2 times (x 142B)
Class org.jetbrains.kotlin.config.JVMConfigurationKeys                                : loaded 2 times (x 71B)
Class org.jetbrains.kotlin.incremental.classpathDiff.ClasspathEntrySnapshotExternalizer: loaded 2 times (x 75B)
Class org.jetbrains.kotlin.cli.jvm.compiler.KotlinCoreEnvironment$Companion           : loaded 2 times (x 71B)
Class org.gradle.internal.classloader.DefaultClassLoaderFactory                       : loaded 2 times (x 82B)
Class build_brxvvqpvtxpg0nc53wtfp71md$_run_closure1                                   : loaded 2 times (x 139B)
Class com.google.common.hash.ImmutableSupplier                                        : loaded 2 times (x 70B)
Class org.jetbrains.kotlin.daemon.common.ReportSeverity$Companion                     : loaded 2 times (x 71B)
Class org.jetbrains.kotlin.daemon.common.LoopbackNetworkInterface$AbstractClientLoopbackSocketFactory: loaded 2 times (x 72B)
Class org.jetbrains.kotlin.daemon.common.DaemonWithMetadata                           : loaded 2 times (x 72B)
Class org.jetbrains.kotlin.gradle.tasks.CompilerPluginOptionsKt                       : loaded 2 times (x 71B)
Class [Lcom.google.common.collect.MapMakerInternalMap$Strength;                       : loaded 2 times (x 69B)
Class [Lcom.google.common.io.FileWriteMode;                                           : loaded 2 times (x 69B)
Class org.jetbrains.kotlin.buildtools.api.SourcesChanges                              : loaded 2 times (x 70B)
Class org.jetbrains.kotlin.konan.target.HostManager$Companion$targetAliases$2         : loaded 2 times (x 78B)
Class org.jetbrains.kotlin.gradle.plugin.KotlinPluginLifecycleImpl$launch$1           : loaded 2 times (x 79B)
Class org.jetbrains.kotlin.gradle.utils.Completable                                   : loaded 2 times (x 72B)
Class org.jetbrains.kotlin.gradle.plugin.DefaultKotlinBasePlugin$addKotlinCompilerConfiguration$2$1: loaded 2 times (x 75B)
Class org.jetbrains.kotlin.gradle.plugin.statistics.KotlinBuildStatsServicesRegistry$Companion: loaded 2 times (x 71B)
Class org.jetbrains.kotlin.gradle.plugin.internal.DefaultCompatibilityConventionRegistrar$Factory: loaded 2 times (x 76B)
Class com.google.common.base.Suppliers                                                : loaded 2 times (x 71B)
Class it.unimi.dsi.fastutil.objects.ObjectSet                                         : loaded 2 times (x 70B)
Class [Lcom.google.common.cache.CacheBuilder$OneWeigher;                              : loaded 2 times (x 69B)
Class org.objectweb.asm.MethodTooLargeException                                       : loaded 2 times (x 83B)
Class com.google.common.hash.HashCode$IntHashCode                                     : loaded 2 times (x 80B)
Class com.google.common.cache.LocalCache$HashIterator                                 : loaded 2 times (x 86B)
Class com.google.common.collect.MapMakerInternalMap$StrongKeyDummyValueSegment        : loaded 2 times (x 142B)
Class com.google.common.io.Files                                                      : loaded 2 times (x 71B)
Class org.jetbrains.kotlin.gradle.tasks.DefaultKotlinJavaToolchain$DefaultJdkSetter   : loaded 2 times (x 76B)
Class org.jetbrains.kotlin.cli.common.arguments.CommonCompilerArguments               : loaded 2 times (x 80B)
Class org.jetbrains.kotlin.gradle.plugin.diagnostics.checkers.IncorrectCompileOnlyDependenciesChecker$runChecks$1: loaded 2 times (x 88B)
Class org.jetbrains.kotlin.gradle.plugin.mpp.KotlinOnlyTarget                         : loaded 2 times (x 159B)
Class org.jetbrains.kotlin.gradle.targets.js.npm.BaseNpmDependencyExtension           : loaded 2 times (x 70B)
Class org.jetbrains.kotlin.gradle.dsl.KotlinVersion$Companion                         : loaded 2 times (x 71B)
Class org.jetbrains.kotlin.gradle.InternalKotlinGradlePluginApi                       : loaded 2 times (x 70B)
Class org.jetbrains.kotlin.gradle.dsl.DefaultToolchainSupport                         : loaded 2 times (x 76B)
Class org.jetbrains.kotlin.gradle.plugin.internal.CustomPropertiesFileValueSource     : loaded 2 times (x 82B)
Class com.google.common.cache.LocalCache$EntryFactory                                 : loaded 2 times (x 83B)
Class org.jetbrains.kotlin.gradle.internal.properties.PropertiesBuildService$MemoizedCallable$value$2: loaded 2 times (x 79B)
Class [Lorg.jetbrains.kotlin.statistics.ValueAnonymizer;                              : loaded 2 times (x 69B)
Class org.jetbrains.kotlin.gradle.plugin.KotlinGradleBuildServices                    : loaded 2 times (x 80B)
Class org.jetbrains.kotlin.gradle.targets.native.toolchain.KotlinNativeBundleBuildService: loaded 2 times (x 77B)
Class org.jetbrains.kotlin.incremental.ProtoData                                      : loaded 2 times (x 71B)
Class org.jetbrains.kotlin.gradle.targets.native.toolchain.KotlinNativeBundleBuildService$Parameters: loaded 2 times (x 70B)
Class org.jetbrains.kotlin.gradle.tasks.DefaultKotlinJavaToolchain                    : loaded 2 times (x 77B)
Class org.jetbrains.kotlin.incremental.classpathDiff.KotlinClassHeaderClassVisitor    : loaded 2 times (x 87B)
Class org.jetbrains.kotlin.gradle.tasks.DefaultKotlinJavaToolchain$Companion          : loaded 2 times (x 71B)
Class build_3gxw8nw7fpir3ym8ud4ydcp5l$_run_closure1                                   : loaded 2 times (x 139B)
Class com.google.common.reflect.TypeParameter                                         : loaded 2 times (x 72B)
Class org.jetbrains.kotlin.gradle.tasks.TasksUtilsKt$WhenMappings                     : loaded 2 times (x 71B)
Class org.jetbrains.kotlin.cli.common.messages.GradleStyleMessageRenderer$WhenMappings: loaded 2 times (x 71B)
Class com.google.common.collect.NullsLastOrdering                                     : loaded 2 times (x 115B)
Class [Lcom.google.common.collect.MapMaker$Dummy;                                     : loaded 2 times (x 69B)
Class org.jetbrains.kotlin.gradle.tasks.TaskOutputsBackup                             : loaded 2 times (x 72B)
Class org.jetbrains.kotlin.gradle.plugin.cocoapods.KotlinCocoapodsPlugin              : loaded 2 times (x 76B)
Class org.jetbrains.kotlin.gradle.internal.CompilerOptionsDslHelpersKt                : loaded 2 times (x 71B)
Class org.jetbrains.kotlin.gradle.internal.StdlibDependencyManagementKt$configureStdlibVersionAlignment$1$1: loaded 2 times (x 75B)
Class org.jetbrains.kotlin.gradle.dsl.KotlinProjectExtension$awaitSourceSets$1        : loaded 2 times (x 88B)
Class org.jetbrains.kotlin.konan.target.Family                                        : loaded 2 times (x 79B)
Class org.jetbrains.kotlin.gradle.plugin.KotlinPluginLifecycle$CoroutineStart         : loaded 2 times (x 79B)
Class org.jetbrains.kotlin.gradle.tasks.TasksProviderKt$sam$org_gradle_api_Action$0   : loaded 2 times (x 75B)
Class org.jetbrains.kotlin.gradle.tooling.BuildKotlinToolingMetadataTask$FromKotlinExtension: loaded 2 times (x 317B)
Class org.jetbrains.kotlin.gradle.utils.FailuresKt                                    : loaded 2 times (x 71B)
Class org.jetbrains.kotlin.gradle.targets.native.internal.CInteropConfigurationsKt$special$$inlined$KotlinTargetSideEffect$1: loaded 2 times (x 74B)
Class org.jetbrains.kotlin.gradle.internal.properties.NativePropertiesLoader$konanDataDirProperty$1: loaded 2 times (x 75B)
Class org.jetbrains.kotlin.gradle.internal.ClassLoadersCachingBuildService$Companion$registerIfAbsent$1$1$1: loaded 2 times (x 75B)
Class org.jetbrains.kotlin.gradle.plugin.statistics.BuildFusService$Parameters_Decorated: loaded 2 times (x 143B)
Class org.jetbrains.kotlin.gradle.internal.properties.PropertiesBuildService$Params$Inject: loaded 2 times (x 106B)
Class org.jetbrains.kotlin.tooling.core.HasMutableExtras                              : loaded 2 times (x 70B)
Class com.google.common.cache.LocalCache$AbstractReferenceEntry                       : loaded 2 times (x 107B)
Class org.gradle.internal.IoActions                                                   : loaded 2 times (x 71B)
Class it.unimi.dsi.fastutil.objects.AbstractObjectSet                                 : loaded 2 times (x 179B)
Class org.jetbrains.kotlin.gradle.plugin.sources.DefaultKotlinSourceSet$MetadataDependencyTransformation: loaded 2 times (x 72B)
Class com.google.common.base.Platform$JdkPatternCompiler                              : loaded 2 times (x 75B)
Class org.jetbrains.kotlin.gradle.plugin.KotlinPluginLifecycle$ProjectConfigurationResult$Failure: loaded 2 times (x 72B)
Class com.google.common.collect.MapMakerInternalMap$Strength                          : loaded 2 times (x 80B)
Class org.jetbrains.kotlin.incremental.ProtoDifferenceUtilsKt                         : loaded 2 times (x 71B)
Class com.google.common.collect.MapMakerInternalMap$StrongKeyDummyValueEntry$LinkedStrongKeyDummyValueEntry: loaded 2 times (x 82B)
Class org.jetbrains.kotlin.gradle.internal.ParentClassLoaderProvider                  : loaded 2 times (x 70B)
Class org.jetbrains.kotlin.incremental.classpathDiff.JavaClassSnapshotExternalizer    : loaded 2 times (x 75B)
Class [Lorg.jetbrains.kotlin.com.intellij.util.io.DataExternalizer;                   : loaded 2 times (x 69B)
Class org.jetbrains.kotlin.daemon.common.OptionsGroup                                 : loaded 2 times (x 70B)
Class org.jetbrains.kotlin.daemon.common.IncrementalCompilationOptions                : loaded 2 times (x 73B)
Class org.jetbrains.kotlin.cli.common.arguments.InternalArgument                      : loaded 2 times (x 70B)
Class com.google.common.collect.ImmutableMapKeySet                                    : loaded 2 times (x 150B)
Class org.jetbrains.kotlin.gradle.internal.Kapt3KotlinGradleSubpluginKt               : loaded 2 times (x 71B)
Class org.jetbrains.kotlin.gradle.dsl.KotlinJvmCompile                                : loaded 2 times (x 70B)
Class com.google.common.collect.ImmutableRangeSet$ComplementRanges                    : loaded 2 times (x 207B)
Class org.jetbrains.kotlin.konan.target.KonanTarget$LINUX_ARM32_HFP                   : loaded 2 times (x 78B)
Class org.jetbrains.kotlin.gradle.internal.Kapt3GradleSubplugin                       : loaded 2 times (x 83B)
Class org.jetbrains.kotlin.gradle.plugin.diagnostics.checkers.CInteropInputChecker    : loaded 2 times (x 74B)
Class org.jetbrains.kotlin.gradle.plugin.statistics.FinalizeConfigurationFusMetricActionKt$FinalizeConfigurationFusMetricAction$1: loaded 2 times (x 95B)
Class org.jetbrains.kotlin.gradle.internal.KotlinDependenciesManagementKt$CustomizeKotlinDependenciesSetupAction$1: loaded 2 times (x 74B)
Class org.jetbrains.kotlin.gradle.plugin.KotlinGradlePluginExtensionPointInternal$registeredExtensions$2: loaded 2 times (x 78B)
Class org.jetbrains.kotlin.statistics.metrics.BooleanOverridePolicy$OR                : loaded 2 times (x 85B)
Class org.jetbrains.kotlin.gradle.plugin.UsesVariantImplementationFactories           : loaded 2 times (x 70B)
Class org.objectweb.asm.SymbolTable                                                   : loaded 2 times (x 72B)
Class com.google.common.cache.CacheLoader$InvalidCacheLoadException                   : loaded 2 times (x 82B)
Class org.gradle.internal.classloader.SystemClassLoaderSpec                           : loaded 2 times (x 71B)
Class org.jetbrains.kotlin.cli.jvm.config.JvmClasspathRootBase                        : loaded 2 times (x 70B)
Class kotlin.collections.EmptyMap                                                     : loaded 2 times (x 109B)
Class build_a0esu9eydl6psdolbojn5x95z$_run_closure1                                   : loaded 2 times (x 139B)
Class org.jetbrains.kotlin.buildtools.internal.CompilationServiceProxy                : loaded 2 times (x 81B)
Class jdk.internal.jimage.decompressor.StringSharingDecompressorFactory               : loaded 2 times (x 74B)
Class org.jetbrains.kotlin.incremental.DifferenceCalculatorForPackageFacade$Companion$getNonPrivateMembers$membersResolvers$1: loaded 2 times (x 125B)
Class org.jetbrains.kotlin.config.ExplicitApiMode$Companion                           : loaded 2 times (x 71B)
Class org.jetbrains.kotlin.incremental.classpathDiff.DirectoryOrJarReader$Companion   : loaded 2 times (x 71B)
Class build_5z9ejoumedh24k1wcfrvzre2b                                                 : loaded 2 times (x 180B)
Class org.jetbrains.kotlin.cli.common.ExitCode                                        : loaded 2 times (x 79B)
Class org.jetbrains.kotlin.daemon.common.IncrementalCompilationOptions$Companion      : loaded 2 times (x 71B)
Class org.jetbrains.kotlin.daemon.common.FileAgeComparator                            : loaded 2 times (x 89B)
Class org.jetbrains.kotlin.daemon.common.DaemonJVMOptions$restMapper$1                : loaded 2 times (x 137B)
Class org.jetbrains.kotlin.compilerRunner.ArgumentsToStrings                          : loaded 2 times (x 71B)
Class org.jetbrains.kotlin.gradle.utils.CompilerArgsUtilsKt                           : loaded 2 times (x 71B)
Class org.jetbrains.kotlin.gradle.tasks.CacheableTasksKt$cacheOnlyIfEnabledForKotlin$1$1: loaded 2 times (x 74B)
Class org.jetbrains.kotlin.gradle.tasks.configuration.BaseKotlinCompileConfig$1$1     : loaded 2 times (x 74B)
Class org.jetbrains.kotlin.gradle.plugin.mpp.compilationImpl.factory.KotlinCompilationImplFactory$PostConfigure: loaded 2 times (x 70B)
Class org.jetbrains.kotlin.gradle.utils.KotlinExtensionUtilsKt                        : loaded 2 times (x 71B)
Class [Lorg.jetbrains.kotlin.konan.util.Named;                                        : loaded 2 times (x 69B)
Class org.jetbrains.kotlin.gradle.plugin.diagnostics.checkers.NoKotlinTargetsDeclaredChecker$runChecks$1: loaded 2 times (x 88B)
Class org.jetbrains.kotlin.gradle.plugin.mpp.AbstractKotlinTarget$kotlinComponents$2  : loaded 2 times (x 79B)
Class org.jetbrains.kotlin.gradle.plugin.KotlinPlatformType$CompatibilityRule         : loaded 2 times (x 76B)
Class org.jetbrains.kotlin.gradle.internal.properties.NativePropertiesLoader$actualNativeHomeDirectory$1: loaded 2 times (x 75B)
Class org.jetbrains.kotlin.gradle.internal.properties.NativePropertiesKt              : loaded 2 times (x 71B)
Class org.jetbrains.kotlin.gradle.plugin.BuildEventsListenerRegistryHolder            : loaded 2 times (x 72B)
Class [Lorg.jetbrains.kotlin.statistics.metrics.BooleanOverridePolicy;                : loaded 2 times (x 69B)
Class org.jetbrains.kotlin.gradle.plugin.internal.CustomPropertiesFileValueSource$Parameters$Inject: loaded 2 times (x 106B)
Class com.google.common.cache.LocalCache$StrongEntry                                  : loaded 2 times (x 108B)
Class com.google.common.util.concurrent.AbstractFuture$TrustedFuture                  : loaded 2 times (x 114B)
Class com.google.common.cache.LoadingCache                                            : loaded 2 times (x 70B)
Class com.google.common.collect.UnmodifiableListIterator                              : loaded 2 times (x 95B)
Class org.objectweb.asm.ClassVisitor                                                  : loaded 2 times (x 88B)
Class com.android.sdklib.AndroidVersion$AndroidVersionException                       : loaded 2 times (x 82B)
Class it.unimi.dsi.fastutil.objects.ObjectCollection                                  : loaded 2 times (x 70B)
Class [Lorg.objectweb.asm.Symbol;                                                     : loaded 2 times (x 69B)
Class org.jetbrains.kotlin.incremental.DifferenceCalculatorForPackageFacade$Companion$getNonPrivateMembers$membersResolvers$2: loaded 2 times (x 125B)
Class org.jetbrains.kotlin.gradle.dsl.KotlinProjectExtension                          : loaded 2 times (x 122B)
Class org.jetbrains.kotlin.incremental.KotlinClassInfo                                : loaded 2 times (x 72B)
Class org.jetbrains.org.objectweb.asm.tree.ClassNode                                  : loaded 2 times (x 90B)
Class org.jetbrains.kotlin.gradle.internal.properties.PropertiesBuildService$BooleanGradleProperty: loaded 2 times (x 76B)
Class build_drsywxkk4nm45ulfdfg3mypk0                                                 : loaded 2 times (x 180B)
Class org.jetbrains.kotlin.statistics.metrics.ConcatMetricContainer                   : loaded 2 times (x 77B)
Class com.google.common.io.ByteStreams$LimitedInputStream                             : loaded 2 times (x 92B)
Class com.google.common.base.Suppliers$NonSerializableMemoizingSupplier               : loaded 2 times (x 79B)
Class org.jetbrains.kotlin.gradle.tasks.GradleCompileTaskProvider                     : loaded 2 times (x 72B)
Class org.jetbrains.kotlin.gradle.plugin.mpp.KotlinTargetSoftwareComponentImplKt$KotlinTargetSoftwareComponent$1: loaded 2 times (x 95B)
Class org.jetbrains.kotlin.gradle.tasks.configuration.BaseKotlinCompileConfig$registerBuildToolsApiTransformations$1: loaded 2 times (x 75B)
Class org.jetbrains.kotlin.gradle.plugin.internal.BuildIdService                      : loaded 2 times (x 76B)
Class org.jetbrains.kotlin.gradle.plugin.mpp.compilationImpl.factory.KotlinCompilationDependencyConfigurationsFactoriesKt: loaded 2 times (x 71B)
Class org.jetbrains.kotlin.gradle.plugin.mpp.compilationImpl.DefaultKotlinCompilationFriendPathsResolver: loaded 2 times (x 75B)
Class org.jetbrains.kotlin.gradle.plugin.diagnostics.checkers.WasmSourceSetsNotFoundChecker$runChecks$1: loaded 2 times (x 88B)
Class org.jetbrains.kotlin.konan.target.KonanTarget$IOS_SIMULATOR_ARM64               : loaded 2 times (x 78B)
Class org.jetbrains.kotlin.gradle.plugin.mpp.compilationImpl.KotlinCreateCompilationArchiveTaskKt$KotlinCreateCompilationArchivesTask$1: loaded 2 times (x 74B)
Class org.jetbrains.kotlin.gradle.dsl.KotlinVersion                                   : loaded 2 times (x 79B)
Class org.jetbrains.kotlin.gradle.internal.properties.NativePropertiesLoader$actualNativeHomeDirectory$2: loaded 2 times (x 74B)
Class org.jetbrains.kotlin.gradle.utils.StoredPropertyKt                              : loaded 2 times (x 71B)
Class org.objectweb.asm.MethodWriter                                                  : loaded 2 times (x 106B)
Class [Lcom.google.common.cache.Weigher;                                              : loaded 2 times (x 69B)
Class com.google.common.collect.RegularImmutableMap$BucketOverflowException           : loaded 2 times (x 82B)
Class kotlin.text.Charsets                                                            : loaded 2 times (x 71B)
Class org.jetbrains.kotlin.gradle.plugin.VariantImplementationFactories$Companion$getProvider$1: loaded 2 times (x 75B)
Class org.jetbrains.kotlin.gradle.plugin.statistics.KotlinBuildStatsBeanService$Companion$initStatsService$1: loaded 2 times (x 79B)
Class org.jetbrains.kotlin.statistics.metrics.StringOverridePolicy$OVERRIDE_VERSION_IF_NOT_SET: loaded 2 times (x 85B)
Class org.jetbrains.kotlin.incremental.DifferenceCalculatorForPackageFacade$Companion$getNonPrivateMembers$membersResolvers$3: loaded 2 times (x 125B)
Class org.jetbrains.kotlin.gradle.plugin.KotlinGradlePluginExtensionPointInternal     : loaded 2 times (x 76B)
Class org.jetbrains.kotlin.incremental.classpathDiff.PackageFacadeKotlinClassSnapshotExternalizer: loaded 2 times (x 75B)
Class org.jetbrains.kotlin.gradle.plugin.KotlinTargetComponent                        : loaded 2 times (x 70B)
Class org.jetbrains.kotlin.build.report.metrics.BuildMetrics                          : loaded 2 times (x 72B)
Class org.jetbrains.kotlin.daemon.common.ClientUtilsKt                                : loaded 2 times (x 71B)
Class com.google.common.collect.ImmutableMultimap$1                                   : loaded 2 times (x 82B)
Class com.google.common.collect.AbstractMapBasedMultimap$RandomAccessWrappedList      : loaded 2 times (x 205B)
Class org.jetbrains.kotlin.gradle.plugin.sources.KotlinDependencyScope$Companion      : loaded 2 times (x 71B)
Class org.jetbrains.kotlin.gradle.plugin.KotlinPluginLifecycleKt$launchInStage$1      : loaded 2 times (x 95B)
Class org.jetbrains.kotlin.gradle.tasks.configuration.BaseKotlinCompileConfig$1$3     : loaded 2 times (x 75B)
Class org.jetbrains.kotlin.gradle.tasks.configuration.BaseKotlinCompileConfig$registerBuildToolsApiTransformations$2: loaded 2 times (x 75B)
Class org.jetbrains.kotlin.gradle.tasks.KotlinJvmCompile                              : loaded 2 times (x 70B)
Class org.jetbrains.kotlin.gradle.plugin.mpp.compilationImpl.KotlinCompilationSourceSetsContainerKt: loaded 2 times (x 71B)
Class org.jetbrains.kotlin.gradle.targets.NativeForwardImplementationToApiElementsSideEffectKt: loaded 2 times (x 71B)
Class org.jetbrains.kotlin.gradle.internal.properties.NativePropertiesLoader$actualNativeHomeDirectory$3: loaded 2 times (x 75B)
Class org.jetbrains.kotlin.gradle.report.BuildReportMode                              : loaded 2 times (x 79B)
Class org.jetbrains.kotlin.statistics.metrics.StringAnonymizationPolicy$RegexControlled: loaded 2 times (x 79B)
Class org.jetbrains.kotlin.statistics.ValueAnonymizer                                 : loaded 2 times (x 70B)
Class org.jetbrains.kotlin.gradle.plugin.VariantImplementationFactories$Companion$getProvider$2$1$1: loaded 2 times (x 75B)
Class org.jetbrains.kotlin.gradle.plugin.internal.ProjectIsolationStartParameterAccessor$Factory: loaded 2 times (x 70B)
Class jdk.internal.jimage.decompressor.CompressedResourceHeader                       : loaded 2 times (x 71B)
Class org.jetbrains.kotlin.gradle.dsl.KotlinCommonCompilerToolOptionsHelper           : loaded 2 times (x 71B)
Class org.jetbrains.kotlin.gradle.plugin.KotlinPluginLifecycleImpl$WhenMappings       : loaded 2 times (x 71B)
Class org.jetbrains.kotlin.gradle.plugin.diagnostics.checkers.DeprecatedKotlinNativeTargetsChecker$runChecks$1: loaded 2 times (x 88B)
Class org.jetbrains.kotlin.gradle.plugin.KotlinPluginLifecycleImplKt                  : loaded 2 times (x 71B)
Class org.jetbrains.kotlin.incremental.classpathDiff.JavaClassMemberLevelSnapshotExternalizer: loaded 2 times (x 75B)
Class org.jetbrains.kotlin.gradle.targets.js.dsl.KotlinJsTargetDsl                    : loaded 2 times (x 70B)
Class build_4g4bmpo7vaamu3z53v5ctkma8$_run_closure1                                   : loaded 2 times (x 139B)
Class org.jetbrains.kotlin.daemon.client.KotlinCompilerClient$checkDaemonStartedProperly$stdoutThread$1$1: loaded 2 times (x 79B)
Class org.jetbrains.kotlin.daemon.client.DaemonLastOutputLinesListener$Companion      : loaded 2 times (x 71B)
Class [Lorg.jetbrains.kotlin.daemon.client.DaemonProblemReportingOutputListener;      : loaded 2 times (x 69B)
Class org.jetbrains.kotlin.daemon.common.OSKind                                       : loaded 2 times (x 79B)
Class org.jetbrains.kotlin.gradle.tasks.KotlinCompile$disableMultiModuleIC$2$1        : loaded 2 times (x 75B)
Class com.google.common.collect.AbstractIterator$State                                : loaded 2 times (x 79B)
Class org.objectweb.asm.commons.Remapper                                              : loaded 2 times (x 88B)
Class com.google.common.collect.ImmutableMultimap$2                                   : loaded 2 times (x 81B)
Class org.jetbrains.kotlin.gradle.tasks.DefaultKotlinJavaToolchain$javaExecutable$1   : loaded 2 times (x 75B)
Class org.jetbrains.kotlin.build.report.metrics.BuildAttribute                        : loaded 2 times (x 79B)
Class com.google.common.collect.RegularImmutableBiMap                                 : loaded 2 times (x 148B)
Class org.jetbrains.kotlin.gradle.internal.transforms.BuildToolsApiClasspathEntrySnapshotTransform$Inject1: loaded 2 times (x 113B)
Class org.jetbrains.kotlin.gradle.plugin.mpp.compilationImpl.KotlinCompilationRegisterInSourceSetsConfigurator: loaded 2 times (x 74B)
Class org.jetbrains.kotlin.gradle.plugin.mpp.compilationImpl.factory.DefaultKotlinCompilationTaskNamesContainerFactory: loaded 2 times (x 74B)
Class org.jetbrains.kotlin.gradle.targets.native.internal.CommonizerTasksKt           : loaded 2 times (x 71B)
Class [Lorg.jetbrains.kotlin.gradle.targets.js.npm.NpmDependency$Scope;               : loaded 2 times (x 69B)
Class org.jetbrains.kotlin.gradle.plugin.KotlinCompilerPluginSupportPlugin            : loaded 2 times (x 70B)
Class org.jetbrains.kotlin.gradle.plugin.mpp.AbstractKotlinTarget$components$2        : loaded 2 times (x 79B)
Class org.jetbrains.kotlin.gradle.plugin.mpp.KotlinUsages$setupAttributesMatchingStrategy$1: loaded 2 times (x 74B)
Class org.jetbrains.kotlin.gradle.utils.AndroidPluginIdsKt                            : loaded 2 times (x 71B)
Class com.google.common.cache.LocalCache$ValueReference                               : loaded 2 times (x 70B)
Class org.jetbrains.kotlin.gradle.plugin.KotlinBasePlugin                             : loaded 2 times (x 70B)
Class [Lorg.jetbrains.kotlin.config.ExplicitApiMode;                                  : loaded 2 times (x 69B)
Class org.jetbrains.kotlin.konan.target.KonanTarget$WATCHOS_ARM32                     : loaded 2 times (x 78B)
Class org.jetbrains.kotlin.gradle.plugin.KotlinProjectSetupActionKt$KotlinProjectSetupCoroutine$1$1: loaded 2 times (x 95B)
Class org.jetbrains.kotlin.gradle.plugin.mpp.compilationImpl.factory.KotlinCompilationImplFactory$PreConfigure: loaded 2 times (x 70B)
Class org.jetbrains.kotlin.gradle.tasks.configuration.AbstractKotlinCompileConfig$2   : loaded 2 times (x 79B)
Class org.jetbrains.kotlin.gradle.internal.transforms.BuildToolsApiClasspathEntrySnapshotTransform: loaded 2 times (x 82B)
Class org.jetbrains.kotlin.incremental.DifferenceCalculatorForPackageFacade           : loaded 2 times (x 74B)
Class org.jetbrains.kotlin.gradle.tasks.CacheableTasksKt$cacheOnlyIfEnabledForKotlin$1: loaded 2 times (x 75B)
Class org.jetbrains.kotlin.gradle.tasks.AbstractKotlinCompile$compilerRunner$1        : loaded 2 times (x 75B)
Class build_cxm1nfun9adht4tn3k05wn7b5                                                 : loaded 2 times (x 180B)
Class com.google.common.hash.PrimitiveSink                                            : loaded 2 times (x 70B)
Class org.jetbrains.kotlin.gradle.tasks.internal.KotlinJvmOptionsCompat               : loaded 2 times (x 103B)
Class org.jetbrains.kotlin.cli.common.arguments.CommonToolArguments                   : loaded 2 times (x 73B)
Class com.google.common.base.PatternCompiler                                          : loaded 2 times (x 70B)
Class org.jetbrains.kotlin.gradle.utils.FutureKt                                      : loaded 2 times (x 71B)
Class org.jetbrains.kotlin.gradle.logging.GradleLoggingUtilsKt                        : loaded 2 times (x 71B)
Class com.google.common.util.concurrent.AbstractFuture$Failure                        : loaded 2 times (x 72B)
Class com.google.common.base.Equivalence$Equals                                       : loaded 2 times (x 82B)
Class org.jetbrains.kotlin.gradle.plugin.KotlinAndroidPluginWrapper                   : loaded 2 times (x 86B)
Class com.google.common.collect.TransformedListIterator                               : loaded 2 times (x 93B)
Class com.google.common.cache.LocalCache$Values                                       : loaded 2 times (x 118B)
Class org.jetbrains.kotlin.compilerRunner.GradleKotlinCompilerRunnerKt                : loaded 2 times (x 71B)
Class com.google.common.reflect.TypeCapture                                           : loaded 2 times (x 71B)
Class org.jetbrains.kotlin.incremental.classpathDiff.RegularKotlinClassSnapshot       : loaded 2 times (x 76B)
Class build_brxvvqpvtxpg0nc53wtfp71md                                                 : loaded 2 times (x 180B)
Class com.google.common.collect.ImmutableSetMultimap                                  : loaded 2 times (x 180B)
Class org.jetbrains.kotlin.daemon.common.DaemonReportCategory                         : loaded 2 times (x 79B)
Class org.jetbrains.kotlin.daemon.common.DaemonOptions                                : loaded 2 times (x 75B)
Class org.jetbrains.kotlin.compilerRunner.GradleKotlinCompilerWorkArguments$Companion : loaded 2 times (x 71B)
Class com.google.common.collect.ByFunctionOrdering                                    : loaded 2 times (x 115B)
Class com.google.common.io.CharSink                                                   : loaded 2 times (x 79B)
Class org.jetbrains.kotlin.compilerRunner.GradleCompilerRunner$Companion              : loaded 2 times (x 71B)
Class [Lorg.jetbrains.kotlin.gradle.dsl.PlatformSourceSetConventionsChecker$CheckedPlatformInfo;: loaded 2 times (x 69B)
Class org.jetbrains.kotlin.gradle.plugin.diagnostics.KotlinGradleProjectCheckerContext: loaded 2 times (x 72B)
Class org.jetbrains.kotlin.gradle.plugin.diagnostics.checkers.DuplicateSourceSetChecker: loaded 2 times (x 74B)
Class org.jetbrains.kotlin.gradle.plugin.diagnostics.ToolingDiagnosticFactory         : loaded 2 times (x 73B)
Class org.jetbrains.kotlin.gradle.targets.KotlinTargetSideEffect                      : loaded 2 times (x 70B)
Class org.jetbrains.kotlin.gradle.dsl.KotlinTargetContainerWithNativeShortcuts        : loaded 2 times (x 70B)
Class org.jetbrains.kotlin.gradle.plugin.DefaultKotlinBasePlugin$setupAttributeMatchingStrategy$1$1: loaded 2 times (x 79B)
Class org.jetbrains.kotlin.statistics.metrics.NumericalMetrics$Companion              : loaded 2 times (x 71B)
Class [Lorg.jetbrains.kotlin.statistics.metrics.NumberAnonymizationPolicy;            : loaded 2 times (x 69B)
Class org.jetbrains.kotlin.statistics.metrics.NumberOverridePolicy$OVERRIDE           : loaded 2 times (x 85B)
Class org.jetbrains.kotlin.gradle.internal.properties.PropertiesBuildService$property$1: loaded 2 times (x 79B)
Class com.google.common.base.Joiner$1                                                 : loaded 2 times (x 80B)
Class org.objectweb.asm.Label                                                         : loaded 2 times (x 73B)
Class org.objectweb.asm.CurrentFrame                                                  : loaded 2 times (x 73B)
Class org.objectweb.asm.ClassTooLargeException                                        : loaded 2 times (x 83B)
Class com.google.gson.stream.JsonReader                                               : loaded 2 times (x 97B)
Class com.google.common.collect.PeekingIterator                                       : loaded 2 times (x 70B)
Class org.jetbrains.kotlin.cli.jvm.compiler.EnvironmentConfigFiles                    : loaded 2 times (x 79B)
Class build_9agby7hio7ato1s60w27jwzom$_run_closure1$_closure3                         : loaded 2 times (x 139B)
Class it.unimi.dsi.fastutil.objects.ReferenceSet                                      : loaded 2 times (x 70B)
Class kotlinx.coroutines.CoroutineScope                                               : loaded 2 times (x 70B)
Class com.google.common.collect.ImmutableMap$MapViewOfValuesAsSingletonSets           : loaded 2 times (x 125B)
Class com.google.common.collect.RegularImmutableMap                                   : loaded 2 times (x 121B)
Class com.google.gson.stream.MalformedJsonException                                   : loaded 2 times (x 82B)
Class org.jetbrains.kotlin.incremental.classpathDiff.JavaClassSnapshot                : loaded 2 times (x 75B)
Class org.jetbrains.kotlin.gradle.internal.properties.PropertiesBuildService$IntGradleProperty: loaded 2 times (x 76B)
Class build_791pi10n6m845g1rrxv9168t7                                                 : loaded 2 times (x 180B)
Class com.google.common.hash.HashCode$LongHashCode                                    : loaded 2 times (x 80B)
Class org.jetbrains.kotlin.gradle.plugin.mpp.KotlinUsages$KotlinMetadataDisambiguation: loaded 2 times (x 76B)
Class org.jetbrains.kotlin.incremental.ClasspathChanges$ClasspathSnapshotEnabled      : loaded 2 times (x 72B)
Class com.google.common.io.ByteSource$AsCharSource                                    : loaded 2 times (x 86B)
Class com.google.common.collect.Maps$IteratorBasedAbstractMap                         : loaded 2 times (x 125B)
Class com.google.common.collect.MapMakerInternalMap$InternalEntryHelper               : loaded 2 times (x 70B)
Class com.google.common.collect.Table                                                 : loaded 2 times (x 70B)
Class org.jetbrains.kotlin.gradle.tasks.configuration.AbstractKotlinCompileConfig$2$2$1: loaded 2 times (x 75B)
Class org.jetbrains.kotlin.build.report.metrics.BuildAttributes$Companion             : loaded 2 times (x 71B)
Class org.jetbrains.kotlin.gradle.tasks.KotlinCompilationTask                         : loaded 2 times (x 70B)
Class org.jetbrains.kotlin.gradle.plugin.mpp.compilationImpl.factory.KotlinCompilationImplFactory$ProcessResourcesTaskNameFactory: loaded 2 times (x 70B)
Class com.google.common.collect.RangeGwtSerializationDependencies                     : loaded 2 times (x 71B)
Class org.jetbrains.kotlin.gradle.internal.properties.PropertiesBuildService$property$2: loaded 2 times (x 79B)
Class org.jetbrains.kotlin.gradle.internal.KotlinDependenciesManagementKt             : loaded 2 times (x 71B)
Class org.jetbrains.kotlin.gradle.plugin.DefaultKotlinBasePlugin$setupAttributeMatchingStrategy$1$2: loaded 2 times (x 79B)
Class org.jetbrains.kotlin.gradle.plugin.statistics.KotlinBuildStatsLoggerService     : loaded 2 times (x 72B)
Class org.jetbrains.kotlin.gradle.plugin.internal.CustomPropertiesFileValueSource$Inject: loaded 2 times (x 113B)
Class com.google.common.base.Joiner$2                                                 : loaded 2 times (x 79B)
Class org.objectweb.asm.Frame                                                         : loaded 2 times (x 73B)
Class org.objectweb.asm.MethodVisitor                                                 : loaded 2 times (x 105B)
Class com.google.common.cache.LocalCache$EntryFactory$1                               : loaded 2 times (x 83B)
Class [Lcom.google.common.cache.RemovalListener;                                      : loaded 2 times (x 69B)
Class org.jetbrains.kotlin.gradle.plugin.mpp.compilationImpl.KotlinCompilationSideEffect$Companion: loaded 2 times (x 71B)
Class org.jetbrains.kotlin.gradle.artifacts.KotlinLegacyMetadataArtifactKt$KotlinLegacyMetadataArtifact$1: loaded 2 times (x 74B)
Class org.jetbrains.kotlin.gradle.artifacts.KotlinNativeHostSpecificMetadataArtifactKt$KotlinNativeHostSpecificMetadataArtifact$1: loaded 2 times (x 74B)
Class org.jetbrains.kotlin.konan.target.KonanTarget$ANDROID_ARM64                     : loaded 2 times (x 78B)
Class org.jetbrains.kotlin.gradle.plugin.mpp.compilationImpl.KotlinCompilationFriendPathsResolver: loaded 2 times (x 70B)
Class org.jetbrains.kotlin.gradle.tasks.configuration.AbstractKotlinCompileConfig$1   : loaded 2 times (x 79B)
Class org.jetbrains.kotlin.gradle.plugin.sources.KotlinDependencyScope                : loaded 2 times (x 79B)
Class build_qvmh7tos5fcqco87hjzw0b9h                                                  : loaded 2 times (x 180B)
Class org.jetbrains.kotlin.gradle.plugin.mpp.InternalKotlinTargetKt$special$$inlined$extrasStoredFuture$1: loaded 2 times (x 79B)
Class org.jetbrains.kotlin.compilerRunner.UsesCompilerSystemPropertiesService         : loaded 2 times (x 70B)
Class org.jetbrains.kotlin.gradle.plugin.mpp.compilationImpl.KotlinCompilationSourceSetInclusion$Companion: loaded 2 times (x 71B)
Class com.google.common.collect.RangeSet                                              : loaded 2 times (x 70B)
Class org.jetbrains.kotlin.konan.target.KonanTarget$WATCHOS_DEVICE_ARM64              : loaded 2 times (x 78B)
Class org.jetbrains.kotlin.gradle.plugin.diagnostics.checkers.MissingNativeStdlibChecker$runChecks$1: loaded 2 times (x 88B)
Class [Lorg.jetbrains.kotlin.gradle.plugin.sources.android.AndroidVariantType;        : loaded 2 times (x 69B)
Class org.jetbrains.kotlin.gradle.plugin.sources.android.AndroidVariantType           : loaded 2 times (x 79B)
Class org.jetbrains.kotlin.gradle.plugin.mpp.KotlinTargetSoftwareComponent            : loaded 2 times (x 89B)
Class org.jetbrains.kotlin.gradle.plugin.mpp.KotlinVariant                            : loaded 2 times (x 101B)
Class org.jetbrains.kotlin.gradle.targets.native.ConfigureFrameworkExportSideEffectKt : loaded 2 times (x 71B)
Class org.jetbrains.kotlin.gradle.utils.WhenPluginEnabledKt                           : loaded 2 times (x 71B)
Class org.jetbrains.kotlin.tooling.core.ExtrasProperty                                : loaded 2 times (x 70B)
Class org.jetbrains.kotlin.gradle.plugin.VariantImplementationFactories               : loaded 2 times (x 75B)
Class com.google.common.cache.LocalCache$EntryFactory$2                               : loaded 2 times (x 83B)
Class org.gradle.api.internal.classpath.GlobalCacheRootsProvider                      : loaded 2 times (x 70B)
Class org.jetbrains.kotlin.gradle.plugin.mpp.KotlinMetadataCompilation                : loaded 2 times (x 70B)
Class org.jetbrains.kotlin.gradle.utils.FutureKt$future$1                             : loaded 2 times (x 95B)
Class org.jetbrains.kotlin.gradle.report.GradleBuildMetricsReporter                   : loaded 2 times (x 98B)
Class org.jetbrains.kotlin.incremental.storage.SetExternalizer                        : loaded 2 times (x 80B)
Class org.jetbrains.kotlin.incremental.storage.FqNameExternalizer                     : loaded 2 times (x 75B)
Class org.jetbrains.kotlin.incremental.classpathDiff.ClassFile                        : loaded 2 times (x 72B)
Class build_ek2zvxsey6me7tacw776m30ie$_run_closure1                                   : loaded 2 times (x 139B)
Class org.jetbrains.kotlin.incremental.ClasspathSnapshotFiles                         : loaded 2 times (x 72B)
Class org.jetbrains.kotlin.tooling.core.Extras$Entry$Companion                        : loaded 2 times (x 71B)
Class com.google.common.collect.CollectCollectors                                     : loaded 2 times (x 71B)
Class org.jetbrains.kotlin.gradle.targets.js.dsl.KotlinWasmWasiTargetDsl              : loaded 2 times (x 70B)
Class org.jetbrains.kotlin.gradle.plugin.diagnostics.checkers.DisabledNativeTargetsChecker: loaded 2 times (x 74B)
Class org.jetbrains.kotlin.gradle.plugin.mpp.compilationImpl.KotlinCreateSourcesJarTaskSideEffectKt$KotlinCreateSourcesJarTaskSideEffect$1: loaded 2 times (x 74B)
Class org.jetbrains.kotlin.gradle.internal.CompilerArgumentAware                      : loaded 2 times (x 70B)
Class org.jetbrains.kotlin.gradle.utils.ReportUtilsKt                                 : loaded 2 times (x 71B)
Class org.jetbrains.kotlin.gradle.utils.StoredLazyProperty                            : loaded 2 times (x 75B)
Class org.objectweb.asm.ModuleWriter                                                  : loaded 2 times (x 82B)
Class com.google.common.cache.LocalCache$EntryFactory$3                               : loaded 2 times (x 83B)
Class com.google.common.base.Ticker$1                                                 : loaded 2 times (x 72B)
Class com.google.common.collect.ImmutableMapEntrySet$RegularEntrySet                  : loaded 2 times (x 151B)
Class org.jetbrains.kotlin.gradle.tasks.KotlinCompile$androidLayoutResources$1        : loaded 2 times (x 74B)
Class com.google.common.io.ByteArrayDataOutput                                        : loaded 2 times (x 70B)
Class org.jetbrains.kotlin.compilerRunner.CompilerSystemPropertiesService$Parameters$Inject: loaded 2 times (x 106B)
Class org.jetbrains.kotlin.cli.common.arguments.ArgumentField                         : loaded 2 times (x 72B)
Class build_n1ggnt65e4e0jdt93plxmyy$_run_closure1                                     : loaded 2 times (x 139B)
Class org.jetbrains.kotlin.incremental.storage.ClassIdExternalizer                    : loaded 2 times (x 75B)
Class org.jetbrains.kotlin.incremental.storage.ProtoMapValue                          : loaded 2 times (x 72B)
Class org.jetbrains.kotlin.cli.jvm.compiler.KotlinCoreApplicationEnvironmentMode$UnitTest: loaded 2 times (x 71B)
Class org.gradle.api.internal.classpath.ManifestUtil                                  : loaded 2 times (x 71B)
Class build_bmiytzpivgevm9ajwh35zuckf                                                 : loaded 2 times (x 180B)
Class Native_plugin_loader_gradle$NativePluginLoader                                  : loaded 2 times (x 72B)
Class org.jetbrains.kotlin.build.report.statistics.StatTag                            : loaded 2 times (x 79B)
Class org.jetbrains.kotlin.compilerRunner.GradleCompilationResults                    : loaded 2 times (x 77B)
Class org.jetbrains.kotlin.compilerRunner.GradleKotlinCompilerWorkArguments           : loaded 2 times (x 72B)
Class org.jetbrains.kotlin.gradle.plugin.KotlinCompilerArgumentsProducerKt            : loaded 2 times (x 71B)
Class org.jetbrains.kotlin.gradle.tasks.K2MultiplatformStructure_Decorated            : loaded 2 times (x 135B)
Class org.jetbrains.kotlin.compilerRunner.GradleCompilerRunner                        : loaded 2 times (x 73B)
Class org.jetbrains.kotlin.gradle.plugin.statistics.KotlinBuildStatisticsUtilsKt      : loaded 2 times (x 71B)
Class com.google.common.collect.SetMultimap                                           : loaded 2 times (x 70B)
Class org.jetbrains.kotlin.gradle.dsl.AndroidMainSourceSetConventionsChecker$runChecks$1: loaded 2 times (x 88B)
Class org.jetbrains.kotlin.gradle.plugin.sources.FragmentConsistencyChecks            : loaded 2 times (x 72B)
Class org.jetbrains.kotlin.gradle.plugin.mpp.InternalKotlinTargetComponent            : loaded 2 times (x 93B)
Class org.jetbrains.kotlin.gradle.targets.CreateDefaultTestRunSideEffectKt$special$$inlined$KotlinTargetSideEffect$1: loaded 2 times (x 74B)
Class org.jetbrains.kotlin.gradle.utils.ProviderApiUtilsKt                            : loaded 2 times (x 71B)
Class org.jetbrains.kotlin.gradle.internal.properties.NativePropertiesLoader$forceDisableRunningInProcess$1: loaded 2 times (x 75B)
Class org.jetbrains.kotlin.gradle.utils.PersistentCachesKt                            : loaded 2 times (x 71B)
Class org.jetbrains.kotlin.gradle.internal.tasks.TaskWithLocalState                   : loaded 2 times (x 70B)
Class org.jetbrains.kotlin.statistics.metrics.BooleanMetrics                          : loaded 2 times (x 80B)
Class org.jetbrains.kotlin.gradle.internal.properties.PropertiesBuildService$Params   : loaded 2 times (x 70B)
Class com.google.common.cache.LocalCache$EntryFactory$4                               : loaded 2 times (x 83B)
Class com.google.common.collect.ImmutableList$1                                       : loaded 2 times (x 97B)
Class com.google.common.util.concurrent.ExecutionError                                : loaded 2 times (x 82B)
Class org.jetbrains.kotlin.statistics.metrics.StringAnonymizationPolicy$AllowedListAnonymizer: loaded 2 times (x 79B)
Class org.jetbrains.kotlin.incremental.storage.NullableValueExternalizer              : loaded 2 times (x 76B)
Class org.jetbrains.kotlin.gradle.report.BuildReportType                              : loaded 2 times (x 79B)
Class org.jetbrains.kotlin.gradle.targets.metadata.KotlinMetadataTargetConfiguratorKt$isNativeSourceSet$2: loaded 2 times (x 95B)
Class org.jetbrains.kotlin.gradle.dsl.KotlinHierarchyDsl                              : loaded 2 times (x 70B)
Class build_63z73d9qxy6koqx7ha722r5kc$_run_closure1                                   : loaded 2 times (x 139B)
Class org.jetbrains.kotlin.daemon.common.CompileIterationResult$Companion             : loaded 2 times (x 71B)
Class [Lorg.jetbrains.kotlin.daemon.common.ReportSeverity;                            : loaded 2 times (x 69B)
Class org.jetbrains.kotlin.daemon.common.DaemonParamsKt                               : loaded 2 times (x 71B)
Class org.jetbrains.kotlin.gradle.dsl.KotlinCommonCompilerOptionsExtensionsKt         : loaded 2 times (x 71B)
Class com.google.common.collect.ReverseOrdering                                       : loaded 2 times (x 115B)
Class com.google.common.io.ByteStreams$1                                              : loaded 2 times (x 85B)
Class org.jetbrains.kotlin.gradle.plugin.sources.KotlinDependencyScopeKt$WhenMappings : loaded 2 times (x 71B)
Class org.jetbrains.kotlin.gradle.tasks.K2MultiplatformCompilationTask                : loaded 2 times (x 70B)
Class org.jetbrains.kotlin.gradle.plugin.diagnostics.checkers.OverriddenKotlinNativeHomeChecker$StdlibExistenceCheckerValueSource$Inject: loaded 2 times (x 109B)
Class org.jetbrains.kotlin.gradle.utils.ConfigurationsKt$maybeCreateDependencyScope$1 : loaded 2 times (x 78B)
Class org.jetbrains.kotlin.gradle.plugin.sources.FragmentConsistencyChecks$languageVersionCheck$1: loaded 2 times (x 79B)
Class org.jetbrains.kotlin.gradle.plugin.mpp.DecoratedKotlinCompilation               : loaded 2 times (x 191B)
Class org.jetbrains.kotlin.gradle.plugin.diagnostics.checkers.ExperimentalTryNextUsageChecker: loaded 2 times (x 74B)
Class [Lorg.jetbrains.kotlin.gradle.plugin.diagnostics.ToolingDiagnostic$Severity;    : loaded 2 times (x 69B)
Class [Lorg.jetbrains.kotlin.gradle.plugin.KotlinPlatformType;                        : loaded 2 times (x 69B)
Class org.jetbrains.kotlin.gradle.plugin.statistics.UsesBuildFusService               : loaded 2 times (x 70B)
Class org.jetbrains.kotlin.gradle.plugin.statistics.old.Pre232IdeaKotlinBuildStatsBeanService: loaded 2 times (x 95B)
Class org.jetbrains.kotlin.statistics.metrics.NumberOverridePolicy$AVERAGE            : loaded 2 times (x 85B)
Class org.jetbrains.kotlin.gradle.plugin.VariantImplementationFactories$Parameters$Inject: loaded 2 times (x 106B)
Class com.google.common.cache.LocalCache$EntryFactory$5                               : loaded 2 times (x 83B)
Class org.jetbrains.kotlin.gradle.utils.MutableObservableSet                          : loaded 2 times (x 70B)
Class org.jetbrains.kotlin.gradle.plugin.mpp.compilationImpl.factory.KotlinCompilationImplFactory$KotlinCompilationSourceSetsContainerFactory: loaded 2 times (x 70B)
Class org.jetbrains.kotlin.gradle.report.UsesBuildMetricsService                      : loaded 2 times (x 70B)
Class org.jetbrains.kotlin.incremental.storage.LinkedHashMapExternalizer              : loaded 2 times (x 80B)
Class org.jetbrains.kotlin.gradle.plugin.hierarchy.KotlinSourceSetTreeClassifierKt    : loaded 2 times (x 71B)
Class com.google.common.collect.AbstractMapBasedMultimap$WrappedCollection            : loaded 2 times (x 124B)
Class build_6zh45m3seex8fbs2617d27z8k                                                 : loaded 2 times (x 181B)
Class build_dfi0xi181mmyyfdrvn9m88km$_run_closure1                                    : loaded 2 times (x 139B)
Class build_69hm4dcptcygfnb8gripscrkk$_run_closure1                                   : loaded 2 times (x 140B)
Class org.jetbrains.kotlin.daemon.common.CompilerServicesFacadeBase                   : loaded 2 times (x 70B)
Class [Lorg.jetbrains.kotlin.daemon.common.OSKind;                                    : loaded 2 times (x 69B)
Class org.jetbrains.kotlin.buildtools.api.SharedApiClassesClassLoaderImpl             : loaded 2 times (x 101B)
Class com.google.common.collect.HashMultimap                                          : loaded 2 times (x 174B)
Class org.jetbrains.kotlin.gradle.plugin.mpp.MppSourcesJarKt$sourcesJarTaskNamed$result$1: loaded 2 times (x 79B)
Class org.jetbrains.kotlin.gradle.tasks.configuration.BaseKotlinCompileConfig$1       : loaded 2 times (x 79B)
Class org.jetbrains.kotlin.gradle.plugin.UsesBuildFinishedListenerService             : loaded 2 times (x 70B)
Class org.jetbrains.kotlin.gradle.plugin.mpp.compilationImpl.factory.ConfigurationNaming$Default: loaded 2 times (x 75B)
Class org.jetbrains.kotlin.gradle.plugin.mpp.compilationImpl.KotlinCompilationSourceSetInclusion: loaded 2 times (x 72B)
Class org.jetbrains.kotlin.gradle.targets.jvm.KotlinJvmTarget                         : loaded 2 times (x 172B)
Class org.jetbrains.kotlin.gradle.targets.js.dsl.KotlinWasmJsTargetDsl                : loaded 2 times (x 70B)
Class org.jetbrains.kotlin.gradle.plugin.diagnostics.checkers.DisabledNativeTargetsChecker$runChecks$1: loaded 2 times (x 88B)
Class org.jetbrains.kotlin.gradle.plugin.KotlinPluginLifecycleImpl$await$2$1          : loaded 2 times (x 79B)
Class org.jetbrains.kotlin.gradle.plugin.sources.DefaultLanguageSettingsBuilder       : loaded 2 times (x 100B)
Class org.jetbrains.kotlin.gradle.plugin.sources.FragmentConsistencyChecks$languageVersionCheck$2: loaded 2 times (x 78B)
Class org.jetbrains.kotlin.gradle.targets.CreateTargetConfigurationsSideEffectKt$CreateTargetConfigurationsSideEffect$1: loaded 2 times (x 74B)
Class org.jetbrains.kotlin.gradle.dsl.KotlinTargetContainerWithPresetFunctions        : loaded 2 times (x 70B)
Class org.jetbrains.kotlin.gradle.utils.GradleConfigurationUtilsKt                    : loaded 2 times (x 71B)
Class org.jetbrains.kotlin.gradle.plugin.StatisticsBuildFlowManager$subscribeForBuildResult$1: loaded 2 times (x 75B)
Class org.jetbrains.kotlin.gradle.plugin.internal.CustomPropertiesFileValueSource$Parameters: loaded 2 times (x 70B)
Class com.google.common.cache.LocalCache$EntryFactory$6                               : loaded 2 times (x 83B)
Class Build_gradle                                                                    : loaded 2 times (x 130B)
Class org.jetbrains.kotlin.config.JVMAssertionsMode$Companion                         : loaded 2 times (x 71B)
Class org.gradle.internal.installation.CurrentGradleInstallationLocator               : loaded 2 times (x 71B)
Class org.jetbrains.kotlin.daemon.common.CompilerId$Companion                         : loaded 2 times (x 71B)
Class org.jetbrains.kotlin.daemon.common.ReportCategory$Companion                     : loaded 2 times (x 71B)
Class org.jetbrains.kotlin.inline.InlineUtilKt                                        : loaded 2 times (x 71B)
Class kotlin.jvm.internal.PropertyReference1Impl                                      : loaded 2 times (x 127B)
Class org.jetbrains.kotlin.com.intellij.openapi.util.ThreadLocalCachedValue           : loaded 2 times (x 75B)
Class org.gradle.internal.classloader.ClassLoaderHierarchy                            : loaded 2 times (x 70B)
Class org.jetbrains.kotlin.incremental.classpathDiff.ClasspathEntrySnapshotter        : loaded 2 times (x 71B)
Class org.jetbrains.kotlin.compilerRunner.GradleCompilerServicesFacadeImpl$WhenMappings: loaded 2 times (x 71B)
Class org.jetbrains.kotlin.daemon.common.CompilerId$mappers$1                         : loaded 2 times (x 137B)
Class org.jetbrains.kotlin.daemon.client.KotlinCompilerClient$connectAndLease$1$result$1: loaded 2 times (x 79B)
Class org.jetbrains.kotlin.daemon.common.DummyProfiler                                : loaded 2 times (x 79B)
Class org.jetbrains.kotlin.gradle.plugin.internal.ConfigurationCacheStartParameterAccessorKt: loaded 2 times (x 71B)
Class org.jetbrains.kotlin.gradle.logging.GradlePrintingMessageCollector              : loaded 2 times (x 77B)
Class org.jetbrains.kotlin.gradle.tasks.KotlinCompile$WhenMappings                    : loaded 2 times (x 71B)
Class org.jetbrains.kotlin.compilerRunner.btapi.SharedApiClassesClassLoaderProvider   : loaded 2 times (x 74B)
Class com.google.common.io.ByteSource$SlicedByteSource                                : loaded 2 times (x 85B)
Class org.objectweb.asm.ClassReader                                                   : loaded 2 times (x 93B)
Class com.google.common.collect.ImmutableMultimap$Builder                             : loaded 2 times (x 83B)
Class org.jetbrains.kotlin.gradle.tasks.DefaultKotlinJavaToolchain$getToolsJarFromJvm$1: loaded 2 times (x 75B)
Class org.jetbrains.kotlin.build.report.metrics.GcMetrics                             : loaded 2 times (x 72B)
Class org.jetbrains.kotlin.gradle.plugin.diagnostics.UsesKotlinToolingDiagnosticsKt   : loaded 2 times (x 71B)
Class org.jetbrains.kotlin.gradle.tasks.configuration.BaseKotlinCompileConfig$2       : loaded 2 times (x 79B)
Class org.jetbrains.kotlin.gradle.plugin.BuildFinishedListenerService$Companion$registerIfAbsent$2$1$1: loaded 2 times (x 75B)
Class com.google.common.collect.Maps$KeySet                                           : loaded 2 times (x 137B)
Class org.jetbrains.kotlin.konan.target.KonanTarget$IOS_X64                           : loaded 2 times (x 78B)
Class org.jetbrains.kotlin.gradle.plugin.mpp.InternalKotlinCompilation                : loaded 2 times (x 70B)
Class org.jetbrains.kotlin.gradle.utils.WhenEvaluatedKt                               : loaded 2 times (x 71B)
Class org.jetbrains.kotlin.gradle.targets.native.internal.AddKotlinPlatformIntegersSupportLibraryKt: loaded 2 times (x 71B)
Class org.jetbrains.kotlin.gradle.plugin.AbstractKotlinJsPluginWrapper                : loaded 2 times (x 86B)
Class org.jetbrains.kotlin.gradle.plugin.KotlinPluginWrapperKt                        : loaded 2 times (x 71B)
Class com.google.common.cache.LocalCache$EntryFactory$7                               : loaded 2 times (x 83B)
Class org.gradle.internal.service.DefaultServiceLocator                               : loaded 2 times (x 83B)
Class org.jetbrains.kotlin.cli.jvm.compiler.KotlinCoreApplicationEnvironmentMode$Production: loaded 2 times (x 71B)
Class org.jetbrains.kotlin.gradle.plugin.KotlinPlatformType$Companion                 : loaded 2 times (x 71B)
Class org.jetbrains.kotlin.gradle.plugin.KotlinPlatformType$DisambiguationRule        : loaded 2 times (x 76B)
Class org.jetbrains.kotlin.gradle.targets.native.KotilnNativeConfigureBinariesSideEffectKt: loaded 2 times (x 71B)
Class org.jetbrains.kotlin.gradle.plugin.diagnostics.checkers.MissingNativeStdlibChecker: loaded 2 times (x 74B)
Class org.jetbrains.kotlin.gradle.targets.js.npm.NpmDependencyExtensionKt$defaultNpmDependencyDelegate$1: loaded 2 times (x 167B)
Class org.jetbrains.kotlin.gradle.plugin.KotlinPluginLifecycleImpl$launch$coroutine$1 : loaded 2 times (x 76B)
Class org.jetbrains.kotlin.gradle.internal.KotlinDomApiDependencyManagementKt         : loaded 2 times (x 71B)
Class org.jetbrains.org.objectweb.asm.tree.RecordComponentNode                        : loaded 2 times (x 79B)
Class build_n1ggnt65e4e0jdt93plxmyy                                                   : loaded 2 times (x 180B)
Class build_2cp5h65qi2h6pqesgjpp9ydfb$_run_closure1$_closure3                         : loaded 2 times (x 139B)
Class build_drsywxkk4nm45ulfdfg3mypk0$_run_closure1$_closure3                         : loaded 2 times (x 139B)
Class org.jetbrains.kotlin.daemon.client.KotlinCompilerClient$tryFindSuitableDaemonOrNewOpts$aliveWithMetadata$1: loaded 2 times (x 79B)
Class org.jetbrains.kotlin.cli.common.arguments.CommonCompilerArguments$VersionKind   : loaded 2 times (x 79B)
Class org.jetbrains.kotlin.gradle.plugin.KotlinCompilerArgumentsProducer$ArgumentType : loaded 2 times (x 79B)
Class com.google.common.cache.LocalCache$SoftValueReference                           : loaded 2 times (x 97B)
Class com.google.common.collect.ImmutableMultimap$EntryCollection                     : loaded 2 times (x 127B)
Class com.google.common.collect.Maps$EntrySet                                         : loaded 2 times (x 136B)
Class org.jetbrains.kotlin.gradle.tasks.KotlinCompile$scriptExtensions$1              : loaded 2 times (x 79B)
Class org.jetbrains.kotlin.gradle.tasks.K2MultiplatformStructure$Fragment             : loaded 2 times (x 72B)
Class org.jetbrains.kotlin.compilerRunner.CompilerSystemPropertiesService$Companion$registerIfAbsent$1: loaded 2 times (x 75B)
Class org.jetbrains.kotlin.gradle.tasks.CInteropProcess                               : loaded 2 times (x 347B)
Class org.jetbrains.kotlin.gradle.plugin.diagnostics.checkers.WasmJsEnvironmentChecker: loaded 2 times (x 76B)
Class org.jetbrains.kotlin.gradle.plugin.diagnostics.checkers.AndroidPluginWithoutAndroidTargetChecker: loaded 2 times (x 74B)
Class org.jetbrains.kotlin.statistics.metrics.NumberOverridePolicy                    : loaded 2 times (x 85B)
Class org.jetbrains.kotlin.statistics.metrics.StringAnonymizationPolicy$AllowedListAnonymizer$Companion: loaded 2 times (x 71B)
Class org.jetbrains.kotlin.gradle.plugin.internal.DefaultProjectIsolationStartParameterAccessor_Decorated: loaded 2 times (x 125B)
Class org.jetbrains.kotlin.gradle.plugin.internal.ProjectIsolationStartParameterAccessorKt: loaded 2 times (x 71B)
Class org.jetbrains.kotlin.gradle.testing.internal.KotlinTestsRegistry                : loaded 2 times (x 72B)
Class com.google.common.cache.LocalCache$EntryFactory$8                               : loaded 2 times (x 83B)
Class org.gradle.internal.installation.CurrentGradleInstallation                      : loaded 2 times (x 73B)
Class org.jetbrains.kotlin.gradle.plugin.mpp.KotlinVariantWithCoordinates             : loaded 2 times (x 108B)
Class com.google.common.io.FileWriteMode                                              : loaded 2 times (x 79B)
Class [Lcom.google.common.collect.MapMakerInternalMap$Segment;                        : loaded 2 times (x 69B)
Class com.google.common.cache.LocalCache$ValueIterator                                : loaded 2 times (x 86B)
Class org.jetbrains.kotlin.incremental.classpathDiff.JarReader                        : loaded 2 times (x 82B)
Class org.jetbrains.kotlin.daemon.client.KotlinCompilerClient$checkDaemonStartedProperly$stdoutThread$1: loaded 2 times (x 79B)
Class org.jetbrains.kotlin.gradle.tasks.AbstractKotlinCompile$compilerRunner$1$2$1    : loaded 2 times (x 75B)
Class org.objectweb.asm.Opcodes                                                       : loaded 2 times (x 70B)
Class org.jetbrains.kotlin.gradle.tasks.KotlinCompilerExecutionStrategy               : loaded 2 times (x 79B)
Class org.jetbrains.kotlin.gradle.plugin.mpp.InternalKotlinCompilationKt$awaitAllKotlinSourceSets$1: loaded 2 times (x 88B)
Class org.jetbrains.kotlin.gradle.plugin.statistics.FusMetrics                        : loaded 2 times (x 70B)
Class org.jetbrains.kotlin.gradle.plugin.sources.DefaultKotlinSourceSet$special$$inlined$Iterable$1: loaded 2 times (x 79B)
Class org.jetbrains.kotlin.gradle.plugin.mpp.compilationImpl.factory.KotlinCompilationImplFactory$KotlinCompilerOptionsFactory$Options: loaded 2 times (x 72B)
Class org.jetbrains.kotlin.gradle.plugin.KotlinCompilation                            : loaded 2 times (x 70B)
Class org.jetbrains.kotlin.gradle.plugin.KotlinTargetConfiguratorKt                   : loaded 2 times (x 71B)
Class org.jetbrains.kotlin.tooling.core.Extras$Type$Companion                         : loaded 2 times (x 71B)
Class com.google.common.cache.CacheLoader$1                                           : loaded 2 times (x 75B)
Class com.google.common.collect.ImmutableList$SubList                                 : loaded 2 times (x 208B)
Class org.gradle.util.internal.GUtil                                                  : loaded 2 times (x 71B)
Class org.jetbrains.kotlin.gradle.internal.ClassLoadersCachingBuildService$getClassLoader$1: loaded 2 times (x 79B)
Class org.jetbrains.kotlin.incremental.classpathDiff.DirectoryOrJarReader             : loaded 2 times (x 70B)
Class org.jetbrains.kotlin.incremental.classpathDiff.ClassFileWithContents            : loaded 2 times (x 72B)
Class org.jetbrains.kotlin.incremental.classpathDiff.BasicClassInfoClassVisitor       : loaded 2 times (x 87B)
Class org.jetbrains.kotlin.config.CompilerConfigurationKey                            : loaded 2 times (x 72B)
Class org.jetbrains.kotlin.daemon.client.DaemonLastOutputLinesListener                : loaded 2 times (x 76B)
Class org.jetbrains.kotlin.daemon.common.CompilerId$mappers$4                         : loaded 2 times (x 137B)
Class org.jetbrains.kotlin.daemon.common.DaemonJVMOptions$mappers$1                   : loaded 2 times (x 137B)
Class org.objectweb.asm.commons.RecordComponentRemapper                               : loaded 2 times (x 79B)
Class com.google.common.io.ByteSource                                                 : loaded 2 times (x 84B)
Class org.jetbrains.kotlin.gradle.plugin.mpp.InternalKotlinTargetKt$isSourcesPublishableFuture$2: loaded 2 times (x 95B)
Class org.jetbrains.kotlin.gradle.plugin.mpp.KotlinCompilationFactory                 : loaded 2 times (x 70B)
Class org.jetbrains.kotlin.gradle.dsl.IosSourceSetConventionChecker$runChecks$1       : loaded 2 times (x 88B)
Class org.jetbrains.kotlin.gradle.plugin.mpp.AbstractKotlinCompilation                : loaded 2 times (x 191B)
Class org.jetbrains.kotlin.gradle.plugin.diagnostics.checkers.UnusedSourceSetsChecker : loaded 2 times (x 74B)
Class org.jetbrains.kotlin.gradle.utils.Future                                        : loaded 2 times (x 70B)
Class org.jetbrains.kotlin.gradle.plugin.BuildFinishFlowAction$Parameters             : loaded 2 times (x 70B)
Class org.jetbrains.kotlin.gradle.plugin.statistics.KotlinBuildStatsConfiguration$Companion: loaded 2 times (x 71B)
Class com.google.common.util.concurrent.AbstractFuture$SetFuture                      : loaded 2 times (x 75B)
Class com.google.common.cache.AbstractCache$StatsCounter                              : loaded 2 times (x 70B)
Class kotlin.coroutines.CoroutineContext                                              : loaded 2 times (x 70B)
Class org.gradle.internal.classloader.FilteringClassLoader                            : loaded 2 times (x 105B)
Class com.google.common.collect.RegularImmutableMap$KeySet                            : loaded 2 times (x 150B)
Class org.jetbrains.kotlin.incremental.DifferenceCalculatorForPackageFacade$Companion : loaded 2 times (x 71B)
Class com.google.common.base.Equivalence$Identity                                     : loaded 2 times (x 82B)
Class com.google.common.base.PairwiseEquivalence                                      : loaded 2 times (x 83B)
Class org.jetbrains.kotlin.gradle.plugin.KotlinGradleBuildServices$Inject             : loaded 2 times (x 100B)
Class org.jetbrains.kotlin.gradle.utils.Completable$await$1                           : loaded 2 times (x 88B)
Class org.jetbrains.kotlin.buildtools.internal.CompilationServiceImpl                 : loaded 2 times (x 80B)
Class org.jetbrains.kotlin.daemon.common.DaemonJVMOptions$mappers$2                   : loaded 2 times (x 137B)
Class com.google.common.collect.MapMakerInternalMap$1                                 : loaded 2 times (x 83B)
Class org.objectweb.asm.Context                                                       : loaded 2 times (x 72B)
Class com.google.common.io.LineBuffer                                                 : loaded 2 times (x 75B)
Class org.jetbrains.kotlin.gradle.plugin.mpp.KotlinTargetSoftwareComponentImplKt      : loaded 2 times (x 71B)
Class org.jetbrains.kotlin.gradle.targets.js.dsl.KotlinJsSubTargetContainerDsl        : loaded 2 times (x 70B)
Class org.jetbrains.kotlin.tooling.core.MutableExtrasImpl$Companion                   : loaded 2 times (x 71B)
Class org.jetbrains.kotlin.gradle.plugin.KotlinGradleBuildServices$Companion$registerIfAbsent$1: loaded 2 times (x 75B)
Class org.jetbrains.kotlin.statistics.fileloggers.MetricsContainer                    : loaded 2 times (x 77B)
Class org.jetbrains.kotlin.gradle.plugin.internal.ProjectIsolationStartParameterAccessor: loaded 2 times (x 70B)
Class org.jetbrains.kotlin.gradle.utils.StoredProperty                                : loaded 2 times (x 70B)
Class com.google.common.collect.Iterators$MergingIterator                             : loaded 2 times (x 81B)
Class org.gradle.internal.installation.GradleInstallation                             : loaded 2 times (x 75B)
Class org.jetbrains.kotlin.compilerRunner.CompilerSystemPropertiesService$Companion   : loaded 2 times (x 71B)
Class com.google.common.io.LineReader                                                 : loaded 2 times (x 72B)
Class org.objectweb.asm.commons.ModuleRemapper                                        : loaded 2 times (x 81B)
Class org.jetbrains.kotlin.incremental.storage.InlineFunctionOrAccessorExternalizer   : loaded 2 times (x 76B)
Class org.jetbrains.kotlin.gradle.plugin.KotlinCompilerArgumentsProducer$ContributeCompilerArgumentsContext: loaded 2 times (x 70B)
Class build_e83re7lfp4q6v039kupiaorhy$_run_closure1$_closure3                         : loaded 2 times (x 139B)
Class build_dfi0xi181mmyyfdrvn9m88km$_run_closure1$_closure2                          : loaded 2 times (x 139B)
Class [Lcom.google.common.hash.Hashing$ChecksumType;                                  : loaded 2 times (x 69B)
Class org.jetbrains.kotlin.daemon.common.CompileService$TargetPlatform                : loaded 2 times (x 79B)
Class org.jetbrains.kotlin.gradle.logging.GradlePrintingMessageCollector$WhenMappings : loaded 2 times (x 71B)
Class org.jetbrains.kotlin.daemon.common.CompileService$CallResult$Dying              : loaded 2 times (x 72B)
Class org.jetbrains.kotlin.daemon.common.CompileService                               : loaded 2 times (x 70B)
Class org.jetbrains.kotlin.daemon.client.KotlinCompilerClient$DaemonSearchResult      : loaded 2 times (x 70B)
Class org.jetbrains.kotlin.daemon.common.DaemonJVMOptions$mappers$3                   : loaded 2 times (x 137B)
Class org.jetbrains.kotlin.gradle.tasks.KotlinCompile$createCompilerArguments$1       : loaded 2 times (x 79B)
Class [Lorg.jetbrains.kotlin.gradle.plugin.KotlinCompilerArgumentsProducer$ArgumentType;: loaded 2 times (x 69B)
Class com.google.common.collect.LexicographicalOrdering                               : loaded 2 times (x 115B)
Class org.jetbrains.kotlin.gradle.dsl.KotlinJvmCompile$DefaultImpls                   : loaded 2 times (x 71B)
Class com.google.common.collect.ElementTypesAreNonnullByDefault                       : loaded 2 times (x 70B)
Class org.jetbrains.kotlin.gradle.plugin.mpp.compilationImpl.factory.KotlinCompilationImplFactory$create$1: loaded 2 times (x 75B)
Class org.jetbrains.kotlin.gradle.tasks.KotlinJavaToolchain                           : loaded 2 times (x 70B)
Class org.jetbrains.kotlin.gradle.plugin.BuildFinishFlowAction                        : loaded 2 times (x 74B)
Class org.jetbrains.kotlin.statistics.metrics.BooleanMetrics$Companion                : loaded 2 times (x 71B)
Class org.jetbrains.kotlin.gradle.plugin.internal.CompatibilityConventionRegistrar    : loaded 2 times (x 70B)
Class com.google.common.collect.Iterables                                             : loaded 2 times (x 71B)
Class org.jetbrains.kotlin.config.LanguageFeature$State                               : loaded 2 times (x 82B)
Class jdk.internal.jimage.decompressor.ResourceDecompressor$StringsProvider           : loaded 2 times (x 70B)
Class org.jetbrains.kotlin.incremental.classpathDiff.AccessibleClassSnapshotExternalizer: loaded 2 times (x 76B)
Class org.jetbrains.org.objectweb.asm.tree.MethodNode$1                               : loaded 2 times (x 209B)
Class build_qvmh7tos5fcqco87hjzw0b9h$_run_closure1                                    : loaded 2 times (x 139B)
Class org.jetbrains.kotlin.incremental.classpathDiff.BasicClassInfo$Companion         : loaded 2 times (x 71B)
Class build_dfi0xi181mmyyfdrvn9m88km                                                  : loaded 2 times (x 181B)
Class org.jetbrains.kotlin.daemon.common.CompileService$CallResult$Ok                 : loaded 2 times (x 72B)
Class org.jetbrains.kotlin.daemon.client.KotlinCompilerClient                         : loaded 2 times (x 71B)
Class org.jetbrains.kotlin.daemon.common.FileSystem                                   : loaded 2 times (x 71B)
Class org.jetbrains.kotlin.gradle.plugin.statistics.CompilerArgumentMetrics           : loaded 2 times (x 71B)
Class org.jetbrains.kotlin.incremental.FileUtilsKt                                    : loaded 2 times (x 71B)
Class [Lorg.objectweb.asm.ConstantDynamic;                                            : loaded 2 times (x 69B)
Class org.jetbrains.kotlin.gradle.plugin.mpp.KotlinJvmCompilation                     : loaded 2 times (x 200B)
Class org.jetbrains.kotlin.gradle.plugin.KotlinCompilation$Companion                  : loaded 2 times (x 71B)
Class com.google.common.collect.Lists$RandomAccessReverseList                         : loaded 2 times (x 200B)
Class org.jetbrains.kotlin.konan.target.KonanTarget$WATCHOS_ARM64                     : loaded 2 times (x 78B)
Class org.jetbrains.kotlin.konan.target.KonanTarget$MACOS_ARM64                       : loaded 2 times (x 78B)
Class org.jetbrains.kotlin.gradle.plugin.diagnostics.checkers.OverriddenKotlinNativeHomeChecker: loaded 2 times (x 74B)
Class org.jetbrains.kotlin.gradle.artifacts.KotlinJvmJarArtifactKt$KotlinJvmJarArtifact$1: loaded 2 times (x 74B)
Class org.jetbrains.kotlin.gradle.artifacts.KotlinLegacyCompatibilityMetadataArtifactKt: loaded 2 times (x 71B)
Class org.jetbrains.kotlin.gradle.targets.native.SetupEmbedAndSignAppleFrameworkTaskSideEffectKt: loaded 2 times (x 71B)
Class org.jetbrains.kotlin.gradle.plugin.KotlinProjectSetupActionKt$KotlinProjectSetupCoroutine$1: loaded 2 times (x 75B)
Class org.jetbrains.kotlin.gradle.dsl.ToolchainSupport$Companion                      : loaded 2 times (x 71B)
Class org.jetbrains.kotlin.gradle.plugin.KotlinSourceSet                              : loaded 2 times (x 70B)

---------------  S Y S T E M  ---------------

OS:
 Windows 11 , 64 bit Build 26100 (10.0.26100.8246)
OS uptime: 0 days 5:16 hours
Hyper-V role detected

CPU: total 16 (initial active 16) (16 cores per cpu, 2 threads per core) family 25 model 68 stepping 1 microcode 0xa404107, cx8, cmov, fxsr, ht, mmx, 3dnowpref, sse, sse2, sse3, ssse3, sse4a, sse4.1, sse4.2, popcnt, lzcnt, tsc, tscinvbit, avx, avx2, aes, erms, clmul, bmi1, bmi2, adx, sha, fma, vzeroupper, clflush, clflushopt, hv, rdtscp, rdpid, fsrm, f16c, cet_ss
Processor Information for the first 16 processors :
  Max Mhz: 3100, Current Mhz: 3100, Mhz Limit: 3100

Memory: 4k page, system-wide physical 16202M (1002M free)
TotalPageFile size 45342M (AvailPageFile size 105M)
current process WorkingSet (physical memory assigned to process): 2840M, peak: 2944M
current process commit charge ("private bytes"): 3145M, peak: 3145M

vm_info: OpenJDK 64-Bit Server VM (21.0.8+-14196175-b1038.72) for windows-amd64 JRE (21.0.8+-14196175-b1038.72), built on 2025-10-01T10:24:33Z by "builder" with MS VC++ 16.10 / 16.11 (VS2019)

END.
